"sequence","legacy_sha","public_sha","author_date","subject"
"1","ed23b8344a1ac9c750a7febeb9ff87a2c604215a","0c3d4652d1557d90d3fff3f92bbba843112b4e34","2026-07-13T06:33:33+08:00","Add Stage 0 ALNS baseline harness"
"2","2153a8e72c68c34c1fd9df8d9b8004de92266432","3e9fa909451a05968c93117031cec532041c02eb","2026-07-13T06:45:50+08:00","Freeze Stage 0 ALNS baseline artifacts"
"3","f6b3eb5defbbccb39c34f6ada551f7bc78c3abe7","b3c6e2fc093dea7ae50e71862a0e08d2e790fbb7","2026-07-13T07:31:41+08:00","Implement Stage 1 lexicographic objective"
"4","6c87d86799ad6b6b07993e68e6aec718e0c43588","a5a98440b1b92dfcb64d759e7ffdbce08e12f2bf","2026-07-13T07:39:02+08:00","Record Stage 1 objective experiments"
"5","c5e2c16a8e5bd2a0c846221481f094608b0a6fb2","bebb8e4c186ea8cf6f8e3ede1bf9ea4d2b1216b2","2026-07-13T07:51:06+08:00","Harden Stage 1 objective verification"
"6","742775c7652e9b021c05a2a6e9aaadfe585d5140","a76c8c84a8addefcbc22fe390a0f51a5c0308bba","2026-07-13T07:57:39+08:00","Refresh Stage 1 results after review"
"7","e8d22bf4472e0e9a30d772344166fc70166eff0a","bc3e92b4a9e41e316f05915053e2f81240c3ca86","2026-07-13T08:57:47+08:00","Implement Stage 2.1 route reduction operators"
"8","372df9a4ad38149d0945b05cce3d1533e3d28c5f","6a8fffa17056ee91e23505b3b7141bf032cbb294","2026-07-13T09:05:14+08:00","Bound repair with safe route prefilters"
"9","d44f451a9a7f7c347ef1c6229ca42e10b2c7e9ef","af21b2e588b49991db0228f7640deba0e8fb6c24","2026-07-13T09:18:14+08:00","Record Stage 2.1 acceptance evidence"
"10","5c6c15eacaf8c7a37e8b4a954c18a6cd1e809840","9e65e3d1e3ffd6a6af9b6e2643687225f76a5feb","2026-07-13T14:39:26+08:00","Implement Stage 2.2 cross-route quality operators"
"11","96a630730e2cb3a435ed93a3b71f1df912eb93c6","d8eca2432a565dad9b4ee9758df62d9f89a68ced","2026-07-13T14:59:20+08:00","Preserve Stage 2.1 search during quality probes"
"12","6870b3125e9170a47246ec7333dbe382b7a0d854","b71156fca6d16ce82c744de4049db3dbdac45de3","2026-07-13T15:15:00+08:00","Record Stage 2.2 acceptance evidence"
"13","ddf05d4ffd2cd07743656494db1a0beaf459ef39","e2cf211fb465cb9297469d7a693b3cc19156a56a","2026-07-13T21:36:45+08:00","Implement Stage 2.3 constraint-guided search and audit"
"14","c331dbe8de7d85e72e6d4cfc7dd135b2f3451e07","a0bd78bd355efd970db3a34cd2848138fe462e4c","2026-07-13T23:01:15+08:00","Implement Stage 3.0 measurement and replay audit"
"15","2d4591ca9cf7515f65cc89c5394e93d335e2840f","8191d20d1b952f4f0d485db351e6642212914afd","2026-07-13T23:09:33+08:00","Preserve Stage 3.0 trajectory during measurement"
"16","c683cc56f7787411b7b7e8e439479e917f9f1d54","88c7255f3b27c9d02766e6ce290f46cd2e3f7ae8","2026-07-13T23:24:33+08:00","Harden Stage 3.0 replay gates and provenance"
"17","9f211b67968e59dc04e8e31591ad4204114bd6ab","bc60d3778d8900dd5eb64d035e70741cb5d247e0","2026-07-13T23:30:54+08:00","Align Stage 3.0 environment hash replay"
"18","44b932fba181327b08895693ec5b3fd78831a818","df59940b2c82df450bc003e94caff0c1b4574590","2026-07-13T23:35:57+08:00","Record Stage 3.0 smoke04 audit summaries"
"19","147ff86b0d4a88e2bee3dca48eca88527043a8ec","89e3d534ac8cd53b9120d17920745217557a4006","2026-07-13T23:42:06+08:00","Record Stage 3.0 formal audit summaries"
"20","9a409f8b62a7fe04b4083ef0a7784b7de3c783a6","ed6550e94c5d83747f02801adfc1ecc37fb3e3ce","2026-07-14T04:58:18+08:00","Implement Stage 3.1 cheap screening"
"21","7795e513917e401340cdb217b3f5ac30011cf67e","a35f3dc44692d9d9804886748d62cee2062cad1e","2026-07-14T05:08:57+08:00","Optimize Stage 3.1 replay audit"
"22","5c9091b326743426b6597184ce8939d58e2d4450","3ca3831e468e611da7e9559f7028a95186606c6c","2026-07-14T05:23:40+08:00","Harden Stage 3.1 screening audit"
"23","9967f1a92bba2e3d0c583e4a912afa80e9731f02","5c106c3a54100fc64183d22f8863a22201ef9739","2026-07-14T05:25:48+08:00","Verify published Stage 3.0 baseline aliases"
"24","0c7b67d6f0b038d803ac018fe78d827ff85f93da","49890c876a6b01911b3c73858b8b8f2c5128cb15","2026-07-14T05:33:57+08:00","Record Stage 3.1 smoke audit"
"25","1f43a04c7f37d7a7cc788dd882e839e71adda175","b20c6ef5ccbccd080cbbb25e025e6a0515a7525b","2026-07-14T05:44:31+08:00","Record Stage 3.1 formal audit"
"26","781255781b308c198b4d57e6dbb6966cc5ccd560","e031bd67a09d39214623dae59b275a63ab4869de","2026-07-14T06:35:51+08:00","Normalize Stage 3 artifact registries and legacy mappings"
"27","c38467d7c2f35206956dafa111152a3c4b8f5a76","5f659ae155ce994b38ab47ef0474131a1dcb63fc","2026-07-14T07:27:59+08:00","Implement Stage 3.2 cache incremental audit"
"28","0c121264879fd862f181804be534d0f272a1e995","902259c20254ce260cc2adcebdbdf8d94c487aa9","2026-07-14T07:41:12+08:00","Stream Stage 3.2 replay audit"
"29","468b2d71040b4d7e583c02ca2036c393a50a94c5","1775e408dd6f292836212ac25153f96aa51c0406","2026-07-14T07:43:01+08:00","Avoid replay event materialization"
"30","3fff97efc7964e4c8d594be461204051df9d505b","43335f59ae6de05eef31f7233049b6791832fce3","2026-07-14T08:27:02+08:00","Record initial Stage 3.2 formal evidence"
"31","08c989d5486b4769854f427fab461b9f1bcad2ae","1cf79eb398316b80ddb1948b410a79fe6366dbd1","2026-07-14T08:36:14+08:00","Harden Stage 3.2 cache audit"
"32","f19040674681e87378f7c1e1c41a54f2b6e6eed9","3ced54afd128c24a242173273b41445dff73e619","2026-07-14T08:51:22+08:00","Fix Stage 3.2 unchanged cache-hit audit"
"33","beadd9fc6fc167338f80eea73d9113112c0268b8","adb440ec358e5db56f64da09542b867bb464d602","2026-07-14T09:07:39+08:00","Prevent unchanged exact calls in Stage 3.2 refinement"
"34","b6ec757c5b8a3290a274d28c5be11923beb06edb","99f6a7cb560e6313ed655e286d45e61f0cf6ea06","2026-07-14T09:19:27+08:00","Mark destroyed refinement routes as changed"
"35","029fc2428cfc6afaaf20277be619010761b009cd","24df77f0bfe9f8219a7068c123baba4c6175da39","2026-07-14T09:54:37+08:00","Publish Stage 3.2 cache incremental evidence"
"36","658497a361c6e751e572827ba9ada82375d747e5","af3ee705cc7305efb3ea99a20d80ef68378af5e4","2026-07-14T11:40:37+08:00","Implement Parquet artifact storage policy v2"
"37","f8eea20db7607e501c96c9f5947811bf84b37722","19a2a136a92dc630d533ffa9c8ce525b69c0b8d8","2026-07-14T13:14:57+08:00","Add Metal exact charging pilot"
"38","f9896c8a1d3a8a7a2c8c06dfc344a2f8aa43af83","6d6eb24abee0e5bfc420022b12d72388aadbefad","2026-07-14T18:04:50+08:00","Replace Metal pilot with CPU batch acceleration"
"39","a35a2b7723dc0e491ba70bbacb76b37bdb47e6be","58feb1cff7c609a277ad7ea3337c4a1d3c1ba498","2026-07-14T18:34:54+08:00","Ignore local staged-improvement roadmap"
"40","bd562826da490f76c40c6a2da1ee9e805e7b0a43","9f377eac3de641d3844b079c4d4b1dd3ddb2ee88","2026-07-14T19:11:03+08:00","Implement Stage 3.3 exact deadline diagnostics"
"41","0f13fda808f304533631f7ecd6bd09be44cbd817","910e671aef49d5595f50e08b31fbeea3e952fa75","2026-07-14T19:14:43+08:00","Handle single-route exact deadline checkpoints"
"42","f1df080cb4589c292f3eb8e7192b50a5caeb696a","b4e93dc2ae6aaf199b9a4ba61775befc4a3d7065","2026-07-14T19:26:57+08:00","Reconcile Stage 3.3 exact-call accounting"
"43","a87ac29efa10c0b11b1ede098a77dd5f2632d3ba","8b9b6dda1956a66e17d44a4edf18bf37192260e3","2026-07-14T19:40:51+08:00","Enforce global exact-budget transaction boundary"
"44","a4a4aa3b63c81973f6ac21dc4d88150ff941ea01","f0b58bc68a44638a0e4e90154f0218d8efbe7709","2026-07-14T19:53:14+08:00","Use candidate-state authority at budget boundaries"
"45","be934be28be26f9834d28b28f0d04f89fd76773f","60c0ad4e19fe540ddab5887f3108f08812081454","2026-07-14T20:28:03+08:00","Publish Stage 3.3 formal review evidence"
"46","56dc0ee5050f94e2f58f5ec4370ffeb008da7841","15a217d243df437f7a89dc496841fcf1982ee494","2026-07-14T20:28:10+08:00","Document accepted Stage 3.3 evidence"
"47","e2f69d44dee76e4761a3f8c02aca34b6224740ed","20032e2645aa8e0f211e329c141b00edfcc72236","2026-07-15T05:32:51+08:00","feat: add stage 3.4 candidate control"
"48","ef2a5b62688af7a36c8a1e1f43bebabac298d96c","90f9729eb36ff606a5fd6322877537e80f9b876e","2026-07-15T05:36:57+08:00","fix: reconcile parallel deadline results"
"49","b0d8f7093dfad252dd6702912e36efa107e8a735","8d6cd176a00789b1ac03dd224ea763514fefdd77","2026-07-15T05:54:07+08:00","fix: aggregate candidate pool diagnostics"
"50","6d886a88f4d9ebbfe06671f248e8b758d06e42df","8fd07a085870de9f9a8f5095c63a524c8c18e115","2026-07-15T06:05:45+08:00","fix: aggregate repair screening evidence"
"51","985ec47fde07c5bef573efd1ae8e4060d4e9c0f8","23d0dc5d0d163a76ccc432e35e6f8d27911b0129","2026-07-15T06:48:55+08:00","fix: preserve candidate transaction semantics"
"52","1b0a51085189a0670f50ee61330dd1652ee5ec97","6cb68d9e322491b523410c728e7169fc3fda1ccd","2026-07-15T07:28:18+08:00","fix: reconcile unchanged candidate routes"
"53","29381559e0ae999ea4dec6fd67452dd2401095a4","ecb0c30278d69873dfa1632ec93009bccfcac94d","2026-07-15T07:51:06+08:00","fix: harden stage 3.4 control audit"
"54","02022e7c7001dfcb51386ceaad806f486786c512","a909b8019bb56d71df667dc089c9d0a3ef2961df","2026-07-15T08:38:18+08:00","fix: inherit audited stage 3.3 incumbent"
"55","8576e685f8294a9b64be4912c0d601e384fe44c7","8b2e9ab0f99814a5b42fb9c8dd944325f007ceea","2026-07-15T08:48:29+08:00","perf: stop exhausted fixed-work candidate search"
"56","c0ae8a41da0e7e06326caf84407730e715628979","791107794107bcc9d376d9ff4776d9d2a04462b2","2026-07-15T09:12:27+08:00","fix(stage034): preserve replay audit evidence"
"57","125ef5e21ddd3a7a0db102c669c62047dc1cce10","306679213856b2bc318b25560cbf43fcb6598734","2026-07-15T12:12:11+08:00","fix(stage034): register warm start protocol and harden reviewer gates"
"58","dcb393c6aceba7e845dc033f2ec864e960279e05","17190c25ed69826135abfdb8c175f5426484d8be","2026-07-15T19:39:05+08:00","fix(stage034): remove stale Stage 3.3 full replay from prerequisite gate"
"59","cfd0479df631be2b37e801348206a66391c7c126","b63a4bd5f0423076d045a3159797c5336be74e97","2026-07-15T20:07:54+08:00","feat(stage034): publish accepted formal evidence READY_FOR_STAGE04"
"60","03f3687d96b5cb261edf2a6341a0b4e2b7e8c72b","d2afad7b7aade7adc66a6d2fcbfd02e1469aeea1","2026-07-15T20:15:11+08:00","fix(stage034): guard stage023 manifest read and fix file handle leak"
"61","4b81350a7c65128877311bb4fdb95d0a3bb7c7bc","d9af5afc2e03b07ce5377493656329e039fb5258","2026-07-15T21:01:37+08:00","feat(stage034): surface route/operator timing and backend batch metrics in review CSVs"
"62","795e82bfa3ddf27b41a4add8ecef2bfea95ad770","28b3924c9a3b9c347507c305cf34d86612883163","2026-07-15T22:11:50+08:00","feat: implement Stage 4 adaptive weights and search control"
"63","aab29a10a2bd20bc2127b37847d3944827f45335","4d284673c415f249b582dd68b70a92ad19c51701","2026-07-15T22:12:28+08:00","fix: correct objective_schema_version in stage04 config"
"64","e0c203e1eed3796feaef0dba87bf31dcbc3e3588","7d1faf19d466d1644307ff0e441650f2c9354b6f","2026-07-15T22:41:08+08:00","fix(stage04): restrict call-sufficiency and six-category gates to wall_clock axes"
"65","f9e7e1e4f26cc6c0e69402cbaa0a46efca4c441b","daad55b14a17e9fb88c798975722c64ea8e6c44f","2026-07-15T23:14:57+08:00","feat(stage04): publish formal adaptive-weights evidence READY_FOR_STAGE05"
"66","dc935320f79257142525ef5f59af8763fe6eeb1c","ca1bc5d42de3e2568fd4ac2dfe35c937680a1ca1","2026-07-16T00:49:38+08:00","feat(stage051): implement best-known values collection and compatibility assessment"
"67","c5dd1368b1a2e5e6c06c965dde76915abe8f48ef","3b6a003bf76553019c6cb8d5805fc1b662ddc4f5","2026-07-16T00:52:17+08:00","feat(stage051): publish best-known evidence READY_FOR_STAGE05_2"
"68","fa76a76cefd9beec192018e09abef04bc1bdd475","f735cb61d862a20bd0dfd397963ffd4359ee8033","2026-07-16T18:49:43+08:00","fix(stage04-stage051): harden evidence replay gates"
"69","19b4e141b2217bfa4db928d06783c27ae155bf93","e48bdded3950b574ff9a7bec82ed32df6556d092","2026-07-16T20:12:20+08:00","publish(stage04): accept v2 formal evidence"
"70","c3009da3ee33cabc1eb353e171fb64f08d008f23","e561dbc053b02b9c72a0f74fa3dcac48609fcd95","2026-07-16T20:15:01+08:00","publish(stage05.1): accept canonical v2 evidence"
"71","49220b3ecb09cc9077cb69b7b07924b6076a5239","61bf20273c6f2afd7e68fad24fce577d30c341fc","2026-07-16T20:18:10+08:00","chore(stage04): close static typing gaps"
"72","1481a434019c727e44eb6bc788e34de6f195f113","fcdcd4b6a43f39f7e0c415b72ccc2f2bf7669394","2026-07-16T20:31:57+08:00","fix(stage04-stage051): enforce independent v3 evidence gates"
"73","86c30c2b1c74e78a2447da5b218b34a8ab66edbd","405132551e9d6c21026ec813cea410bb49baf38d","2026-07-16T21:29:12+08:00","publish(stage04): accept strict v3 evidence"
"74","27c78dbef2860bebe6e867261557df931a16afd7","c1549d82957848856313a39f92f68f77ef1e3268","2026-07-16T21:32:10+08:00","publish(stage05.1): accept strict v3 evidence"
"75","e1acf9e742217c10c9af1188940747e2d5f03336","d2980dfc9b5231aa7d627c823fa89a295063fb9c","2026-07-16T21:44:26+08:00","fix(stage04): enforce complete segment evidence"
"76","02d7d2f06fa78f401d1b32e9bda549ee99aea73c","e4434e9f86d842d63c40abef9a484416748ec987","2026-07-16T21:48:10+08:00","fix(stage04): classify interrupted operator calls"
"77","ec8705843d7c0e842a9621985107880c9e22f98d","eb70cab772e0920c212894f6ae4ebce2d89297dc","2026-07-16T21:51:31+08:00","fix(stage04): finish classification at work boundary"
"78","9eb37a8e6a60bd94fbc6bf5c61fa42c7feaa1223","bdf21e5653348b66fff25894b23763d92cb84c01","2026-07-16T22:48:31+08:00","publish(stage04): accept complete v4 evidence"
"79","19afe23a5104d1bc9be4a5a1bd2859c19a09a3fc","a1479ada4aa1f9b5ab0dabf51443b52409a82e96","2026-07-16T22:59:10+08:00","fix(stage04): preserve exact budget boundary semantics"
"80","7ef2450dc9799abc13e4a7bbf919f1824ab4cdd2","fd447459f6150cddf90a72ba67581e730a8abd0e","2026-07-16T23:30:06+08:00","fix(stage04): distinguish state events at budget boundary"
"81","3921aa48a8d524e73a0c56ad41243301c6d314cf","f58e54fa91e14ea47a48872a24ce5f2e72cd5922","2026-07-17T19:38:21+08:00","publish(stage04): accept v5 formal evidence"
"82","2990d6acf6a5315b40f1bb881149deafcb915b34","301fe683f6fcf07d47818e3d7d8ae8263baf681e","2026-07-17T19:40:58+08:00","publish(stage05.1): accept v5 BKS evidence"
"83","9725a5a164c712d789bc3862a64c0dee518a0ba6","38782d91d70c829ad277f04e9d1011375ab11ab2","2026-07-17T19:55:28+08:00","fix(stage04): harden v6 evidence identities"
"84","923e4a9516ca787efc7998363bd43d49cb14b563","700e7de1427f1e2edec3a3424ce39cc4013f6730","2026-07-17T21:02:57+08:00","publish(stage04): accept v6 formal evidence"
"85","38b8497754c1d0653bc3617e54e0088cab6e329a","15005dd558633115ff534a38a879f83fa874af4e","2026-07-17T21:05:56+08:00","publish(stage05.1): accept v6 BKS evidence"
"86","1d861c2077395a1dbfd8c3d40bd2f7baab5c09b2","f84040079f99537ba12b813578cdc67e1213fb25","2026-07-17T21:06:21+08:00","docs: clarify stage05.1 v6 prerequisite"
"87","bd7808e97fd0356e55b2ff792f231fdce6a3c8e9","729c1e72689c4fb19210ac7764d6da349b1fd0a2","2026-07-17T21:06:36+08:00","docs: retire obsolete stage05.1 readiness wording"
"88","22fe4036d75206a63edd69eed2a4edd1a2f1f205","b16d234b2ae58052c02f4c84b011b84c6d4aa9c9","2026-07-17T21:47:07+08:00","docs: define stage 5.2 performance workflow"
"89","bade57a708a4ebe570f99f8f4976c73ac88246ad","5c15aee0cbcd10b972975eaa167aa49b78c66e59","2026-07-18T00:32:51+08:00","feat(stage05.2): implement performance benchmark pipeline"
"90","e0a39bc6326df3b1159f39ee2dca985783d287b9","f9992c43b765bcaf565234a675a78021b019ab24","2026-07-18T00:40:00+08:00","fix(artifacts): ignore AppleDouble metadata during audit"
"91","b664ddaca05098b31c3f9ea526daee0de2934195","359574690ec0cf50b822c6a344fb3507fa50c028","2026-07-18T00:56:34+08:00","fix(stage05.2): isolate component optimization profiles"
"92","20a3319f4718eb11d558cb6b0cf0b424e60e2b97","466e0b6de5142bac76454b67982bebc25efe4c3c","2026-07-18T01:25:06+08:00","fix(stage05.2): attribute persistence by axis work"
"93","fe1f8f0cbc26ad35df443084ea1aae84973b92ba","a4dcc13819be76eb1d94b29cdc715d739348bb12","2026-07-18T02:10:22+08:00","perf(stage05.2): cache python distance hot path"
"94","9ca24a69a0fe7ed2c4c9f7ee24fe461e40d7d5e8","83baa340e10eb68c68444569fd25a4b420a5d65f","2026-07-18T02:14:32+08:00","fix(stage05.2): audit promotion on 100-customer pairs"
"95","4ed585f97ec4057851f9d1965043b0182e046335","bd6948863226c1d670062f8e2d7d4b4592735b39","2026-07-18T06:06:20+08:00","feat(stage05.2): audit streaming storage promotion"
"96","5337f85809f35ba52ac3b990c9f50b8e27a108cf","8933bcaf353317093cff797bbefa910c8bc9d862","2026-07-18T07:30:25+08:00","feat(stage05.2): stream artifact shards within memory budget"
"97","906e3a50a91f68ade447692b4f4d30060efd8da6","6bc92d36ead3527f7c5731811c844b86a3381a48","2026-07-18T07:36:00+08:00","fix(stage05.2): widen streaming route identities"
"98","5a4ba221e4594c8628c9ea335611e92e8c71f010","ec0fbe88eb5fa42ede6cab4eb4abf9710f0f9e1d","2026-07-18T08:42:07+08:00","perf(stage05.2): encode replayable screening definitions"
"99","741f4710491ec06680588a902ff5ebe6f55e4a6f","f7cdc73ff8bad076e25c9404d3af43b56c6e324b","2026-07-18T09:04:38+08:00","docs(stage05.2): accept artifact storage v2"
"100","a2ee1cba1238b4fe9a7653425540b8b1d961e02c","25d884c0ec3afe6a27ec78d9f5c63887fe62ba23","2026-07-18T09:27:44+08:00","feat(stage05.2): bind component prerequisites and resources"
"101","8a60c5726ea0f0b72802a6f0f007caf6701f4bc1","37c2d94cc9ef50ccddee26849655d60521ef739c","2026-07-18T16:24:33+08:00","fix(stage05.2): harden job parallel evidence"
"102","11c96bb7167e1424dc83b496253c11ef6f02b3d3","4b7221cc1175de1b0045c1a657daadfb07352b60","2026-07-18T17:08:10+08:00","perf(stage05.2): parallelize independent replay"
"103","a08fcc8430162bf8974c3fe9ae4323dce2007b47","ba22fdd61a64ec1fa2355685321ede2f2e72231d","2026-07-18T19:17:32+08:00","feat(stage05.2): implement native kernel evidence chain"
"104","0fa40830fb284e75a9097d53e833f6eeda7eff7b","6d619845a2a61dded911305c81a93f35c965e97b","2026-07-18T19:19:57+08:00","fix(stage05.2): tolerate AppleDouble review metadata"
"105","1fa508df56abfe5498c916327c81a98d6e300c39","1639f5e4663ae6d23c8dbdceb4d205c27b0493d1","2026-07-18T20:09:25+08:00","fix(stage05.2): reconcile unique exact route identities"
"106","ca766a035a1c5413c61277f50d6904e3de7f238f","ebbd386d9f99a2b2d8cd35a1ab4e94a93d53d56c","2026-07-18T20:47:43+08:00","fix(stage05.2): match Python compensated route totals"
"107","b5cec42c5859d41b178b7d438492c05da7cfa845","b9f10639b65a4824db5dab37f1183f9ed1a86857","2026-07-18T21:14:12+08:00","docs(stage05.2): record accepted D-F evidence"
"108","206740cb06514932d31d1c2d71c81c8c7325ab73","b9ffe376771a2530c67cf5406c357f3002131797","2026-07-19T04:07:59+08:00","feat(stage05.2): harden evidence campaign chain"
"109","59553ec122fdc24b6ccb86f39dfe5b86d86d5984","16421ed159e7ce916fd9851bbc269de4e7e4ff91","2026-07-19T04:15:11+08:00","fix(packaging): discover repository from wheel runtime"
"110","2a3b5ecd95d5e95f2de28866bb6c628b8027ae52","ab133b6d4a6ce5167681ce7a8aefffa2fcf7268e","2026-07-19T04:28:19+08:00","fix(stage05.2): infer historical E03 screening schema"
"111","007317064812fb53f987110f418f1bf15fc32f52","8c3cee6eb5652e827c4de5b5bd485f8d1f3da2dd","2026-07-19T10:31:17+08:00","fix(stage05.2): bound streaming persistence"
"112","7ebb4f507c6cf39d9d253a137bf197cc755d4752","e49d33e6cdddfdce77ee53fea7c564e4495dd143","2026-07-19T11:13:22+08:00","fix(stage05.2): reconcile streamed event counts"
"113","5fd5796c38d96b34b72b6cb7ce57318252c645e2","3d88e76fa6e93efcb16e207172a0878b28e4db25","2026-07-19T12:42:06+08:00","fix(stage05.2): preserve bounded storage semantics"
"114","077cc04d59635d47bf7decfb51b2a6b53bee2730","1ee66fa304627f7f31ba9e4b3ecd92cdaaca88f7","2026-07-19T13:51:30+08:00","fix(stage05.2): bound neighborhood persistence"
"115","85302b4d4c9548a94b94049538957209c6a7c718","b02a452f1cd57a1fd15e3bec1f4a984be50f7d0c","2026-07-19T14:59:32+08:00","perf(stage05.2): stream typed screening occurrences"
"116","2146cf2e8fc024b69187d3039667fc6c3310e456","cd0d5bbc423a85c76b64a9f4fd5d260678985005","2026-07-19T16:27:11+08:00","perf(stage05.2): batch screening occurrence columns"
"117","2ab36ede543b64b286b1aa12ffd89f4257e74b21","0d212e844cf325392e4b6607abda4440df2b1782","2026-07-19T23:12:07+08:00","perf(stage05.2): complete bounded streaming persistence"
"118","fa829d0f6ad1b681e52e26c94c3e1f11c662aaa0","c60f2fd0ad4b3041e16125a6e22d08bf6dd396ca","2026-07-20T00:33:00+08:00","perf(stage05.2): batch screening transactions"
"119","75400e6fe3b72276e92d7c06adc931ded5ac3609","e4e9fe4b079d8944051e505f68c270cd16c48dd1","2026-07-20T02:21:09+08:00","perf(stage05.2): remove route identity hot-path overhead"
"120","5fba50eb4f8e37b3a38d62b30b383dcb48204041","abe7c798c50f31be7deaf542a404294e356e86ba","2026-07-22T12:54:12+08:00","fix(stage05.2): rebuild Windows WSL2 evidence pipeline"
"121","062f80058e3be7a8f836f3a9532069b787518c55","14909367b97baccd4922f5bda9631ce5612b036a","2026-07-22T13:06:00+08:00","fix(stage05.2): decode localized Windows identity output"
"122","393c270d88ef419fa9793f527a5f7a3d7c559db1","aa89fbb2f238811d3f14ec3bc21cf3e3ff8afce2","2026-07-22T13:53:29+08:00","fix(stage05.2): bind review to external staging root"
"123","12b4c39019e66a4da1f1b90ccc6b6c2dc4be6f93","f80a0856d9759db501892dcd3b73b7de1a878fd1","2026-07-22T14:18:33+08:00","fix(stage05.2): seal persistence review envelopes"
"124","6bd818d0a870e86430ba8fed6bf6474a55f03a31","a781bb06438dca9f4a45d6ceef05ed23de5e6498","2026-07-22T14:36:21+08:00","fix(stage05.2): admit signed campaign lock snapshot"
"125","7f0944e721eec380affcfdb6caf3e8b44fc6aa42","d233acb048d00e2efacac78b6f5e50c78c7bef9d","2026-07-22T14:53:40+08:00","fix(stage05.2): defer local files to snapshot gate"
"126","2e425f64fe48948acef3d8aad1d1d681c4067523","073f2361c6fba033fd3ebca616593fa7ed32e0e7","2026-07-22T17:29:51+08:00","fix(stage05.2): bound reviewer replay memory"
"127","8a73e0604fbc61e5163e902d49f36b5991f2ac71","07a291a616b228933aed382cc6d9262bb9506bcd","2026-07-22T17:47:48+08:00","fix(stage05.2): harden reviewer service receipts"
"128","dec92519fe59b679d34ce61fe3c67db651b0959b","5d997c0c640938383e9ec371c850d945dc4a4cdc","2026-07-22T17:54:37+08:00","fix(stage05.2): seal reviewer runtime provenance"
"129","147d28430250d81a9386a5ecbf4c714b044f3b50","ded893392edd35feb8177d39fc05b1ab15b1a729","2026-07-22T18:00:07+08:00","fix(stage05.2): bind producer-local source files"
"130","8e88e3fd5b4834833080ccc304a6dc261bde34b3","a11aa824432cdef4fae5221978ec5ab69a79732d","2026-07-22T18:04:26+08:00","fix(stage05.2): preserve reviewer venv identity"
"131","992ec918030a598e6bee796568af930bb4ca1bd6","fde9e446b97099d4ed64605df38c87e18d0da59d","2026-07-22T18:10:27+08:00","fix(stage05.2): fail closed on missing cgroup peaks"
"132","8fbf50fc56dfbe602491ae6a1461daeafb311fd7","0b5c23d2edc489e2aecf02aa3c951642267b1631","2026-07-22T19:13:47+08:00","fix(stage05.2): bound semantic mismatch spool"
"133","53db1833223b7699f12965a1b42d0fda9567b735","d6df8c66644b3d3ed62e3f604de609fa3ea0a7ca","2026-07-22T19:44:07+08:00","fix(stage05.2): spool one review bundle at a time"
"134","d39da00b603ceaa52e2de199dbf3cd52090c537e","b581e8b3c8517d0df9fdad66b2c14e3234d5812a","2026-07-22T20:26:45+08:00","fix(stage05.2): bound reviewer page cache"
"135","e6e12e265c72604e210598cb66c7dcbefdd1ab6a","97179b495e10aa4f5bb912897dbe208765a59326","2026-07-22T21:30:28+08:00","fix(stage05.2): bind reviewer interop path"
"136","e722292769c9a848f02d470cb1a1914c6cf665df","942435140d86238bd0da82e7a75911fcbf78d310","2026-07-22T21:47:17+08:00","fix(stage05.2): separate producer review identity"
"137","cea8e70cdfa06580d347b0990561ed10f168a18d","aa591642b89dbe5a990f166fa8371f3affab9b7d","2026-07-22T22:00:49+08:00","fix(stage05.2): preserve failed review retries"
"138","1faf761f0788fdab12fb9fb325d1165f879d3c39","f74efb02ce8fe78732f9700d29da741d3f2bf17f","2026-07-22T22:57:34+08:00","fix(stage05.2): share frozen producer identity replay"
"139","e13bc9a6f8aac78b2fa919dc5f8ba386aa4c72bf","26fa6c3e6200a42ab06d33871c8c4d56b0b32128","2026-07-23T05:23:15+08:00","Harden Stage 5.2 retention and bounded review"
"140","54b6c04b75d2f7d5c0dbb3c2e0de464cad402810","97148f9a08e3fd8bdb16671bee1f13edd8cbda87","2026-07-23T05:59:37+08:00","Close Stage 5.2 review integrity gaps"
"141","e549d9f07d421a4449aa3716f9dd20735bdc854a","60bcb97aac972b93f0d64c16c5780fd2420323f2","2026-07-23T07:37:36+08:00","Archive pre-C Stage 5.2 evidence"
"142","8e93b478067e2ba5eb3128ad697c0aae8d745c4c","b7923d3cc255d5de321e053e5cca19f60141c3b0","2026-07-23T07:46:42+08:00","Replay Stage 5.2 prerequisites from frozen producer roots"
"143","073b6b14b159dd6256b460ab2bb85bd2e33c9e74","a28239ed8aaf3e12feebceea16b4121c17398b87","2026-07-23T08:56:50+08:00","Recognize embedded Stage 5.2 v1 screening evidence"
"144","5024e1ffe90723834328f8a3a452175470da5411","7530b8ab6e6f4d6f5bd9b62f1369bfae4982b9dc","2026-07-23T10:57:33+08:00","Fix Stage 5.2 native evidence hot path"
"145","cffa5a5b3ad3e13637e9c44ea18e2a2fbde7c463","6600cadcffa75242ce84d32642ff474f432858f3","2026-07-23T11:55:49+08:00","Bound Stage 5.2 evidence identity stores"
"146","75cf816f3ce6f0f8b34db7f9243d9189cd5eaa14","549f14aa9701ae85c39a849747849e5e63d28357","2026-07-23T13:58:50+08:00","Audit Stage 5.2 async evidence persistence"
"147","ea1733f4b5d1c0256694af411ab58d5c64075260","40c5ed75d4f9ac160005f7cc8f3bcba10371e37c","2026-07-23T14:38:43+08:00","Stream Stage 5.2 screening evidence by column"
"148","8f148d925bd9b9d48cf5f122b19818add91392ac","1dd0f3ab5bd2a5a51b3c64f78d62bd0c1dfb0e4a","2026-07-23T14:59:21+08:00","Keep Stage 5.2 definition work on writer"
"149","03dac6f64d8a04a9b0064263e5c32a0e3caddd47","5fb9269f059e7e045d9f8790e5fb4a09ebbd972c","2026-07-23T15:20:32+08:00","Raise Stage 5.2 persistence gate to 36 percent"
"150","08d5d7fd2c22d609abf570bf9b3235d251f28c92","38eab59919d611f6a3de5a30ca24ba4c6080d198","2026-07-23T15:34:17+08:00","Replay prepared screening ledger tokens exactly"
"151","93a2bd4c6bce1c0932137db33e08f131565d2099","eb6ab5ac5f6511c5e76638f1d5ac0995e16154f6","2026-07-23T15:58:53+08:00","Bind Stage 5.2 provenance to frozen producer runtime"
"152","0c6bb586efc3486d9c218987cd6c0f30eeaa41d2","40ec22ac5173dd02fc00791ae49b3ff928b0becb","2026-07-23T16:56:12+08:00","Canonicalize native screening diagnostic roundoff"
"153","fdc722764eb1eac9681624b58f36f724da6876c7","f81306eb711a43edc49c98d844db11cd49019218","2026-07-23T17:30:06+08:00","Overlap Stage 5.2 trace preparation with persistence"
"154","caa1b668d05120bc33822968e8588e43a3daf860","c6079166a53b8c35052a67fea1d880e63f6e966c","2026-07-23T18:13:25+08:00","Correct Stage 5.2 overlap attribution"
"155","c9cc8bc831a4e745c4f8c102168c9f04c8d4d538","51637de04fc2018b916a85ac9661a30027e96dec","2026-07-23T21:14:08+08:00","Reduce Stage 5.2 benchmark persistence overhead"
"156","90c36ff019ee19c3dc139ca269f699a9c7ad085a","1e5d86d17f3c5d90422d041906f2df910a69a72e","2026-07-23T21:44:05+08:00","Stream Stage 5.2 route evaluations as typed rows"
"157","4be5425db78f659b2d558222dd318b720ff5bb4f","1ad41488fe5f3f262a9c675c7b0c943d19b23143","2026-07-23T22:14:44+08:00","Pack Stage 5.2 sparse events into native columns"
"158","9386d0eeed0bcdc85e9bcd7e0687a215b85b2685","c923b28a9b179009827601337360efda7b7f5450","2026-07-23T23:04:43+08:00","Pack Stage 5.2 screening transactions natively"
"159","01a9f87bd40be77ffefec5cbed4b8a47baedf37b","d630e7c1a4fa45c259eccda069ddb1c45a31ddad","2026-07-23T23:11:21+08:00","Normalize Stage 5.2 Windows edition locale"
"160","24c6b3d5f3275997d2329ba03b1a6243ddb7c63f","1024569a8fae3fb3be4d150dd3d3e386e4470d35","2026-07-23T23:32:52+08:00","Eliminate duplicate Stage 5.2 definition payloads"
"161","7a8c0edbbd26625df28eb36b700d147529ad9310","3501984c4e83ccf54be9daa6bc83631aa3dcbdbc","2026-07-24T00:06:14+08:00","Reduce Stage 5.2 route persistence overhead"
"162","fe35cd97169172db6b6ecb644a889a3c51837c2e","8090e3be0320d86889f1e24ff946d012211b1832","2026-07-24T01:37:00+08:00","Optimize exact Stage 5.2 screening identity cache"
"163","9d72dd938737339918590bead6a09ea1baf5c18e","eb4ed1810841b4e479866a83114b84068aff69e4","2026-07-24T02:03:45+08:00","Stabilize Stage 5.2 high-volume row groups"
"164","c17e0dc31beb4254807e01cc3ba89ae9a419a413","7adce71575b40681eea205906d53e7a3b4fbdcdc","2026-07-24T03:07:25+08:00","Reuse exact negative screening evidence identity"
"165","9834400fd3b08731fd18079d64ac91c948400045","07725c3e37d89901f1830c6851cff65c216e8d6f","2026-07-24T03:22:33+08:00","Stabilize Windows runtime identity across locales"
"166","72651daf10f8f5a2977e4d4eee85cbfef4796475","731bedd79a48c46fb83f04971bfadf52eea9e5c0","2026-07-24T03:43:56+08:00","Persist complete global-best route identity"
"167","2bf676ab0fd39ec2be040217339f4216e04f1c60","a5cc39d4efdefcf0ed052e6e93819ed7eaf1c03b","2026-07-24T04:25:20+08:00","Audit Stage 5.2 deadlines per lane"
"168","0df1cd2e10217749f80d5bcc0580dd84657606ae","93e8b7b1fc163be65e492e6ad367c756c87c2d74","2026-07-24T04:54:22+08:00","Use shared Stage 5.2 volume probing"
"169","126a36c0cd0f646347b9803e1ed04f9d59ed2b78","f50fdca5c97172aaedb70344fa5c6f8d1869193e","2026-07-24T05:25:33+08:00","Replay Stage 5.2 capacity reserves from config"
"170","11b674a34999094feba01d1998abe766fa6b9ba9","c71924beb3ca0580e190a2bcc00d276f97d0cf3c","2026-07-24T05:55:02+08:00","Package Stage 5.2 reviewer publication tools"
"171","d426149b7079e10a6407bfa6257bda9c8fc16f65","b9cba85af5df10e71ccb7aac28bb10318f76db50","2026-07-24T06:21:25+08:00","Require Stage 5.2 source snapshot campaign gate"
"172","d176124109c993af6042ca9bd0dcaeb84ec59ce1","0d41061e3e1f65eebf063da16378a4930c69d6b9","2026-07-24T06:51:00+08:00","Verify Stage 5.2 campaign review surface by component"
"173","8023a158b165bd51d763ce99928e3e24f1b49b84","25942a59564aadf208506bbd83ba99c2f68d767d","2026-07-24T07:08:10+08:00","Publish Stage 5.2 campaign optimization profile"
"174","6433e728e165e813eb989ba205fe2ef3a3c9c755","a6b07664bd9a766ea60414727ccdf3ec9498a223","2026-07-24T08:10:22+08:00","Interrupt Stage 5.2 exact transactions at deadline"
"175","8835fb4f10d5a249236d2234a91325ed8af879b5","6555b0166f8895061db478cfbf3e330a274a00d3","2026-07-24T09:17:47+08:00","Correct Stage 5.2 campaign runtime load gate"
"176","4889ad2297e915ba17013c372b759ba16d4704ae","4a166b250479d361f90405c7ad5e64ccd2457fe3","2026-07-24T09:41:24+08:00","Allow audited G-only campaign successors"
"177","082d51f5d19e8848bc55067e896929431c4fee1c","01a0708275fb5e17cc4c60ccb83108e346c1ce3e","2026-07-24T11:22:45+08:00","Serialize Stage 5.2 artifact spill handoff"
"178","e053ba2ef8ab24942bfe02ba2c4c7f8925ffc354","e9ab5e3a6fcd211c1568c5ee0f8eef5608e42646","2026-07-25T13:08:26+08:00","fix(stage052): guard WSL page-cache advisory"
"179","2ef03bb7ec4cd5f7a841c7d177a6f087415bdbbc","1357372c637741c1e1f70b6a37ec9e871294c623","2026-07-25T13:08:35+08:00","fix(stage052): isolate campaign shard replay"
"180","cce91dd2aacf96f6a558d668e1304e270e35546a","7624bb6e1d7d148eb99401ef44a7ff72896af148","2026-07-25T13:30:55+08:00","fix(stage052): attest archive disk migration"
"181","3898e018bc2b85ebefd8a131739ff15f2129591b","ecf8aa834ce3d7f5ebdb4eb7e94a1f14a6b19bd9","2026-07-25T13:49:16+08:00","fix(stage052): separate producer review provenance"
"182","d5be0db1b31118eb5ef894bbfec21ba03de6570f","3f07a9ee183498120d5638ca1a9645908d9dd5b1","2026-07-25T14:02:54+08:00","fix(stage052): bind migration to pilot review"
"183","7795f9291dffd3ea6da4085e4a4983ab5d40c6b7","460b1f774b22bea498bbcf597be7c5dc4045036a","2026-07-25T14:18:43+08:00","fix(stage052): preserve interrupted review binding"
"184","1f0ef3df83ff8388535d3791bc8741d29edbe292","d9c13514ffef1760b4f0a30375b9b53369704921","2026-07-25T14:37:41+08:00","fix(stage052): admit reviewer-only successor paths"
"185","de1ed5752f71039d04aa507f3e0692bd992a0454","e1f8229a05b7f5520805fc7f66b2215f497e3bd3","2026-07-25T14:50:55+08:00","fix(stage052): bind runtime selection to disk migration"
"186","1cb94c97cddf7b60d77591c2a7d81716cfec38de","0fa8f05096abcb2f7c58a9e20ac83dd3dfe7ce38","2026-07-25T14:55:41+08:00","fix(stage052): normalize WSL memory selection"
"187","201f5e7367a2ab32e22bced237d579cc05e549a6","6b9f432c476b8aac8f4d323d58309c39ce371c1b","2026-07-25T15:05:46+08:00","docs(stage052): retain formal startup failures"
"188","c60ab4daf7c7d687c1ccd8fdc548c2ae60cd449a","2f7f36bdd3269062d9fa6135a654b309901414b1","2026-07-25T17:11:21+08:00","fix(stage052): gate runtime CPU on full windows"
"189","edd4aa64b67c0d9521529ae52101f93ff2ab7a99","7c926d6e02ee3114441ea609a9419937a6627ba8","2026-07-25T17:29:10+08:00","fix(stage052): bind migrated successor pilot evidence"
"190","59330d6b9e4e3478f6c89a186950820e1eb3eaf2","0f14f0d9f4d67a20f3ebe0146d60cbf6abce9461","2026-07-25T17:52:29+08:00","fix(stage052): replay migration evidence for successor review"
"191","2c63173bdc3aafff5da00a2e329de9682ee88e2c","c686e72ca16f004d45f217017a50cad2c14c88a8","2026-07-25T17:59:14+08:00","fix(stage052): normalize migrated reviewer runtime"
"192","a1900d35a1a7d9e1e758d68139fa6de01cfc6eec","e6a53053ea14f9e1f213bbc836acd7b480c09f21","2026-07-26T05:07:20+08:00","fix(stage052): recycle formal shard workers"
"193","8125b49c37275633eb02a36db97b0a7cb692d395","94536c09c9f8de829138d7636db362db7c99d9ad","2026-07-26T05:28:04+08:00","test(stage052): keep campaign regression in G scope"
"194","6909e31ab797427f359545f3321ed09bca7b0392","c0767fdb9a96d4905a60e975ff0d64345276e99e","2026-07-26T05:40:40+08:00","perf(stage052): warm fresh shard artifact workers"
"195","08df7bd11db27ba673952fdace280ffcf795345b","26a787a95ecc611a124ceb6815bb458afbe8eec5","2026-07-26T06:06:08+08:00","fix(stage052): honor pause-aware campaign deadlines"
"196","299bed640175224f2ff1034693fed1b41a7af484","d32efea2d16fb4d8fab3c242a51b61a40e30da28","2026-07-26T06:20:25+08:00","fix(stage052): reconcile pre-invocation deadline interrupts"
"197","ed7430496019e40b2a1577b8406f94b6ccca212d","6e81e91aa75dba4dffaa1c89a168f0d90ee250df","2026-07-26T06:32:15+08:00","fix(stage052): replay interrupted exact deadlines"
"198","51d7c6a55b12b7ccba4a0612241aaeeff2577291","b55e730680c43bdba602d80cf6f8d9ec5a471436","2026-07-26T07:15:55+08:00","fix(stage052): isolate fresh workers in waves"
"199","9af8f042c3224c23f9c299bda26d038bb739939d","4531271b66102607e2323e84280bb3defed6fcc8","2026-07-26T10:14:52+08:00","fix(stage052): match runtime load gate to host"
"200","4973a3f21667333cdd3028c04e90d6a025023c3c","c22f57970cfd29181f66ebc613d196a85ac5e051","2026-07-26T18:22:25+08:00","fix(stage052): reject late candidate commits"
"201","8267475d4048adac88b05df604aa1cfdc4423c3a","775789b9261ca40de929c2ed7be70a51c6bdffa2","2026-07-26T18:39:41+08:00","fix(stage052): pin producer deadline exception"
"202","0de25f0ac926fd37071e58f91216b6c5d0d4de1c","8d896b4493e69a21ad09ed78f74d80133dee41cc","2026-07-26T19:19:56+08:00","fix(stage052): match runtime guard to host saturation"
"203","1012288283cba69c127c28b509eb4ecb34221baa","65ca7d8ebab46651cc22ced105ef16148bde14fc","2026-07-26T19:40:28+08:00","fix(stage052): separate batch handoff load history"
"204","823d7c860eb6473db46de6f6dff255e6b4ed5698","b98adbe384bd869c3faf6f19badb1a46702d3644","2026-07-27T07:14:23+08:00","Fix Stage 5.2 SQLite scratch transactions"
"205","9e168218d2e0a821bfb31beadc8bf594ba89910d","74b4bf5ba865eaca8db1604d25a5066357313478","2026-07-27T08:01:53+08:00","Prove Stage 5.2 SQLite spill in Pilot"
"206","a8f6d7a1d8758a435d7a270c4f336d2619726089","5b2ef2a46cb8118db261dcdea15e6d9dc94dc256","2026-07-27T08:47:28+08:00","Record Stage 5.2 terminal deadline evidence"
"207","472480dab9bbebae6de93a78091b6ba5bdf6dba6","b1d9d1c6bce4d1bddaa7554cc58f1c7b1e851daa","2026-07-27T11:33:23+08:00","fix(stage052): tolerate bounded host CPU load"
"208","a5cf00f7580fc2632179495a739a110786ace87d","8b1494e0aa6864a88e37ed700cf686d1165a5320","2026-07-27T11:51:44+08:00","fix(stage052): admit campaign config contract test"
