instance,seed,axis,backend,batch_launches,exact_calls,packing_seconds,total_seconds,transitions,unpacking_seconds,started_calls,completed_calls,interrupted_calls
c101C5,2014,fixed_exact_calls,cpu_batch,13,17,7.308500789804384e-05,0.0037632929961546324,1381,0.00019591600357671268,17,17,0
c101C5,2014,wall_clock,cpu_batch,13,17,6.74150069244206e-05,0.003726207996805897,1381,0.00018591700427350588,17,17,0
c101C5,2015,fixed_exact_calls,cpu_batch,13,17,6.849899727967568e-05,0.0037144190064282157,1381,0.00019649598834803328,17,17,0
c101C5,2015,wall_clock,cpu_batch,13,17,6.28729976597242e-05,0.003878542996972101,1381,0.00018766599168884568,17,17,0
c101C5,2016,fixed_exact_calls,cpu_batch,13,17,6.958399535506032e-05,0.0036400000062712934,1381,0.00018912600717158057,17,17,0
c101C5,2016,wall_clock,cpu_batch,13,17,6.483699326054193e-05,0.003925958986656042,1381,0.00019116600014967844,17,17,0
c101_21,2014,fixed_exact_calls,cpu_batch,99,100,0.001900531966384733,1.173585339976853,613674,0.0032043339997471776,100,100,0
c101_21,2014,wall_clock,cpu_batch,1529,1532,0.02926397987175733,18.74211486598506,9511890,0.04278644300575252,1532,1531,1
c101_21,2015,fixed_exact_calls,cpu_batch,98,100,0.0018007429789577145,1.0884023810067447,570084,0.003012582012161147,100,100,0
c101_21,2015,wall_clock,cpu_batch,1415,1421,0.026022775076853577,17.40514932593578,8866629,0.04046169904904673,1421,1420,1
c101_21,2016,fixed_exact_calls,cpu_batch,99,100,0.0018538840085966513,1.1524255059812276,601280,0.0030876989767421037,100,100,0
c101_21,2016,wall_clock,cpu_batch,1607,1614,0.030072081033722498,19.347945004046778,10196828,0.04442418703183648,1614,1614,0
c104C10,2014,fixed_exact_calls,cpu_batch,41,100,0.0004217099995003082,0.0575002890000178,27374,0.0004942480081808753,100,100,0
c104C10,2014,wall_clock,cpu_batch,1759,2302,0.012476261927076848,1.5757733659520454,693140,0.017353575003653532,2302,2302,0
c104C10,2015,fixed_exact_calls,cpu_batch,41,100,0.00041808299283729866,0.05925600100090378,27374,0.0005501260020537302,100,100,0
c104C10,2015,wall_clock,cpu_batch,1224,1679,0.008120320933812764,1.2333734759449726,503937,0.01387903298746096,1679,1679,0
c104C10,2016,fixed_exact_calls,cpu_batch,41,100,0.00040974900184664875,0.057696622992807534,27374,0.0005105799973534886,100,100,0
c104C10,2016,wall_clock,cpu_batch,1237,1694,0.008010780988115584,1.0872006730096473,501554,0.01381349294751999,1694,1694,0
c106C15,2014,fixed_exact_calls,cpu_batch,76,100,0.0004608710114553105,0.03954829400026938,14962,0.0010340829903725535,100,100,0
c106C15,2014,wall_clock,cpu_batch,1314,1475,0.00805043707441655,0.9157026570283051,312835,0.013332224043551832,1475,1475,0
c106C15,2015,fixed_exact_calls,cpu_batch,76,100,0.0004747960119857453,0.039457127000787295,14962,0.0010228749815723859,100,100,0
c106C15,2015,wall_clock,cpu_batch,1128,1276,0.007046086979244137,0.774916267957451,293440,0.011899068977072602,1276,1276,0
c106C15,2016,fixed_exact_calls,cpu_batch,76,100,0.0004679999874497298,0.03937133300496498,14962,0.0010414549906272441,100,100,0
c106C15,2016,wall_clock,cpu_batch,1339,1502,0.018242166905110935,0.9783471339214884,339236,0.016379519991460256,1502,1502,0
r101_21,2014,fixed_exact_calls,cpu_batch,97,100,0.001363247967674397,0.7475317980097316,415196,0.003062915991904447,100,100,0
r101_21,2014,wall_clock,cpu_batch,1888,1902,0.027732143076718785,16.879416860072524,9382046,0.056044079989078455,1902,1902,0
r101_21,2015,fixed_exact_calls,cpu_batch,97,100,0.001356923999992432,0.7576932980045967,422988,0.0029566680095740594,100,100,0
r101_21,2015,wall_clock,cpu_batch,1846,1860,0.02721724403454573,17.08115429985628,9474052,0.05642891400566441,1860,1860,0
r101_21,2016,fixed_exact_calls,cpu_batch,97,100,0.0013993800057505723,0.76867196299645,421668,0.003187166999850888,100,100,0
r101_21,2016,wall_clock,cpu_batch,1606,1620,0.025221571937436238,16.489625688060187,8973465,0.0530838400736684,1620,1619,1
r103C10,2014,fixed_exact_calls,cpu_batch,68,100,0.00041853899529087357,0.04488120998212253,17162,0.0009482420100539457,100,100,0
r103C10,2014,wall_clock,cpu_batch,634,797,0.0038026910078770015,0.47657075899405754,183653,0.007304048009245889,797,797,0
r103C10,2015,fixed_exact_calls,cpu_batch,68,100,0.0004094159958185628,0.04208292200200958,16156,0.0009748299853526987,100,100,0
r103C10,2015,wall_clock,cpu_batch,947,1135,0.006382995044987183,0.663954069972533,258441,0.009263026997359702,1135,1135,0
r103C10,2016,fixed_exact_calls,cpu_batch,68,100,0.0004202089949103538,0.04485916300473036,17168,0.0009854990130406804,100,100,0
r103C10,2016,wall_clock,cpu_batch,727,863,0.004320458028814755,0.503617855032644,193873,0.007427308093610918,863,863,0
r105C15,2014,fixed_exact_calls,cpu_batch,89,100,0.0005822099956276361,0.08517737898728228,36974,0.001267870975425467,100,100,0
r105C15,2014,wall_clock,cpu_batch,361,374,0.0024605510297988076,0.31971291503941757,140358,0.004488915037654806,374,374,0
r105C15,2015,fixed_exact_calls,cpu_batch,89,100,0.0005011319917684887,0.0759212900120474,36730,0.0011560739949345589,100,100,0
r105C15,2015,wall_clock,cpu_batch,401,413,0.003253909984778147,0.3320736420173489,159573,0.004030739994050236,413,413,0
r105C15,2016,fixed_exact_calls,cpu_batch,89,100,0.0004978329925506841,0.0769979629876616,37490,0.0010395359968242701,100,100,0
r105C15,2016,wall_clock,cpu_batch,440,454,0.003378305038495455,0.36108880404935917,174056,0.0041100239868683275,454,454,0
r105C5,2014,fixed_exact_calls,cpu_batch,18,22,8.824799442663789e-05,0.003712876005010912,1406,0.00017537499297759496,22,22,0
r105C5,2014,wall_clock,cpu_batch,18,22,8.604199683759362e-05,0.00371983499644557,1406,0.00016078900443972088,22,22,0
r105C5,2015,fixed_exact_calls,cpu_batch,18,22,9.029199281940237e-05,0.0037518759854719974,1406,0.00017478900190326385,22,22,0
r105C5,2015,wall_clock,cpu_batch,18,22,8.674698619870469e-05,0.0037298739989637397,1406,0.0001602509946678765,22,22,0
r105C5,2016,fixed_exact_calls,cpu_batch,18,22,8.712399721844122e-05,0.0037763759901281446,1406,0.00017808299526222982,22,22,0
r105C5,2016,wall_clock,cpu_batch,18,22,8.633498873678036e-05,0.0036372920003486797,1406,0.00015862500367802568,22,22,0
rc101_21,2014,fixed_exact_calls,cpu_batch,97,100,0.0015446669895027298,0.8446200499929546,478232,0.002761711977655068,100,100,0
rc101_21,2014,wall_clock,cpu_batch,2085,2133,0.03653803410270484,20.7937552269359,11789307,0.05930445397098083,2133,2132,1
rc101_21,2015,fixed_exact_calls,cpu_batch,97,100,0.0015319629965233617,0.842737249986385,473242,0.003006372007803293,100,100,0
rc101_21,2015,wall_clock,cpu_batch,1920,1985,0.03208709303726209,19.57084985504116,11017556,0.05938035710641998,1985,1984,1
rc101_21,2016,fixed_exact_calls,cpu_batch,97,100,0.0015884210224612616,0.8466152049986704,475814,0.002852745008567581,100,100,0
rc101_21,2016,wall_clock,cpu_batch,1981,2039,0.03280745005395147,20.336369008102338,11521709,0.059954588185064495,2039,2039,0
rc102C10,2014,fixed_exact_calls,cpu_batch,90,100,0.00044159399476484396,0.02730158301346819,11788,0.0007691250211792067,100,100,0
rc102C10,2014,wall_clock,cpu_batch,121,136,0.0006038760184310377,0.04059475798931089,17030,0.0011562489780772012,136,136,0
rc102C10,2015,fixed_exact_calls,cpu_batch,86,100,0.00044454398448579013,0.02893896103341831,12306,0.0009400809940416366,100,100,0
rc102C10,2015,wall_clock,cpu_batch,108,123,0.001715962978778407,0.037364300984336296,15415,0.0010613319900585338,123,123,0
rc102C10,2016,fixed_exact_calls,cpu_batch,90,100,0.0005166260125406552,0.029036295010882895,12502,0.0008373709933948703,100,100,0
rc102C10,2016,wall_clock,cpu_batch,125,138,0.0007924979909148533,0.04024854702947778,17246,0.0011966220299655106,138,138,0
rc103C15,2014,fixed_exact_calls,cpu_batch,46,100,0.0004068349844601471,0.043002040998544544,21412,0.0007883740108809434,100,100,0
rc103C15,2014,wall_clock,cpu_batch,724,867,0.004360555991297588,0.4499568509963865,216575,0.007154298051318619,867,867,0
rc103C15,2015,fixed_exact_calls,cpu_batch,46,100,0.000408456995501183,0.04301650099296239,21412,0.0007854170071368571,100,100,0
rc103C15,2015,wall_clock,cpu_batch,685,828,0.004027704995678505,0.42663039197577746,207144,0.006943137963389745,828,828,0
rc103C15,2016,fixed_exact_calls,cpu_batch,46,100,0.000408376996347215,0.04308570997818606,21412,0.0007976219967531506,100,100,0
rc103C15,2016,wall_clock,cpu_batch,720,883,0.004324543064285535,0.45880963592935586,221351,0.00733913002841291,883,883,0
rc105C5,2014,fixed_exact_calls,cpu_batch,19,22,9.366699305246584e-05,0.005795374003355391,2418,0.00022029000319889747,22,22,0
rc105C5,2014,wall_clock,cpu_batch,19,22,9.188001058646478e-05,0.005927956008235924,2418,0.00021729099898948334,22,22,0
rc105C5,2015,fixed_exact_calls,cpu_batch,19,22,0.0001124989939853549,0.005759374991612276,2418,0.00021241799549898133,22,22,0
rc105C5,2015,wall_clock,cpu_batch,19,22,9.745699935592711e-05,0.005838707998918835,2418,0.00020591400607372634,22,22,0
rc105C5,2016,fixed_exact_calls,cpu_batch,19,22,9.587999738869257e-05,0.005856583000422688,2418,0.00022454300051322207,22,22,0
rc105C5,2016,wall_clock,cpu_batch,19,22,8.77090024005156e-05,0.005869291973795043,2418,0.00020279099408071488,22,22,0
