axis,count,instance,reason,seed,status
serial_fixed_exact_calls,14,c101C5,forward_time_window_prefilter,2014,negative_cache_hit
serial_fixed_exact_calls,124,c101C5,,2014,pass
serial_fixed_exact_calls,40,c101C5,time_window_prefilter,2014,prefilter_rejected_aggregate
serial_fixed_exact_calls,29,c101C5,forward_time_window_prefilter,2014,rejected
parallel_fixed_exact_calls,14,c101C5,forward_time_window_prefilter,2014,negative_cache_hit
parallel_fixed_exact_calls,124,c101C5,,2014,pass
parallel_fixed_exact_calls,40,c101C5,time_window_prefilter,2014,prefilter_rejected_aggregate
parallel_fixed_exact_calls,29,c101C5,forward_time_window_prefilter,2014,rejected
serial_wall_clock,14,c101C5,forward_time_window_prefilter,2014,negative_cache_hit
serial_wall_clock,490,c101C5,,2014,pass
serial_wall_clock,280,c101C5,time_window_prefilter,2014,prefilter_rejected_aggregate
serial_wall_clock,29,c101C5,forward_time_window_prefilter,2014,rejected
parallel_wall_clock,14,c101C5,forward_time_window_prefilter,2014,negative_cache_hit
parallel_wall_clock,490,c101C5,,2014,pass
parallel_wall_clock,280,c101C5,time_window_prefilter,2014,prefilter_rejected_aggregate
parallel_wall_clock,29,c101C5,forward_time_window_prefilter,2014,rejected
serial_fixed_exact_calls,14,c101C5,forward_time_window_prefilter,2015,negative_cache_hit
serial_fixed_exact_calls,118,c101C5,,2015,pass
serial_fixed_exact_calls,35,c101C5,time_window_prefilter,2015,prefilter_rejected_aggregate
serial_fixed_exact_calls,29,c101C5,forward_time_window_prefilter,2015,rejected
parallel_fixed_exact_calls,14,c101C5,forward_time_window_prefilter,2015,negative_cache_hit
parallel_fixed_exact_calls,118,c101C5,,2015,pass
parallel_fixed_exact_calls,35,c101C5,time_window_prefilter,2015,prefilter_rejected_aggregate
parallel_fixed_exact_calls,29,c101C5,forward_time_window_prefilter,2015,rejected
serial_wall_clock,14,c101C5,forward_time_window_prefilter,2015,negative_cache_hit
serial_wall_clock,528,c101C5,,2015,pass
serial_wall_clock,280,c101C5,time_window_prefilter,2015,prefilter_rejected_aggregate
serial_wall_clock,29,c101C5,forward_time_window_prefilter,2015,rejected
parallel_wall_clock,14,c101C5,forward_time_window_prefilter,2015,negative_cache_hit
parallel_wall_clock,528,c101C5,,2015,pass
parallel_wall_clock,280,c101C5,time_window_prefilter,2015,prefilter_rejected_aggregate
parallel_wall_clock,29,c101C5,forward_time_window_prefilter,2015,rejected
serial_fixed_exact_calls,14,c101C5,forward_time_window_prefilter,2016,negative_cache_hit
serial_fixed_exact_calls,134,c101C5,,2016,pass
serial_fixed_exact_calls,40,c101C5,time_window_prefilter,2016,prefilter_rejected_aggregate
serial_fixed_exact_calls,29,c101C5,forward_time_window_prefilter,2016,rejected
parallel_fixed_exact_calls,14,c101C5,forward_time_window_prefilter,2016,negative_cache_hit
parallel_fixed_exact_calls,134,c101C5,,2016,pass
parallel_fixed_exact_calls,40,c101C5,time_window_prefilter,2016,prefilter_rejected_aggregate
parallel_fixed_exact_calls,29,c101C5,forward_time_window_prefilter,2016,rejected
serial_wall_clock,14,c101C5,forward_time_window_prefilter,2016,negative_cache_hit
serial_wall_clock,542,c101C5,,2016,pass
serial_wall_clock,260,c101C5,time_window_prefilter,2016,prefilter_rejected_aggregate
serial_wall_clock,29,c101C5,forward_time_window_prefilter,2016,rejected
parallel_wall_clock,14,c101C5,forward_time_window_prefilter,2016,negative_cache_hit
parallel_wall_clock,542,c101C5,,2016,pass
parallel_wall_clock,260,c101C5,time_window_prefilter,2016,prefilter_rejected_aggregate
parallel_wall_clock,29,c101C5,forward_time_window_prefilter,2016,rejected
serial_fixed_exact_calls,6,c101_21,capacity_prefilter,2014,negative_cache_hit
serial_fixed_exact_calls,74,c101_21,forward_time_window_prefilter,2014,negative_cache_hit
serial_fixed_exact_calls,19030,c101_21,,2014,pass
serial_fixed_exact_calls,8368,c101_21,capacity_prefilter,2014,prefilter_rejected_aggregate
serial_fixed_exact_calls,432,c101_21,time_window_prefilter,2014,prefilter_rejected_aggregate
serial_fixed_exact_calls,126,c101_21,capacity_prefilter,2014,rejected
serial_fixed_exact_calls,2692,c101_21,forward_time_window_prefilter,2014,rejected
parallel_fixed_exact_calls,6,c101_21,capacity_prefilter,2014,negative_cache_hit
parallel_fixed_exact_calls,74,c101_21,forward_time_window_prefilter,2014,negative_cache_hit
parallel_fixed_exact_calls,19030,c101_21,,2014,pass
parallel_fixed_exact_calls,8368,c101_21,capacity_prefilter,2014,prefilter_rejected_aggregate
parallel_fixed_exact_calls,432,c101_21,time_window_prefilter,2014,prefilter_rejected_aggregate
parallel_fixed_exact_calls,126,c101_21,capacity_prefilter,2014,rejected
parallel_fixed_exact_calls,2692,c101_21,forward_time_window_prefilter,2014,rejected
serial_wall_clock,6,c101_21,capacity_prefilter,2014,negative_cache_hit
serial_wall_clock,74,c101_21,forward_time_window_prefilter,2014,negative_cache_hit
serial_wall_clock,19072,c101_21,,2014,pass
serial_wall_clock,12552,c101_21,capacity_prefilter,2014,prefilter_rejected_aggregate
serial_wall_clock,648,c101_21,time_window_prefilter,2014,prefilter_rejected_aggregate
serial_wall_clock,126,c101_21,capacity_prefilter,2014,rejected
serial_wall_clock,2692,c101_21,forward_time_window_prefilter,2014,rejected
parallel_wall_clock,6,c101_21,capacity_prefilter,2014,negative_cache_hit
parallel_wall_clock,74,c101_21,forward_time_window_prefilter,2014,negative_cache_hit
parallel_wall_clock,19072,c101_21,,2014,pass
parallel_wall_clock,11506,c101_21,capacity_prefilter,2014,prefilter_rejected_aggregate
parallel_wall_clock,594,c101_21,time_window_prefilter,2014,prefilter_rejected_aggregate
parallel_wall_clock,126,c101_21,capacity_prefilter,2014,rejected
parallel_wall_clock,2692,c101_21,forward_time_window_prefilter,2014,rejected
serial_fixed_exact_calls,6,c101_21,capacity_prefilter,2015,negative_cache_hit
serial_fixed_exact_calls,74,c101_21,forward_time_window_prefilter,2015,negative_cache_hit
serial_fixed_exact_calls,19014,c101_21,,2015,pass
serial_fixed_exact_calls,8368,c101_21,capacity_prefilter,2015,prefilter_rejected_aggregate
serial_fixed_exact_calls,432,c101_21,time_window_prefilter,2015,prefilter_rejected_aggregate
serial_fixed_exact_calls,126,c101_21,capacity_prefilter,2015,rejected
serial_fixed_exact_calls,2692,c101_21,forward_time_window_prefilter,2015,rejected
parallel_fixed_exact_calls,6,c101_21,capacity_prefilter,2015,negative_cache_hit
parallel_fixed_exact_calls,74,c101_21,forward_time_window_prefilter,2015,negative_cache_hit
parallel_fixed_exact_calls,19014,c101_21,,2015,pass
parallel_fixed_exact_calls,8368,c101_21,capacity_prefilter,2015,prefilter_rejected_aggregate
parallel_fixed_exact_calls,432,c101_21,time_window_prefilter,2015,prefilter_rejected_aggregate
parallel_fixed_exact_calls,126,c101_21,capacity_prefilter,2015,rejected
parallel_fixed_exact_calls,2692,c101_21,forward_time_window_prefilter,2015,rejected
serial_wall_clock,6,c101_21,capacity_prefilter,2015,negative_cache_hit
serial_wall_clock,74,c101_21,forward_time_window_prefilter,2015,negative_cache_hit
serial_wall_clock,19068,c101_21,,2015,pass
serial_wall_clock,13598,c101_21,capacity_prefilter,2015,prefilter_rejected_aggregate
serial_wall_clock,702,c101_21,time_window_prefilter,2015,prefilter_rejected_aggregate
serial_wall_clock,126,c101_21,capacity_prefilter,2015,rejected
serial_wall_clock,2692,c101_21,forward_time_window_prefilter,2015,rejected
parallel_wall_clock,6,c101_21,capacity_prefilter,2015,negative_cache_hit
parallel_wall_clock,74,c101_21,forward_time_window_prefilter,2015,negative_cache_hit
parallel_wall_clock,19068,c101_21,,2015,pass
parallel_wall_clock,14644,c101_21,capacity_prefilter,2015,prefilter_rejected_aggregate
parallel_wall_clock,756,c101_21,time_window_prefilter,2015,prefilter_rejected_aggregate
parallel_wall_clock,126,c101_21,capacity_prefilter,2015,rejected
parallel_wall_clock,2692,c101_21,forward_time_window_prefilter,2015,rejected
serial_fixed_exact_calls,6,c101_21,capacity_prefilter,2016,negative_cache_hit
serial_fixed_exact_calls,74,c101_21,forward_time_window_prefilter,2016,negative_cache_hit
serial_fixed_exact_calls,19011,c101_21,,2016,pass
serial_fixed_exact_calls,6276,c101_21,capacity_prefilter,2016,prefilter_rejected_aggregate
serial_fixed_exact_calls,324,c101_21,time_window_prefilter,2016,prefilter_rejected_aggregate
serial_fixed_exact_calls,126,c101_21,capacity_prefilter,2016,rejected
serial_fixed_exact_calls,2692,c101_21,forward_time_window_prefilter,2016,rejected
parallel_fixed_exact_calls,6,c101_21,capacity_prefilter,2016,negative_cache_hit
parallel_fixed_exact_calls,74,c101_21,forward_time_window_prefilter,2016,negative_cache_hit
parallel_fixed_exact_calls,19011,c101_21,,2016,pass
parallel_fixed_exact_calls,6276,c101_21,capacity_prefilter,2016,prefilter_rejected_aggregate
parallel_fixed_exact_calls,324,c101_21,time_window_prefilter,2016,prefilter_rejected_aggregate
parallel_fixed_exact_calls,126,c101_21,capacity_prefilter,2016,rejected
parallel_fixed_exact_calls,2692,c101_21,forward_time_window_prefilter,2016,rejected
serial_wall_clock,6,c101_21,capacity_prefilter,2016,negative_cache_hit
serial_wall_clock,74,c101_21,forward_time_window_prefilter,2016,negative_cache_hit
serial_wall_clock,19053,c101_21,,2016,pass
serial_wall_clock,13598,c101_21,capacity_prefilter,2016,prefilter_rejected_aggregate
serial_wall_clock,702,c101_21,time_window_prefilter,2016,prefilter_rejected_aggregate
serial_wall_clock,126,c101_21,capacity_prefilter,2016,rejected
serial_wall_clock,2692,c101_21,forward_time_window_prefilter,2016,rejected
parallel_wall_clock,6,c101_21,capacity_prefilter,2016,negative_cache_hit
parallel_wall_clock,74,c101_21,forward_time_window_prefilter,2016,negative_cache_hit
parallel_wall_clock,19053,c101_21,,2016,pass
parallel_wall_clock,13598,c101_21,capacity_prefilter,2016,prefilter_rejected_aggregate
parallel_wall_clock,702,c101_21,time_window_prefilter,2016,prefilter_rejected_aggregate
parallel_wall_clock,126,c101_21,capacity_prefilter,2016,rejected
parallel_wall_clock,2692,c101_21,forward_time_window_prefilter,2016,rejected
serial_fixed_exact_calls,5,c104C10,forward_time_window_prefilter,2014,negative_cache_hit
serial_fixed_exact_calls,499,c104C10,,2014,pass
serial_fixed_exact_calls,64,c104C10,time_window_prefilter,2014,prefilter_rejected_aggregate
serial_fixed_exact_calls,9,c104C10,forward_time_window_prefilter,2014,rejected
parallel_fixed_exact_calls,5,c104C10,forward_time_window_prefilter,2014,negative_cache_hit
parallel_fixed_exact_calls,499,c104C10,,2014,pass
parallel_fixed_exact_calls,64,c104C10,time_window_prefilter,2014,prefilter_rejected_aggregate
parallel_fixed_exact_calls,9,c104C10,forward_time_window_prefilter,2014,rejected
serial_wall_clock,5,c104C10,forward_time_window_prefilter,2014,negative_cache_hit
serial_wall_clock,883,c104C10,,2014,pass
serial_wall_clock,456,c104C10,time_window_prefilter,2014,prefilter_rejected_aggregate
serial_wall_clock,9,c104C10,forward_time_window_prefilter,2014,rejected
parallel_wall_clock,5,c104C10,forward_time_window_prefilter,2014,negative_cache_hit
parallel_wall_clock,883,c104C10,,2014,pass
parallel_wall_clock,456,c104C10,time_window_prefilter,2014,prefilter_rejected_aggregate
parallel_wall_clock,9,c104C10,forward_time_window_prefilter,2014,rejected
serial_fixed_exact_calls,4,c104C10,forward_time_window_prefilter,2015,negative_cache_hit
serial_fixed_exact_calls,525,c104C10,,2015,pass
serial_fixed_exact_calls,81,c104C10,time_window_prefilter,2015,prefilter_rejected_aggregate
serial_fixed_exact_calls,10,c104C10,forward_time_window_prefilter,2015,rejected
parallel_fixed_exact_calls,4,c104C10,forward_time_window_prefilter,2015,negative_cache_hit
parallel_fixed_exact_calls,525,c104C10,,2015,pass
parallel_fixed_exact_calls,81,c104C10,time_window_prefilter,2015,prefilter_rejected_aggregate
parallel_fixed_exact_calls,10,c104C10,forward_time_window_prefilter,2015,rejected
serial_wall_clock,4,c104C10,forward_time_window_prefilter,2015,negative_cache_hit
serial_wall_clock,1542,c104C10,,2015,pass
serial_wall_clock,441,c104C10,time_window_prefilter,2015,prefilter_rejected_aggregate
serial_wall_clock,10,c104C10,forward_time_window_prefilter,2015,rejected
parallel_wall_clock,4,c104C10,forward_time_window_prefilter,2015,negative_cache_hit
parallel_wall_clock,1542,c104C10,,2015,pass
parallel_wall_clock,441,c104C10,time_window_prefilter,2015,prefilter_rejected_aggregate
parallel_wall_clock,10,c104C10,forward_time_window_prefilter,2015,rejected
serial_fixed_exact_calls,4,c104C10,forward_time_window_prefilter,2016,negative_cache_hit
serial_fixed_exact_calls,516,c104C10,,2016,pass
serial_fixed_exact_calls,72,c104C10,time_window_prefilter,2016,prefilter_rejected_aggregate
serial_fixed_exact_calls,10,c104C10,forward_time_window_prefilter,2016,rejected
parallel_fixed_exact_calls,4,c104C10,forward_time_window_prefilter,2016,negative_cache_hit
parallel_fixed_exact_calls,516,c104C10,,2016,pass
parallel_fixed_exact_calls,72,c104C10,time_window_prefilter,2016,prefilter_rejected_aggregate
parallel_fixed_exact_calls,10,c104C10,forward_time_window_prefilter,2016,rejected
serial_wall_clock,4,c104C10,forward_time_window_prefilter,2016,negative_cache_hit
serial_wall_clock,1447,c104C10,,2016,pass
serial_wall_clock,527,c104C10,time_window_prefilter,2016,prefilter_rejected_aggregate
serial_wall_clock,10,c104C10,forward_time_window_prefilter,2016,rejected
parallel_wall_clock,4,c104C10,forward_time_window_prefilter,2016,negative_cache_hit
parallel_wall_clock,1447,c104C10,,2016,pass
parallel_wall_clock,527,c104C10,time_window_prefilter,2016,prefilter_rejected_aggregate
parallel_wall_clock,10,c104C10,forward_time_window_prefilter,2016,rejected
serial_fixed_exact_calls,71,c106C15,forward_time_window_prefilter,2014,negative_cache_hit
serial_fixed_exact_calls,904,c106C15,,2014,pass
serial_fixed_exact_calls,252,c106C15,time_window_prefilter,2014,prefilter_rejected_aggregate
serial_fixed_exact_calls,151,c106C15,forward_time_window_prefilter,2014,rejected
parallel_fixed_exact_calls,71,c106C15,forward_time_window_prefilter,2014,negative_cache_hit
parallel_fixed_exact_calls,904,c106C15,,2014,pass
parallel_fixed_exact_calls,252,c106C15,time_window_prefilter,2014,prefilter_rejected_aggregate
parallel_fixed_exact_calls,151,c106C15,forward_time_window_prefilter,2014,rejected
serial_wall_clock,71,c106C15,forward_time_window_prefilter,2014,negative_cache_hit
serial_wall_clock,1504,c106C15,,2014,pass
serial_wall_clock,1260,c106C15,time_window_prefilter,2014,prefilter_rejected_aggregate
serial_wall_clock,151,c106C15,forward_time_window_prefilter,2014,rejected
parallel_wall_clock,71,c106C15,forward_time_window_prefilter,2014,negative_cache_hit
parallel_wall_clock,1504,c106C15,,2014,pass
parallel_wall_clock,1260,c106C15,time_window_prefilter,2014,prefilter_rejected_aggregate
parallel_wall_clock,151,c106C15,forward_time_window_prefilter,2014,rejected
serial_fixed_exact_calls,81,c106C15,forward_time_window_prefilter,2015,negative_cache_hit
serial_fixed_exact_calls,980,c106C15,,2015,pass
serial_fixed_exact_calls,300,c106C15,time_window_prefilter,2015,prefilter_rejected_aggregate
serial_fixed_exact_calls,173,c106C15,forward_time_window_prefilter,2015,rejected
parallel_fixed_exact_calls,81,c106C15,forward_time_window_prefilter,2015,negative_cache_hit
parallel_fixed_exact_calls,980,c106C15,,2015,pass
parallel_fixed_exact_calls,300,c106C15,time_window_prefilter,2015,prefilter_rejected_aggregate
parallel_fixed_exact_calls,173,c106C15,forward_time_window_prefilter,2015,rejected
serial_wall_clock,81,c106C15,forward_time_window_prefilter,2015,negative_cache_hit
serial_wall_clock,2588,c106C15,,2015,pass
serial_wall_clock,1950,c106C15,time_window_prefilter,2015,prefilter_rejected_aggregate
serial_wall_clock,173,c106C15,forward_time_window_prefilter,2015,rejected
parallel_wall_clock,81,c106C15,forward_time_window_prefilter,2015,negative_cache_hit
parallel_wall_clock,2588,c106C15,,2015,pass
parallel_wall_clock,1950,c106C15,time_window_prefilter,2015,prefilter_rejected_aggregate
parallel_wall_clock,173,c106C15,forward_time_window_prefilter,2015,rejected
serial_fixed_exact_calls,71,c106C15,forward_time_window_prefilter,2016,negative_cache_hit
serial_fixed_exact_calls,739,c106C15,,2016,pass
serial_fixed_exact_calls,168,c106C15,time_window_prefilter,2016,prefilter_rejected_aggregate
serial_fixed_exact_calls,151,c106C15,forward_time_window_prefilter,2016,rejected
parallel_fixed_exact_calls,71,c106C15,forward_time_window_prefilter,2016,negative_cache_hit
parallel_fixed_exact_calls,739,c106C15,,2016,pass
parallel_fixed_exact_calls,168,c106C15,time_window_prefilter,2016,prefilter_rejected_aggregate
parallel_fixed_exact_calls,151,c106C15,forward_time_window_prefilter,2016,rejected
serial_wall_clock,71,c106C15,forward_time_window_prefilter,2016,negative_cache_hit
serial_wall_clock,1296,c106C15,,2016,pass
serial_wall_clock,1428,c106C15,time_window_prefilter,2016,prefilter_rejected_aggregate
serial_wall_clock,151,c106C15,forward_time_window_prefilter,2016,rejected
parallel_wall_clock,71,c106C15,forward_time_window_prefilter,2016,negative_cache_hit
parallel_wall_clock,1296,c106C15,,2016,pass
parallel_wall_clock,1428,c106C15,time_window_prefilter,2016,prefilter_rejected_aggregate
parallel_wall_clock,151,c106C15,forward_time_window_prefilter,2016,rejected
serial_fixed_exact_calls,1000,r101_21,forward_time_window_prefilter,2014,negative_cache_hit
serial_fixed_exact_calls,33285,r101_21,,2014,pass
serial_fixed_exact_calls,2171,r101_21,capacity_prefilter,2014,prefilter_rejected_aggregate
serial_fixed_exact_calls,22529,r101_21,time_window_prefilter,2014,prefilter_rejected_aggregate
serial_fixed_exact_calls,2003,r101_21,forward_time_window_prefilter,2014,rejected
parallel_fixed_exact_calls,1000,r101_21,forward_time_window_prefilter,2014,negative_cache_hit
parallel_fixed_exact_calls,33285,r101_21,,2014,pass
parallel_fixed_exact_calls,2171,r101_21,capacity_prefilter,2014,prefilter_rejected_aggregate
parallel_fixed_exact_calls,22529,r101_21,time_window_prefilter,2014,prefilter_rejected_aggregate
parallel_fixed_exact_calls,2003,r101_21,forward_time_window_prefilter,2014,rejected
serial_wall_clock,1000,r101_21,forward_time_window_prefilter,2014,negative_cache_hit
serial_wall_clock,33363,r101_21,,2014,pass
serial_wall_clock,3006,r101_21,capacity_prefilter,2014,prefilter_rejected_aggregate
serial_wall_clock,31194,r101_21,time_window_prefilter,2014,prefilter_rejected_aggregate
serial_wall_clock,2003,r101_21,forward_time_window_prefilter,2014,rejected
parallel_wall_clock,1000,r101_21,forward_time_window_prefilter,2014,negative_cache_hit
parallel_wall_clock,33363,r101_21,,2014,pass
parallel_wall_clock,3006,r101_21,capacity_prefilter,2014,prefilter_rejected_aggregate
parallel_wall_clock,31194,r101_21,time_window_prefilter,2014,prefilter_rejected_aggregate
parallel_wall_clock,2003,r101_21,forward_time_window_prefilter,2014,rejected
serial_fixed_exact_calls,875,r101_21,forward_time_window_prefilter,2015,negative_cache_hit
serial_fixed_exact_calls,31547,r101_21,,2015,pass
serial_fixed_exact_calls,810,r101_21,capacity_prefilter,2015,prefilter_rejected_aggregate
serial_fixed_exact_calls,16290,r101_21,time_window_prefilter,2015,prefilter_rejected_aggregate
serial_fixed_exact_calls,1986,r101_21,forward_time_window_prefilter,2015,rejected
parallel_fixed_exact_calls,875,r101_21,forward_time_window_prefilter,2015,negative_cache_hit
parallel_fixed_exact_calls,31547,r101_21,,2015,pass
parallel_fixed_exact_calls,810,r101_21,capacity_prefilter,2015,prefilter_rejected_aggregate
parallel_fixed_exact_calls,16290,r101_21,time_window_prefilter,2015,prefilter_rejected_aggregate
parallel_fixed_exact_calls,1986,r101_21,forward_time_window_prefilter,2015,rejected
serial_wall_clock,875,r101_21,forward_time_window_prefilter,2015,negative_cache_hit
serial_wall_clock,31685,r101_21,,2015,pass
serial_wall_clock,1530,r101_21,capacity_prefilter,2015,prefilter_rejected_aggregate
serial_wall_clock,30770,r101_21,time_window_prefilter,2015,prefilter_rejected_aggregate
serial_wall_clock,1986,r101_21,forward_time_window_prefilter,2015,rejected
parallel_wall_clock,875,r101_21,forward_time_window_prefilter,2015,negative_cache_hit
parallel_wall_clock,31685,r101_21,,2015,pass
parallel_wall_clock,1530,r101_21,capacity_prefilter,2015,prefilter_rejected_aggregate
parallel_wall_clock,30770,r101_21,time_window_prefilter,2015,prefilter_rejected_aggregate
parallel_wall_clock,1986,r101_21,forward_time_window_prefilter,2015,rejected
serial_fixed_exact_calls,985,r101_21,forward_time_window_prefilter,2016,negative_cache_hit
serial_fixed_exact_calls,32627,r101_21,,2016,pass
serial_fixed_exact_calls,4059,r101_21,capacity_prefilter,2016,prefilter_rejected_aggregate
serial_fixed_exact_calls,33941,r101_21,time_window_prefilter,2016,prefilter_rejected_aggregate
serial_fixed_exact_calls,2001,r101_21,forward_time_window_prefilter,2016,rejected
parallel_fixed_exact_calls,985,r101_21,forward_time_window_prefilter,2016,negative_cache_hit
parallel_fixed_exact_calls,32627,r101_21,,2016,pass
parallel_fixed_exact_calls,4059,r101_21,capacity_prefilter,2016,prefilter_rejected_aggregate
parallel_fixed_exact_calls,33941,r101_21,time_window_prefilter,2016,prefilter_rejected_aggregate
parallel_fixed_exact_calls,2001,r101_21,forward_time_window_prefilter,2016,rejected
serial_wall_clock,985,r101_21,forward_time_window_prefilter,2016,negative_cache_hit
serial_wall_clock,32694,r101_21,,2016,pass
serial_wall_clock,4843,r101_21,capacity_prefilter,2016,prefilter_rejected_aggregate
serial_wall_clock,40757,r101_21,time_window_prefilter,2016,prefilter_rejected_aggregate
serial_wall_clock,2001,r101_21,forward_time_window_prefilter,2016,rejected
parallel_wall_clock,985,r101_21,forward_time_window_prefilter,2016,negative_cache_hit
parallel_wall_clock,32694,r101_21,,2016,pass
parallel_wall_clock,4843,r101_21,capacity_prefilter,2016,prefilter_rejected_aggregate
parallel_wall_clock,40757,r101_21,time_window_prefilter,2016,prefilter_rejected_aggregate
parallel_wall_clock,2001,r101_21,forward_time_window_prefilter,2016,rejected
serial_fixed_exact_calls,33,r103C10,forward_time_window_prefilter,2014,negative_cache_hit
serial_fixed_exact_calls,478,r103C10,,2014,pass
serial_fixed_exact_calls,180,r103C10,time_window_prefilter,2014,prefilter_rejected_aggregate
serial_fixed_exact_calls,81,r103C10,forward_time_window_prefilter,2014,rejected
parallel_fixed_exact_calls,33,r103C10,forward_time_window_prefilter,2014,negative_cache_hit
parallel_fixed_exact_calls,478,r103C10,,2014,pass
parallel_fixed_exact_calls,180,r103C10,time_window_prefilter,2014,prefilter_rejected_aggregate
parallel_fixed_exact_calls,81,r103C10,forward_time_window_prefilter,2014,rejected
serial_wall_clock,33,r103C10,forward_time_window_prefilter,2014,negative_cache_hit
serial_wall_clock,1703,r103C10,,2014,pass
serial_wall_clock,630,r103C10,time_window_prefilter,2014,prefilter_rejected_aggregate
serial_wall_clock,81,r103C10,forward_time_window_prefilter,2014,rejected
parallel_wall_clock,33,r103C10,forward_time_window_prefilter,2014,negative_cache_hit
parallel_wall_clock,1703,r103C10,,2014,pass
parallel_wall_clock,630,r103C10,time_window_prefilter,2014,prefilter_rejected_aggregate
parallel_wall_clock,81,r103C10,forward_time_window_prefilter,2014,rejected
serial_fixed_exact_calls,33,r103C10,forward_time_window_prefilter,2015,negative_cache_hit
serial_fixed_exact_calls,496,r103C10,,2015,pass
serial_fixed_exact_calls,160,r103C10,time_window_prefilter,2015,prefilter_rejected_aggregate
serial_fixed_exact_calls,81,r103C10,forward_time_window_prefilter,2015,rejected
parallel_fixed_exact_calls,33,r103C10,forward_time_window_prefilter,2015,negative_cache_hit
parallel_fixed_exact_calls,496,r103C10,,2015,pass
parallel_fixed_exact_calls,160,r103C10,time_window_prefilter,2015,prefilter_rejected_aggregate
parallel_fixed_exact_calls,81,r103C10,forward_time_window_prefilter,2015,rejected
serial_wall_clock,33,r103C10,forward_time_window_prefilter,2015,negative_cache_hit
serial_wall_clock,1253,r103C10,,2015,pass
serial_wall_clock,670,r103C10,time_window_prefilter,2015,prefilter_rejected_aggregate
serial_wall_clock,81,r103C10,forward_time_window_prefilter,2015,rejected
parallel_wall_clock,33,r103C10,forward_time_window_prefilter,2015,negative_cache_hit
parallel_wall_clock,1253,r103C10,,2015,pass
parallel_wall_clock,670,r103C10,time_window_prefilter,2015,prefilter_rejected_aggregate
parallel_wall_clock,81,r103C10,forward_time_window_prefilter,2015,rejected
serial_fixed_exact_calls,33,r103C10,forward_time_window_prefilter,2016,negative_cache_hit
serial_fixed_exact_calls,364,r103C10,,2016,pass
serial_fixed_exact_calls,70,r103C10,time_window_prefilter,2016,prefilter_rejected_aggregate
serial_fixed_exact_calls,81,r103C10,forward_time_window_prefilter,2016,rejected
parallel_fixed_exact_calls,33,r103C10,forward_time_window_prefilter,2016,negative_cache_hit
parallel_fixed_exact_calls,364,r103C10,,2016,pass
parallel_fixed_exact_calls,70,r103C10,time_window_prefilter,2016,prefilter_rejected_aggregate
parallel_fixed_exact_calls,81,r103C10,forward_time_window_prefilter,2016,rejected
serial_wall_clock,33,r103C10,forward_time_window_prefilter,2016,negative_cache_hit
serial_wall_clock,1540,r103C10,,2016,pass
serial_wall_clock,620,r103C10,time_window_prefilter,2016,prefilter_rejected_aggregate
serial_wall_clock,81,r103C10,forward_time_window_prefilter,2016,rejected
parallel_wall_clock,33,r103C10,forward_time_window_prefilter,2016,negative_cache_hit
parallel_wall_clock,1540,r103C10,,2016,pass
parallel_wall_clock,620,r103C10,time_window_prefilter,2016,prefilter_rejected_aggregate
parallel_wall_clock,81,r103C10,forward_time_window_prefilter,2016,rejected
serial_fixed_exact_calls,101,r105C15,forward_time_window_prefilter,2014,negative_cache_hit
serial_fixed_exact_calls,941,r105C15,,2014,pass
serial_fixed_exact_calls,405,r105C15,time_window_prefilter,2014,prefilter_rejected_aggregate
serial_fixed_exact_calls,182,r105C15,forward_time_window_prefilter,2014,rejected
parallel_fixed_exact_calls,101,r105C15,forward_time_window_prefilter,2014,negative_cache_hit
parallel_fixed_exact_calls,941,r105C15,,2014,pass
parallel_fixed_exact_calls,405,r105C15,time_window_prefilter,2014,prefilter_rejected_aggregate
parallel_fixed_exact_calls,182,r105C15,forward_time_window_prefilter,2014,rejected
serial_wall_clock,101,r105C15,forward_time_window_prefilter,2014,negative_cache_hit
serial_wall_clock,2405,r105C15,,2014,pass
serial_wall_clock,2610,r105C15,time_window_prefilter,2014,prefilter_rejected_aggregate
serial_wall_clock,182,r105C15,forward_time_window_prefilter,2014,rejected
parallel_wall_clock,101,r105C15,forward_time_window_prefilter,2014,negative_cache_hit
parallel_wall_clock,2405,r105C15,,2014,pass
parallel_wall_clock,2610,r105C15,time_window_prefilter,2014,prefilter_rejected_aggregate
parallel_wall_clock,182,r105C15,forward_time_window_prefilter,2014,rejected
serial_fixed_exact_calls,99,r105C15,forward_time_window_prefilter,2015,negative_cache_hit
serial_fixed_exact_calls,1102,r105C15,,2015,pass
serial_fixed_exact_calls,495,r105C15,time_window_prefilter,2015,prefilter_rejected_aggregate
serial_fixed_exact_calls,186,r105C15,forward_time_window_prefilter,2015,rejected
parallel_fixed_exact_calls,99,r105C15,forward_time_window_prefilter,2015,negative_cache_hit
parallel_fixed_exact_calls,1102,r105C15,,2015,pass
parallel_fixed_exact_calls,495,r105C15,time_window_prefilter,2015,prefilter_rejected_aggregate
parallel_fixed_exact_calls,186,r105C15,forward_time_window_prefilter,2015,rejected
serial_wall_clock,99,r105C15,forward_time_window_prefilter,2015,negative_cache_hit
serial_wall_clock,2635,r105C15,,2015,pass
serial_wall_clock,2520,r105C15,time_window_prefilter,2015,prefilter_rejected_aggregate
serial_wall_clock,186,r105C15,forward_time_window_prefilter,2015,rejected
parallel_wall_clock,99,r105C15,forward_time_window_prefilter,2015,negative_cache_hit
parallel_wall_clock,2635,r105C15,,2015,pass
parallel_wall_clock,2520,r105C15,time_window_prefilter,2015,prefilter_rejected_aggregate
parallel_wall_clock,186,r105C15,forward_time_window_prefilter,2015,rejected
serial_fixed_exact_calls,101,r105C15,forward_time_window_prefilter,2016,negative_cache_hit
serial_fixed_exact_calls,1005,r105C15,,2016,pass
serial_fixed_exact_calls,450,r105C15,time_window_prefilter,2016,prefilter_rejected_aggregate
serial_fixed_exact_calls,182,r105C15,forward_time_window_prefilter,2016,rejected
parallel_fixed_exact_calls,101,r105C15,forward_time_window_prefilter,2016,negative_cache_hit
parallel_fixed_exact_calls,1005,r105C15,,2016,pass
parallel_fixed_exact_calls,450,r105C15,time_window_prefilter,2016,prefilter_rejected_aggregate
parallel_fixed_exact_calls,182,r105C15,forward_time_window_prefilter,2016,rejected
serial_wall_clock,101,r105C15,forward_time_window_prefilter,2016,negative_cache_hit
serial_wall_clock,2057,r105C15,,2016,pass
serial_wall_clock,2520,r105C15,time_window_prefilter,2016,prefilter_rejected_aggregate
serial_wall_clock,182,r105C15,forward_time_window_prefilter,2016,rejected
parallel_wall_clock,101,r105C15,forward_time_window_prefilter,2016,negative_cache_hit
parallel_wall_clock,2057,r105C15,,2016,pass
parallel_wall_clock,2520,r105C15,time_window_prefilter,2016,prefilter_rejected_aggregate
parallel_wall_clock,182,r105C15,forward_time_window_prefilter,2016,rejected
serial_fixed_exact_calls,9,r105C5,forward_time_window_prefilter,2014,negative_cache_hit
serial_fixed_exact_calls,146,r105C5,,2014,pass
serial_fixed_exact_calls,40,r105C5,time_window_prefilter,2014,prefilter_rejected_aggregate
serial_fixed_exact_calls,25,r105C5,forward_time_window_prefilter,2014,rejected
parallel_fixed_exact_calls,9,r105C5,forward_time_window_prefilter,2014,negative_cache_hit
parallel_fixed_exact_calls,146,r105C5,,2014,pass
parallel_fixed_exact_calls,40,r105C5,time_window_prefilter,2014,prefilter_rejected_aggregate
parallel_fixed_exact_calls,25,r105C5,forward_time_window_prefilter,2014,rejected
serial_wall_clock,9,r105C5,forward_time_window_prefilter,2014,negative_cache_hit
serial_wall_clock,462,r105C5,,2014,pass
serial_wall_clock,330,r105C5,time_window_prefilter,2014,prefilter_rejected_aggregate
serial_wall_clock,25,r105C5,forward_time_window_prefilter,2014,rejected
parallel_wall_clock,9,r105C5,forward_time_window_prefilter,2014,negative_cache_hit
parallel_wall_clock,462,r105C5,,2014,pass
parallel_wall_clock,330,r105C5,time_window_prefilter,2014,prefilter_rejected_aggregate
parallel_wall_clock,25,r105C5,forward_time_window_prefilter,2014,rejected
serial_fixed_exact_calls,9,r105C5,forward_time_window_prefilter,2015,negative_cache_hit
serial_fixed_exact_calls,158,r105C5,,2015,pass
serial_fixed_exact_calls,40,r105C5,time_window_prefilter,2015,prefilter_rejected_aggregate
serial_fixed_exact_calls,25,r105C5,forward_time_window_prefilter,2015,rejected
parallel_fixed_exact_calls,9,r105C5,forward_time_window_prefilter,2015,negative_cache_hit
parallel_fixed_exact_calls,158,r105C5,,2015,pass
parallel_fixed_exact_calls,40,r105C5,time_window_prefilter,2015,prefilter_rejected_aggregate
parallel_fixed_exact_calls,25,r105C5,forward_time_window_prefilter,2015,rejected
serial_wall_clock,9,r105C5,forward_time_window_prefilter,2015,negative_cache_hit
serial_wall_clock,502,r105C5,,2015,pass
serial_wall_clock,265,r105C5,time_window_prefilter,2015,prefilter_rejected_aggregate
serial_wall_clock,25,r105C5,forward_time_window_prefilter,2015,rejected
parallel_wall_clock,9,r105C5,forward_time_window_prefilter,2015,negative_cache_hit
parallel_wall_clock,502,r105C5,,2015,pass
parallel_wall_clock,265,r105C5,time_window_prefilter,2015,prefilter_rejected_aggregate
parallel_wall_clock,25,r105C5,forward_time_window_prefilter,2015,rejected
serial_fixed_exact_calls,9,r105C5,forward_time_window_prefilter,2016,negative_cache_hit
serial_fixed_exact_calls,144,r105C5,,2016,pass
serial_fixed_exact_calls,40,r105C5,time_window_prefilter,2016,prefilter_rejected_aggregate
serial_fixed_exact_calls,25,r105C5,forward_time_window_prefilter,2016,rejected
parallel_fixed_exact_calls,9,r105C5,forward_time_window_prefilter,2016,negative_cache_hit
parallel_fixed_exact_calls,144,r105C5,,2016,pass
parallel_fixed_exact_calls,40,r105C5,time_window_prefilter,2016,prefilter_rejected_aggregate
parallel_fixed_exact_calls,25,r105C5,forward_time_window_prefilter,2016,rejected
serial_wall_clock,9,r105C5,forward_time_window_prefilter,2016,negative_cache_hit
serial_wall_clock,450,r105C5,,2016,pass
serial_wall_clock,235,r105C5,time_window_prefilter,2016,prefilter_rejected_aggregate
serial_wall_clock,25,r105C5,forward_time_window_prefilter,2016,rejected
parallel_wall_clock,9,r105C5,forward_time_window_prefilter,2016,negative_cache_hit
parallel_wall_clock,450,r105C5,,2016,pass
parallel_wall_clock,235,r105C5,time_window_prefilter,2016,prefilter_rejected_aggregate
parallel_wall_clock,25,r105C5,forward_time_window_prefilter,2016,rejected
serial_fixed_exact_calls,776,rc101_21,forward_time_window_prefilter,2014,negative_cache_hit
serial_fixed_exact_calls,30260,rc101_21,,2014,pass
serial_fixed_exact_calls,9516,rc101_21,capacity_prefilter,2014,prefilter_rejected_aggregate
serial_fixed_exact_calls,10884,rc101_21,time_window_prefilter,2014,prefilter_rejected_aggregate
serial_fixed_exact_calls,2164,rc101_21,forward_time_window_prefilter,2014,rejected
parallel_fixed_exact_calls,776,rc101_21,forward_time_window_prefilter,2014,negative_cache_hit
parallel_fixed_exact_calls,30260,rc101_21,,2014,pass
parallel_fixed_exact_calls,9516,rc101_21,capacity_prefilter,2014,prefilter_rejected_aggregate
parallel_fixed_exact_calls,10884,rc101_21,time_window_prefilter,2014,prefilter_rejected_aggregate
parallel_fixed_exact_calls,2164,rc101_21,forward_time_window_prefilter,2014,rejected
serial_wall_clock,776,rc101_21,forward_time_window_prefilter,2014,negative_cache_hit
serial_wall_clock,30350,rc101_21,,2014,pass
serial_wall_clock,11895,rc101_21,capacity_prefilter,2014,prefilter_rejected_aggregate
serial_wall_clock,13605,rc101_21,time_window_prefilter,2014,prefilter_rejected_aggregate
serial_wall_clock,2164,rc101_21,forward_time_window_prefilter,2014,rejected
parallel_wall_clock,776,rc101_21,forward_time_window_prefilter,2014,negative_cache_hit
parallel_wall_clock,30348,rc101_21,,2014,pass
parallel_wall_clock,11895,rc101_21,capacity_prefilter,2014,prefilter_rejected_aggregate
parallel_wall_clock,13605,rc101_21,time_window_prefilter,2014,prefilter_rejected_aggregate
parallel_wall_clock,2164,rc101_21,forward_time_window_prefilter,2014,rejected
serial_fixed_exact_calls,1154,rc101_21,forward_time_window_prefilter,2015,negative_cache_hit
serial_fixed_exact_calls,27629,rc101_21,,2015,pass
serial_fixed_exact_calls,13515,rc101_21,capacity_prefilter,2015,prefilter_rejected_aggregate
serial_fixed_exact_calls,10485,rc101_21,time_window_prefilter,2015,prefilter_rejected_aggregate
serial_fixed_exact_calls,1851,rc101_21,forward_time_window_prefilter,2015,rejected
parallel_fixed_exact_calls,1154,rc101_21,forward_time_window_prefilter,2015,negative_cache_hit
parallel_fixed_exact_calls,27629,rc101_21,,2015,pass
parallel_fixed_exact_calls,13515,rc101_21,capacity_prefilter,2015,prefilter_rejected_aggregate
parallel_fixed_exact_calls,10485,rc101_21,time_window_prefilter,2015,prefilter_rejected_aggregate
parallel_fixed_exact_calls,1851,rc101_21,forward_time_window_prefilter,2015,rejected
serial_wall_clock,1154,rc101_21,forward_time_window_prefilter,2015,negative_cache_hit
serial_wall_clock,27667,rc101_21,,2015,pass
serial_wall_clock,15317,rc101_21,capacity_prefilter,2015,prefilter_rejected_aggregate
serial_wall_clock,11883,rc101_21,time_window_prefilter,2015,prefilter_rejected_aggregate
serial_wall_clock,1851,rc101_21,forward_time_window_prefilter,2015,rejected
parallel_wall_clock,1154,rc101_21,forward_time_window_prefilter,2015,negative_cache_hit
parallel_wall_clock,27667,rc101_21,,2015,pass
parallel_wall_clock,15317,rc101_21,capacity_prefilter,2015,prefilter_rejected_aggregate
parallel_wall_clock,11883,rc101_21,time_window_prefilter,2015,prefilter_rejected_aggregate
parallel_wall_clock,1851,rc101_21,forward_time_window_prefilter,2015,rejected
serial_fixed_exact_calls,952,rc101_21,forward_time_window_prefilter,2016,negative_cache_hit
serial_fixed_exact_calls,29615,rc101_21,,2016,pass
serial_fixed_exact_calls,5472,rc101_21,capacity_prefilter,2016,prefilter_rejected_aggregate
serial_fixed_exact_calls,8128,rc101_21,time_window_prefilter,2016,prefilter_rejected_aggregate
serial_fixed_exact_calls,1863,rc101_21,forward_time_window_prefilter,2016,rejected
parallel_fixed_exact_calls,952,rc101_21,forward_time_window_prefilter,2016,negative_cache_hit
parallel_fixed_exact_calls,29615,rc101_21,,2016,pass
parallel_fixed_exact_calls,5472,rc101_21,capacity_prefilter,2016,prefilter_rejected_aggregate
parallel_fixed_exact_calls,8128,rc101_21,time_window_prefilter,2016,prefilter_rejected_aggregate
parallel_fixed_exact_calls,1863,rc101_21,forward_time_window_prefilter,2016,rejected
serial_wall_clock,952,rc101_21,forward_time_window_prefilter,2016,negative_cache_hit
serial_wall_clock,29711,rc101_21,,2016,pass
serial_wall_clock,9510,rc101_21,capacity_prefilter,2016,prefilter_rejected_aggregate
serial_wall_clock,14290,rc101_21,time_window_prefilter,2016,prefilter_rejected_aggregate
serial_wall_clock,1863,rc101_21,forward_time_window_prefilter,2016,rejected
parallel_wall_clock,952,rc101_21,forward_time_window_prefilter,2016,negative_cache_hit
parallel_wall_clock,29711,rc101_21,,2016,pass
parallel_wall_clock,9510,rc101_21,capacity_prefilter,2016,prefilter_rejected_aggregate
parallel_wall_clock,14290,rc101_21,time_window_prefilter,2016,prefilter_rejected_aggregate
parallel_wall_clock,1863,rc101_21,forward_time_window_prefilter,2016,rejected
serial_fixed_exact_calls,77,rc102C10,forward_time_window_prefilter,2014,negative_cache_hit
serial_fixed_exact_calls,627,rc102C10,,2014,pass
serial_fixed_exact_calls,330,rc102C10,time_window_prefilter,2014,prefilter_rejected_aggregate
serial_fixed_exact_calls,69,rc102C10,forward_time_window_prefilter,2014,rejected
parallel_fixed_exact_calls,77,rc102C10,forward_time_window_prefilter,2014,negative_cache_hit
parallel_fixed_exact_calls,627,rc102C10,,2014,pass
parallel_fixed_exact_calls,330,rc102C10,time_window_prefilter,2014,prefilter_rejected_aggregate
parallel_fixed_exact_calls,69,rc102C10,forward_time_window_prefilter,2014,rejected
serial_wall_clock,77,rc102C10,forward_time_window_prefilter,2014,negative_cache_hit
serial_wall_clock,2026,rc102C10,,2014,pass
serial_wall_clock,3000,rc102C10,time_window_prefilter,2014,prefilter_rejected_aggregate
serial_wall_clock,69,rc102C10,forward_time_window_prefilter,2014,rejected
parallel_wall_clock,77,rc102C10,forward_time_window_prefilter,2014,negative_cache_hit
parallel_wall_clock,2026,rc102C10,,2014,pass
parallel_wall_clock,3000,rc102C10,time_window_prefilter,2014,prefilter_rejected_aggregate
parallel_wall_clock,69,rc102C10,forward_time_window_prefilter,2014,rejected
serial_fixed_exact_calls,77,rc102C10,forward_time_window_prefilter,2015,negative_cache_hit
serial_fixed_exact_calls,628,rc102C10,,2015,pass
serial_fixed_exact_calls,360,rc102C10,time_window_prefilter,2015,prefilter_rejected_aggregate
serial_fixed_exact_calls,69,rc102C10,forward_time_window_prefilter,2015,rejected
parallel_fixed_exact_calls,77,rc102C10,forward_time_window_prefilter,2015,negative_cache_hit
parallel_fixed_exact_calls,628,rc102C10,,2015,pass
parallel_fixed_exact_calls,360,rc102C10,time_window_prefilter,2015,prefilter_rejected_aggregate
parallel_fixed_exact_calls,69,rc102C10,forward_time_window_prefilter,2015,rejected
serial_wall_clock,77,rc102C10,forward_time_window_prefilter,2015,negative_cache_hit
serial_wall_clock,2033,rc102C10,,2015,pass
serial_wall_clock,2700,rc102C10,time_window_prefilter,2015,prefilter_rejected_aggregate
serial_wall_clock,69,rc102C10,forward_time_window_prefilter,2015,rejected
parallel_wall_clock,77,rc102C10,forward_time_window_prefilter,2015,negative_cache_hit
parallel_wall_clock,2033,rc102C10,,2015,pass
parallel_wall_clock,2700,rc102C10,time_window_prefilter,2015,prefilter_rejected_aggregate
parallel_wall_clock,69,rc102C10,forward_time_window_prefilter,2015,rejected
serial_fixed_exact_calls,77,rc102C10,forward_time_window_prefilter,2016,negative_cache_hit
serial_fixed_exact_calls,592,rc102C10,,2016,pass
serial_fixed_exact_calls,270,rc102C10,time_window_prefilter,2016,prefilter_rejected_aggregate
serial_fixed_exact_calls,69,rc102C10,forward_time_window_prefilter,2016,rejected
parallel_fixed_exact_calls,77,rc102C10,forward_time_window_prefilter,2016,negative_cache_hit
parallel_fixed_exact_calls,592,rc102C10,,2016,pass
parallel_fixed_exact_calls,270,rc102C10,time_window_prefilter,2016,prefilter_rejected_aggregate
parallel_fixed_exact_calls,69,rc102C10,forward_time_window_prefilter,2016,rejected
serial_wall_clock,77,rc102C10,forward_time_window_prefilter,2016,negative_cache_hit
serial_wall_clock,2142,rc102C10,,2016,pass
serial_wall_clock,2730,rc102C10,time_window_prefilter,2016,prefilter_rejected_aggregate
serial_wall_clock,69,rc102C10,forward_time_window_prefilter,2016,rejected
parallel_wall_clock,77,rc102C10,forward_time_window_prefilter,2016,negative_cache_hit
parallel_wall_clock,2142,rc102C10,,2016,pass
parallel_wall_clock,2730,rc102C10,time_window_prefilter,2016,prefilter_rejected_aggregate
parallel_wall_clock,69,rc102C10,forward_time_window_prefilter,2016,rejected
serial_fixed_exact_calls,102,rc103C15,forward_time_window_prefilter,2014,negative_cache_hit
serial_fixed_exact_calls,1162,rc103C15,,2014,pass
serial_fixed_exact_calls,405,rc103C15,time_window_prefilter,2014,prefilter_rejected_aggregate
serial_fixed_exact_calls,132,rc103C15,forward_time_window_prefilter,2014,rejected
parallel_fixed_exact_calls,102,rc103C15,forward_time_window_prefilter,2014,negative_cache_hit
parallel_fixed_exact_calls,1162,rc103C15,,2014,pass
parallel_fixed_exact_calls,405,rc103C15,time_window_prefilter,2014,prefilter_rejected_aggregate
parallel_fixed_exact_calls,132,rc103C15,forward_time_window_prefilter,2014,rejected
serial_wall_clock,102,rc103C15,forward_time_window_prefilter,2014,negative_cache_hit
serial_wall_clock,4063,rc103C15,,2014,pass
serial_wall_clock,2250,rc103C15,time_window_prefilter,2014,prefilter_rejected_aggregate
serial_wall_clock,132,rc103C15,forward_time_window_prefilter,2014,rejected
parallel_wall_clock,102,rc103C15,forward_time_window_prefilter,2014,negative_cache_hit
parallel_wall_clock,4063,rc103C15,,2014,pass
parallel_wall_clock,2250,rc103C15,time_window_prefilter,2014,prefilter_rejected_aggregate
parallel_wall_clock,132,rc103C15,forward_time_window_prefilter,2014,rejected
serial_fixed_exact_calls,102,rc103C15,forward_time_window_prefilter,2015,negative_cache_hit
serial_fixed_exact_calls,1174,rc103C15,,2015,pass
serial_fixed_exact_calls,360,rc103C15,time_window_prefilter,2015,prefilter_rejected_aggregate
serial_fixed_exact_calls,132,rc103C15,forward_time_window_prefilter,2015,rejected
parallel_fixed_exact_calls,102,rc103C15,forward_time_window_prefilter,2015,negative_cache_hit
parallel_fixed_exact_calls,1174,rc103C15,,2015,pass
parallel_fixed_exact_calls,360,rc103C15,time_window_prefilter,2015,prefilter_rejected_aggregate
parallel_fixed_exact_calls,132,rc103C15,forward_time_window_prefilter,2015,rejected
serial_wall_clock,102,rc103C15,forward_time_window_prefilter,2015,negative_cache_hit
serial_wall_clock,4953,rc103C15,,2015,pass
serial_wall_clock,2025,rc103C15,time_window_prefilter,2015,prefilter_rejected_aggregate
serial_wall_clock,132,rc103C15,forward_time_window_prefilter,2015,rejected
parallel_wall_clock,102,rc103C15,forward_time_window_prefilter,2015,negative_cache_hit
parallel_wall_clock,4953,rc103C15,,2015,pass
parallel_wall_clock,2025,rc103C15,time_window_prefilter,2015,prefilter_rejected_aggregate
parallel_wall_clock,132,rc103C15,forward_time_window_prefilter,2015,rejected
serial_fixed_exact_calls,102,rc103C15,forward_time_window_prefilter,2016,negative_cache_hit
serial_fixed_exact_calls,1174,rc103C15,,2016,pass
serial_fixed_exact_calls,360,rc103C15,time_window_prefilter,2016,prefilter_rejected_aggregate
serial_fixed_exact_calls,132,rc103C15,forward_time_window_prefilter,2016,rejected
parallel_fixed_exact_calls,102,rc103C15,forward_time_window_prefilter,2016,negative_cache_hit
parallel_fixed_exact_calls,1174,rc103C15,,2016,pass
parallel_fixed_exact_calls,360,rc103C15,time_window_prefilter,2016,prefilter_rejected_aggregate
parallel_fixed_exact_calls,132,rc103C15,forward_time_window_prefilter,2016,rejected
serial_wall_clock,102,rc103C15,forward_time_window_prefilter,2016,negative_cache_hit
serial_wall_clock,2857,rc103C15,,2016,pass
serial_wall_clock,2295,rc103C15,time_window_prefilter,2016,prefilter_rejected_aggregate
serial_wall_clock,132,rc103C15,forward_time_window_prefilter,2016,rejected
parallel_wall_clock,102,rc103C15,forward_time_window_prefilter,2016,negative_cache_hit
parallel_wall_clock,2857,rc103C15,,2016,pass
parallel_wall_clock,2295,rc103C15,time_window_prefilter,2016,prefilter_rejected_aggregate
parallel_wall_clock,132,rc103C15,forward_time_window_prefilter,2016,rejected
serial_fixed_exact_calls,11,rc105C5,forward_time_window_prefilter,2014,negative_cache_hit
serial_fixed_exact_calls,117,rc105C5,,2014,pass
serial_fixed_exact_calls,40,rc105C5,time_window_prefilter,2014,prefilter_rejected_aggregate
serial_fixed_exact_calls,29,rc105C5,forward_time_window_prefilter,2014,rejected
parallel_fixed_exact_calls,11,rc105C5,forward_time_window_prefilter,2014,negative_cache_hit
parallel_fixed_exact_calls,117,rc105C5,,2014,pass
parallel_fixed_exact_calls,40,rc105C5,time_window_prefilter,2014,prefilter_rejected_aggregate
parallel_fixed_exact_calls,29,rc105C5,forward_time_window_prefilter,2014,rejected
serial_wall_clock,11,rc105C5,forward_time_window_prefilter,2014,negative_cache_hit
serial_wall_clock,343,rc105C5,,2014,pass
serial_wall_clock,330,rc105C5,time_window_prefilter,2014,prefilter_rejected_aggregate
serial_wall_clock,29,rc105C5,forward_time_window_prefilter,2014,rejected
parallel_wall_clock,11,rc105C5,forward_time_window_prefilter,2014,negative_cache_hit
parallel_wall_clock,343,rc105C5,,2014,pass
parallel_wall_clock,330,rc105C5,time_window_prefilter,2014,prefilter_rejected_aggregate
parallel_wall_clock,29,rc105C5,forward_time_window_prefilter,2014,rejected
serial_fixed_exact_calls,11,rc105C5,forward_time_window_prefilter,2015,negative_cache_hit
serial_fixed_exact_calls,121,rc105C5,,2015,pass
serial_fixed_exact_calls,40,rc105C5,time_window_prefilter,2015,prefilter_rejected_aggregate
serial_fixed_exact_calls,29,rc105C5,forward_time_window_prefilter,2015,rejected
parallel_fixed_exact_calls,11,rc105C5,forward_time_window_prefilter,2015,negative_cache_hit
parallel_fixed_exact_calls,121,rc105C5,,2015,pass
parallel_fixed_exact_calls,40,rc105C5,time_window_prefilter,2015,prefilter_rejected_aggregate
parallel_fixed_exact_calls,29,rc105C5,forward_time_window_prefilter,2015,rejected
serial_wall_clock,11,rc105C5,forward_time_window_prefilter,2015,negative_cache_hit
serial_wall_clock,395,rc105C5,,2015,pass
serial_wall_clock,265,rc105C5,time_window_prefilter,2015,prefilter_rejected_aggregate
serial_wall_clock,29,rc105C5,forward_time_window_prefilter,2015,rejected
parallel_wall_clock,11,rc105C5,forward_time_window_prefilter,2015,negative_cache_hit
parallel_wall_clock,395,rc105C5,,2015,pass
parallel_wall_clock,265,rc105C5,time_window_prefilter,2015,prefilter_rejected_aggregate
parallel_wall_clock,29,rc105C5,forward_time_window_prefilter,2015,rejected
serial_fixed_exact_calls,11,rc105C5,forward_time_window_prefilter,2016,negative_cache_hit
serial_fixed_exact_calls,121,rc105C5,,2016,pass
serial_fixed_exact_calls,40,rc105C5,time_window_prefilter,2016,prefilter_rejected_aggregate
serial_fixed_exact_calls,29,rc105C5,forward_time_window_prefilter,2016,rejected
parallel_fixed_exact_calls,11,rc105C5,forward_time_window_prefilter,2016,negative_cache_hit
parallel_fixed_exact_calls,121,rc105C5,,2016,pass
parallel_fixed_exact_calls,40,rc105C5,time_window_prefilter,2016,prefilter_rejected_aggregate
parallel_fixed_exact_calls,29,rc105C5,forward_time_window_prefilter,2016,rejected
serial_wall_clock,11,rc105C5,forward_time_window_prefilter,2016,negative_cache_hit
serial_wall_clock,337,rc105C5,,2016,pass
serial_wall_clock,235,rc105C5,time_window_prefilter,2016,prefilter_rejected_aggregate
serial_wall_clock,29,rc105C5,forward_time_window_prefilter,2016,rejected
parallel_wall_clock,11,rc105C5,forward_time_window_prefilter,2016,negative_cache_hit
parallel_wall_clock,337,rc105C5,,2016,pass
parallel_wall_clock,235,rc105C5,time_window_prefilter,2016,prefilter_rejected_aggregate
parallel_wall_clock,29,rc105C5,forward_time_window_prefilter,2016,rejected
