axis,backend,batch_launches,batch_size,budget_exhaustions,checkpoint_count,completed_calls,exact_call_budget,exact_calls,instance,interrupted_calls,label_management_seconds,mode,packing_seconds,schema_version,seed,started_calls,total_seconds,transition_batches,transition_seconds,transitions,unpacking_seconds,watchdog_seconds,work_batches
serial_fixed_exact_calls,cpu_batch,1,128,0,76,2,100,2,c101C5,0,0.0008039149397518486,exact_call_budget,2.154200046788901e-05,stage033-exact-deadline-v1,2014,2,0.0009352079941891134,34,0.0001312930544372648,206,4.545800038613379e-05,120.0,1
parallel_fixed_exact_calls,cpu_batch,2,128,0,136,2,100,2,c101C5,0,0.0006088780501158908,exact_call_budget,3.258399374317378e-05,stage033-exact-deadline-v1,2014,2,0.0006775829970138147,62,6.870494689792395e-05,206,5.595899710897356e-05,120.0,2
serial_wall_clock,cpu_batch,1,128,0,76,2,,2,c101C5,0,0.0008184169855667278,wall_clock,1.0584000847302377e-05,stage033-exact-deadline-v1,2014,2,0.0009104589989874512,34,9.204201342072338e-05,206,3.4791999496519566e-05,,1
parallel_wall_clock,cpu_batch,2,128,0,136,2,,2,c101C5,0,0.0005722930072806776,wall_clock,3.05419962387532e-05,stage033-exact-deadline-v1,2014,2,0.0006403750012395903,62,6.808199395891279e-05,206,4.6083019697107375e-05,,2
serial_fixed_exact_calls,cpu_batch,1,128,0,76,2,100,2,c101C5,0,0.0004875030426774174,exact_call_budget,1.4834004105068743e-05,stage033-exact-deadline-v1,2015,2,0.0005472920020110905,34,5.978895933367312e-05,206,2.9167000320740044e-05,120.0,1
parallel_fixed_exact_calls,cpu_batch,2,128,0,136,2,100,2,c101C5,0,0.0005945430020801723,exact_call_budget,3.229199501220137e-05,stage033-exact-deadline-v1,2015,2,0.0006625420064665377,62,6.799900438636541e-05,206,4.7708002966828644e-05,120.0,2
serial_wall_clock,cpu_batch,1,128,0,76,2,,2,c101C5,0,0.00046854099491611123,wall_clock,9.874987881630659e-06,stage033-exact-deadline-v1,2015,2,0.0005278750031720847,34,5.933400825597346e-05,206,2.3250002413988113e-05,,1
parallel_wall_clock,cpu_batch,2,128,0,136,2,,2,c101C5,0,0.0005670819373335689,wall_clock,2.2499996703118086e-05,stage033-exact-deadline-v1,2015,2,0.0006342090055113658,62,6.71270681777969e-05,206,4.308301140554249e-05,,2
serial_fixed_exact_calls,cpu_batch,1,128,0,76,2,100,2,c101C5,0,0.0009481229935772717,exact_call_budget,1.5124998753890395e-05,stage033-exact-deadline-v1,2016,2,0.0010245419980492443,34,7.641900447197258e-05,206,4.716699186246842e-05,120.0,1
parallel_fixed_exact_calls,cpu_batch,2,128,0,136,2,100,2,c101C5,0,0.0005598320276476443,exact_call_budget,2.316599420737475e-05,stage033-exact-deadline-v1,2016,2,0.0006261250091483817,62,6.629298150073737e-05,206,4.3957988964393735e-05,120.0,2
serial_wall_clock,cpu_batch,1,128,0,76,2,,2,c101C5,0,0.00046179303899407387,wall_clock,9.916999260894954e-06,stage033-exact-deadline-v1,2016,2,0.0005208749935263768,34,5.9081954532302916e-05,206,2.270800177939236e-05,,1
parallel_wall_clock,cpu_batch,2,128,0,136,2,,2,c101C5,0,0.0005615010595647618,wall_clock,2.329199924133718e-05,stage033-exact-deadline-v1,2016,2,0.000627123998128809,62,6.562293856404722e-05,206,4.320798325352371e-05,,2
serial_fixed_exact_calls,cpu_batch,11,128,0,10207,22,100,22,c101_21,0,0.2595271132013295,exact_call_budget,0.000523250040714629,stage033-exact-deadline-v1,2014,22,0.29624441800115164,3497,0.03671730479982216,133572,0.0012324979761615396,120.0,11
parallel_fixed_exact_calls,cpu_batch,14,128,0,12824,22,100,22,c101_21,0,0.28308779987855814,exact_call_budget,0.0008581260190112516,stage033-exact-deadline-v1,2014,22,0.3234872920293128,4138,0.04039949215075467,133572,0.001512291986728087,120.0,14
serial_wall_clock,cpu_batch,13,128,0,11545,24,,24,c101_21,0,0.2795430421247147,wall_clock,0.0006059969600755721,stage033-exact-deadline-v1,2014,24,0.32173433298885357,4009,0.042191290864138864,144382,0.001316206980845891,,13
parallel_wall_clock,cpu_batch,16,128,0,14162,24,,24,c101_21,0,0.34903025152743794,wall_clock,0.0009540020109852776,stage033-exact-deadline-v1,2014,24,0.40119358598894905,4650,0.05216333446151111,144382,0.0016019580070860684,,16
serial_fixed_exact_calls,cpu_batch,11,128,0,8939,22,100,22,c101_21,0,0.24969053926179186,exact_call_budget,0.0005144159949850291,stage033-exact-deadline-v1,2015,22,0.2853859159804415,3277,0.03569537671864964,128892,0.0012720819795504212,120.0,11
parallel_fixed_exact_calls,cpu_batch,14,128,0,11556,22,100,22,c101_21,0,0.27497799787670374,exact_call_budget,0.0011464159906608984,stage033-exact-deadline-v1,2015,22,0.31519370796740986,3918,0.040215710090706125,128892,0.0015355840150732547,120.0,14
serial_wall_clock,cpu_batch,15,128,0,11767,26,,26,c101_21,0,0.2838663719739998,wall_clock,0.0006409159832401201,stage033-exact-deadline-v1,2015,26,0.3271567939518718,4133,0.04329042197787203,147010,0.001707750023342669,,15
parallel_wall_clock,cpu_batch,18,128,0,14384,26,,26,c101_21,0,0.30323536886135116,wall_clock,0.0011772919970098883,stage033-exact-deadline-v1,2015,26,0.34726778899494093,4774,0.04403242013358977,147010,0.0021990850364090875,,18
serial_fixed_exact_calls,cpu_batch,9,128,0,8971,20,100,20,c101_21,0,0.24444511243200395,exact_call_budget,0.0004663319996325299,stage033-exact-deadline-v1,2016,20,0.27932499698363245,3141,0.03487988455162849,126030,0.0011260410101385787,120.0,9
parallel_fixed_exact_calls,cpu_batch,12,128,0,11588,20,100,20,c101_21,0,0.2784710252744844,exact_call_budget,0.0007969569705892354,stage033-exact-deadline-v1,2016,20,0.3176709590043174,3782,0.03919993372983299,126030,0.0017521239933557808,120.0,12
serial_wall_clock,cpu_batch,11,128,0,10311,22,,22,c101_21,0,0.2676390897395322,wall_clock,0.0005287919921102002,stage033-exact-deadline-v1,2016,22,0.30898741698183585,3679,0.04134832724230364,137398,0.001360875990940258,,11
parallel_wall_clock,cpu_batch,14,128,0,12928,22,,22,c101_21,0,0.30616029878729023,wall_clock,0.0007785009656799957,stage033-exact-deadline-v1,2016,22,0.34950574999675155,4320,0.043345451209461316,137398,0.0018121670291293412,,14
serial_fixed_exact_calls,cpu_batch,19,128,0,2832,20,100,20,c104C10,0,0.01326671639981214,exact_call_budget,0.000155624991748482,stage033-exact-deadline-v1,2014,20,0.015158250054810196,1354,0.0018915336549980566,6172,0.000273792989901267,120.0,19
parallel_fixed_exact_calls,cpu_batch,20,128,0,2906,20,100,20,c104C10,0,0.01364930800627917,exact_call_budget,0.0002985410101246089,stage033-exact-deadline-v1,2014,20,0.015475628038984723,1384,0.0018263200327055529,6172,0.0003748350136447698,120.0,20
serial_wall_clock,cpu_batch,66,128,0,9784,67,,67,c104C10,0,0.04758539772592485,wall_clock,0.0006013800739310682,stage033-exact-deadline-v1,2014,67,0.054201961975195445,4726,0.006616564249270596,21191,0.0011138739791931584,,66
parallel_wall_clock,cpu_batch,67,128,0,9858,67,,67,c104C10,0,0.048510053296922706,wall_clock,0.0009983309137169272,stage033-exact-deadline-v1,2014,67,0.05508091898809653,4756,0.006570865691173822,21191,0.0014245380589272827,,67
serial_fixed_exact_calls,cpu_batch,13,128,0,1608,14,100,14,c104C10,0,0.007556891985586844,exact_call_budget,0.00021654101146850735,stage033-exact-deadline-v1,2015,14,0.00856670799839776,744,0.0010098160128109157,3520,0.00021383202692959458,120.0,13
parallel_fixed_exact_calls,cpu_batch,14,128,0,1728,14,100,14,c104C10,0,0.007913041059509851,exact_call_budget,0.00023046002024784684,stage033-exact-deadline-v1,2015,14,0.009097545000258833,800,0.0011845039407489821,3520,0.00029683300817850977,120.0,14
serial_wall_clock,cpu_batch,58,128,0,7344,59,,59,c104C10,0,0.03696704434696585,wall_clock,0.0006157960015116259,stage033-exact-deadline-v1,2015,59,0.04171266696357634,3358,0.00474562261661049,15091,0.0012700430525001138,,58
parallel_wall_clock,cpu_batch,59,128,0,7464,59,,59,c104C10,0,0.036301425483543426,wall_clock,0.000895795994438231,stage033-exact-deadline-v1,2015,59,0.041184920963132754,3414,0.004883495479589328,15091,0.0015003349835751578,,59
serial_fixed_exact_calls,cpu_batch,13,128,0,1542,14,100,14,c104C10,0,0.007842986771720462,exact_call_budget,0.00011445998097769916,stage033-exact-deadline-v1,2016,14,0.008878583976184018,706,0.0010355972044635564,3346,0.0002187930076615885,120.0,13
parallel_fixed_exact_calls,cpu_batch,14,128,0,1662,14,100,14,c104C10,0,0.007696212691371329,exact_call_budget,0.0002046639856416732,stage033-exact-deadline-v1,2016,14,0.008698624005774036,762,0.001002411314402707,3346,0.00027241799398325384,120.0,14
serial_wall_clock,cpu_batch,93,128,0,12562,94,,94,c104C10,0,0.059101315651787445,wall_clock,0.000822504996904172,stage033-exact-deadline-v1,2016,94,0.06711821093631443,5916,0.008016895284526981,26508,0.0015642070211470127,,93
parallel_wall_clock,cpu_batch,94,128,0,12682,94,,94,c104C10,0,0.060733594189514406,wall_clock,0.0013127490237820894,stage033-exact-deadline-v1,2016,94,0.06888392601103988,5972,0.00815033182152547,26508,0.0019302020373288542,,94
serial_fixed_exact_calls,cpu_batch,16,128,0,2088,18,100,18,c106C15,0,0.009812630785745569,exact_call_budget,0.0001543350372230634,stage033-exact-deadline-v1,2014,18,0.010929124968242832,966,0.001116494182497263,3572,0.0002679150056792423,120.0,16
parallel_fixed_exact_calls,cpu_batch,18,128,0,2278,18,100,18,c106C15,0,0.009895929804770276,exact_call_budget,0.00029116697260178626,stage033-exact-deadline-v1,2014,18,0.010990001013851725,1050,0.0010940712090814486,3572,0.0003377920074854046,120.0,18
serial_wall_clock,cpu_batch,56,128,0,7430,58,,58,c106C15,0,0.03324589901603758,wall_clock,0.0005671260296367109,stage033-exact-deadline-v1,2014,58,0.03715604201715905,3422,0.003910143001121469,11902,0.0009371259802719578,,56
parallel_wall_clock,cpu_batch,58,128,0,7620,58,,58,c106C15,0,0.03243773806025274,wall_clock,0.000881956031662412,stage033-exact-deadline-v1,2014,58,0.036154503977741115,3506,0.003716765917488374,11902,0.0011023330444004387,,58
serial_fixed_exact_calls,cpu_batch,14,128,0,1764,16,100,16,c106C15,0,0.008052669072640128,exact_call_budget,0.00013454003783408552,stage033-exact-deadline-v1,2015,16,0.008936959042330272,780,0.0008842899696901441,2854,0.00029283300682436675,120.0,14
parallel_fixed_exact_calls,cpu_batch,16,128,0,1906,16,100,16,c106C15,0,0.010086740017868578,exact_call_budget,0.0002727940009208396,stage033-exact-deadline-v1,2015,16,0.011084334997576661,840,0.000997594979708083,2854,0.0004813340201508254,120.0,16
serial_wall_clock,cpu_batch,65,128,0,8366,67,,67,c106C15,0,0.03645221740589477,wall_clock,0.0007826290093362331,stage033-exact-deadline-v1,2015,67,0.04051858694583643,3712,0.004066369539941661,12849,0.0013366169878281653,,65
parallel_wall_clock,cpu_batch,67,128,0,8508,67,,67,c106C15,0,0.039040932068019174,wall_clock,0.0011023780389223248,stage033-exact-deadline-v1,2015,67,0.04334708796523046,3772,0.0043061558972112834,12849,0.0016084120579762384,,67
serial_fixed_exact_calls,cpu_batch,10,128,0,1520,12,100,12,c106C15,0,0.00697747508820612,exact_call_budget,0.00011079298565164208,stage033-exact-deadline-v1,2016,12,0.007809916001860984,694,0.0008324409136548638,2656,0.00018070594524033368,120.0,10
parallel_fixed_exact_calls,cpu_batch,12,128,0,1710,12,100,12,c106C15,0,0.007870136061683297,exact_call_budget,0.000209955993341282,stage033-exact-deadline-v1,2016,12,0.008755043993005529,778,0.0008849079313222319,2656,0.0002743740187725052,120.0,12
serial_wall_clock,cpu_batch,49,128,0,6642,51,,51,c106C15,0,0.030687754770042375,wall_clock,0.0004630859912140295,stage033-exact-deadline-v1,2016,51,0.03402313000697177,3050,0.0033353752369293943,10657,0.0008766239625401795,,49
parallel_wall_clock,cpu_batch,51,128,0,6832,51,,51,c106C15,0,0.029463689133990556,wall_clock,0.0008479960524709895,stage033-exact-deadline-v1,2016,51,0.032840170970303006,3134,0.0033764818363124505,10657,0.0010878320317715406,,51
serial_fixed_exact_calls,cpu_batch,11,128,0,8504,30,100,30,r101_21,0,0.303605398410582,exact_call_budget,0.0005079579714220017,stage033-exact-deadline-v1,2014,30,0.3520824990264373,3370,0.048477100615855306,168892,0.0016779999859863892,120.0,11
parallel_fixed_exact_calls,cpu_batch,14,128,0,11134,30,100,30,r101_21,0,0.35513887809065636,exact_call_budget,0.0009156239975709468,stage033-exact-deadline-v1,2014,30,0.410720707004657,4088,0.05558182891400065,168892,0.0017347110115224496,120.0,14
serial_wall_clock,cpu_batch,13,128,0,9046,32,,32,r101_21,0,0.31730859966774005,wall_clock,0.0005598339630523697,stage033-exact-deadline-v1,2014,32,0.36875279201194644,3530,0.051444192344206385,172274,0.0015926660125842318,,13
parallel_wall_clock,cpu_batch,16,128,0,11676,32,,32,r101_21,0,0.3569631726713851,wall_clock,0.0010332910023862496,stage033-exact-deadline-v1,2014,32,0.4117511230579112,4248,0.05478795038652606,172274,0.0019423739868216217,,16
serial_fixed_exact_calls,cpu_batch,6,128,0,5308,25,100,25,r101_21,0,0.6079253468342358,exact_call_budget,0.0004471239954000339,stage033-exact-deadline-v1,2015,25,0.6496327909844695,2540,0.04170744415023364,142767,0.0011127930047223344,120.0,6
parallel_fixed_exact_calls,cpu_batch,9,128,0,7700,25,100,25,r101_21,0,0.29152161098318174,exact_call_budget,0.0005910839972784743,stage033-exact-deadline-v1,2015,25,0.3382536239660112,3056,0.046732012982829474,142767,0.0014441250241361558,120.0,9
serial_wall_clock,cpu_batch,13,128,0,9334,32,,32,r101_21,0,0.31812831317074597,wall_clock,0.0005855819763382897,stage033-exact-deadline-v1,2015,32,0.3704249160073232,4144,0.05229660283657722,176610,0.0014792489673709497,,13
parallel_wall_clock,cpu_batch,16,128,0,11726,32,,32,r101_21,0,0.35072096303338185,wall_clock,0.0009207489929394796,stage033-exact-deadline-v1,2015,32,0.40630712498386856,4660,0.05558616195048671,176610,0.0020576649985741824,,16
serial_fixed_exact_calls,cpu_batch,16,128,0,10944,35,100,35,r101_21,0,0.35039194459386636,exact_call_budget,0.000673082991852425,stage033-exact-deadline-v1,2016,35,0.4064877900236752,4846,0.05609584542980883,196161,0.001799417004804127,120.0,16
parallel_fixed_exact_calls,cpu_batch,19,128,0,13746,35,100,35,r101_21,0,0.40467267243366223,exact_call_budget,0.000909956987015903,stage033-exact-deadline-v1,2016,35,0.4667666220047977,5402,0.062093949571135454,196161,0.0021534989937208593,120.0,19
serial_wall_clock,cpu_batch,17,128,0,11488,36,,36,r101_21,0,0.3753602639771998,wall_clock,0.0007462070207111537,stage033-exact-deadline-v1,2016,36,0.4374711249693064,5086,0.06211086099210661,201220,0.0019729589839698747,,17
parallel_wall_clock,cpu_batch,20,128,0,14290,36,,36,r101_21,0,0.4011066427046899,wall_clock,0.0012189590343041345,stage033-exact-deadline-v1,2016,36,0.4636393740074709,5642,0.06253273130278103,201220,0.002159208001103252,,20
serial_fixed_exact_calls,cpu_batch,26,128,0,3226,27,100,27,r103C10,0,0.013362067067646421,exact_call_budget,0.00020033502369187772,stage033-exact-deadline-v1,2014,27,0.014976084014051594,1538,0.0016140169464051723,5359,0.00035133399069309235,120.0,26
parallel_fixed_exact_calls,cpu_batch,27,128,0,3316,27,100,27,r103C10,0,0.014535591952153482,exact_call_budget,0.0004010419943369925,stage033-exact-deadline-v1,2014,27,0.016210456000408158,1582,0.0016748640482546762,5359,0.0004769959778059274,120.0,27
serial_wall_clock,cpu_batch,137,128,0,20892,138,,138,r103C10,0,0.10823140788124874,wall_clock,0.001171168201835826,stage033-exact-deadline-v1,2014,138,0.11862875097722281,9962,0.010397343095974065,34212,0.002154715941287577,,137
parallel_wall_clock,cpu_batch,138,128,0,20982,138,,138,r103C10,0,0.09197225653042551,wall_clock,0.0018471579242032021,stage033-exact-deadline-v1,2014,138,0.10280700000294019,10006,0.010834743472514674,34212,0.0028648239822359756,,138
serial_fixed_exact_calls,cpu_batch,31,128,0,3804,32,100,32,r103C10,0,0.01613728686061222,exact_call_budget,0.00021341706451494247,stage033-exact-deadline-v1,2015,32,0.0180672050191788,1796,0.0019299181585665792,6228,0.0004813760460820049,120.0,31
parallel_fixed_exact_calls,cpu_batch,32,128,0,3894,32,100,32,r103C10,0,0.01890390124754049,exact_call_budget,0.000407503976020962,stage033-exact-deadline-v1,2015,32,0.02106125300633721,1840,0.0021573517587967217,6228,0.0006852869701106101,120.0,32
serial_wall_clock,cpu_batch,85,128,0,11272,86,,86,r103C10,0,0.04899383432348259,wall_clock,0.0006627529946854338,stage033-exact-deadline-v1,2015,86,0.054761383988079615,5292,0.005767549664597027,18126,0.001248830056283623,,85
parallel_wall_clock,cpu_batch,86,128,0,11362,86,,86,r103C10,0,0.04979905208165292,wall_clock,0.0011839170038001612,stage033-exact-deadline-v1,2015,86,0.055752372994902544,5336,0.005953320913249627,18126,0.0017757909517968073,,86
serial_fixed_exact_calls,cpu_batch,13,128,0,1780,14,100,14,r103C10,0,0.007461777058779262,exact_call_budget,0.0001002530480036512,stage033-exact-deadline-v1,2016,14,0.008352834003744647,834,0.0008910569449653849,2982,0.00018858299881685525,120.0,13
parallel_fixed_exact_calls,cpu_batch,14,128,0,1870,14,100,14,r103C10,0,0.00856221525464207,exact_call_budget,0.0002007930161198601,stage033-exact-deadline-v1,2016,14,0.009542999032419175,878,0.0009807837777771056,2982,0.00031879298330750316,120.0,14
serial_wall_clock,cpu_batch,101,128,0,13776,102,,102,r103C10,0,0.05769763659918681,wall_clock,0.0008769199921516702,stage033-exact-deadline-v1,2016,102,0.06444750104856212,6478,0.006749864449375309,22200,0.0014767939428566024,,101
parallel_wall_clock,cpu_batch,102,128,0,13866,102,,102,r103C10,0,0.06130109971854836,wall_clock,0.0014158779522404075,stage033-exact-deadline-v1,2016,102,0.06845358497230336,6522,0.007152485253755003,22200,0.001865960017312318,,102
serial_fixed_exact_calls,cpu_batch,9,128,0,1310,12,100,12,r105C15,0,0.0101858623966109,exact_call_budget,0.00010850002581719309,stage033-exact-deadline-v1,2014,12,0.011574543008464389,494,0.0013886806118534878,4244,0.0002824990078806877,120.0,9
parallel_fixed_exact_calls,cpu_batch,12,128,0,1716,12,100,12,r105C15,0,0.009735811821883544,exact_call_budget,0.00023445903207175434,stage033-exact-deadline-v1,2014,12,0.011049997017835267,670,0.0013141851959517226,4244,0.00034562400833237916,120.0,12
serial_wall_clock,cpu_batch,64,128,0,9006,67,,67,r105C15,0,0.05312279185454827,wall_clock,0.0006316659855656326,stage033-exact-deadline-v1,2014,67,0.06061396005679853,3912,0.007491168202250265,25727,0.0012005029566353187,,64
parallel_wall_clock,cpu_batch,67,128,0,9412,67,,67,r105C15,0,0.05684166538412683,wall_clock,0.00116049699136056,stage033-exact-deadline-v1,2014,67,0.06480603902309667,4088,0.007964373638969846,25727,0.0016080400091595948,,67
serial_fixed_exact_calls,cpu_batch,13,128,0,1650,16,100,16,r105C15,0,0.012622394075151533,exact_call_budget,0.00012445803440641612,stage033-exact-deadline-v1,2015,16,0.014312041021184996,720,0.0016896469460334629,5676,0.00026908397558145225,120.0,13
parallel_fixed_exact_calls,cpu_batch,16,128,0,2080,16,100,16,r105C15,0,0.013512151112081483,exact_call_budget,0.00028933098656125367,stage033-exact-deadline-v1,2015,16,0.015316000004531816,904,0.0018038488924503326,5676,0.00042641497566364706,120.0,16
serial_wall_clock,cpu_batch,63,128,0,9118,66,,66,r105C15,0,0.05421955844212789,wall_clock,0.0006183409568620846,stage033-exact-deadline-v1,2015,66,0.06201571298879571,4010,0.007796154546667822,26330,0.0011701240146066993,,63
parallel_wall_clock,cpu_batch,66,128,0,9548,66,,66,r105C15,0,0.05426152293512132,wall_clock,0.0011146229662699625,stage033-exact-deadline-v1,2015,66,0.06193958500807639,4194,0.007678062072955072,26330,0.0013808750081807375,,66
serial_fixed_exact_calls,cpu_batch,11,128,0,1604,14,100,14,r105C15,0,0.010754508242825978,exact_call_budget,0.00010516896145418286,stage033-exact-deadline-v1,2016,14,0.012366501003270969,688,0.0016119927604449913,5448,0.0002577090199338272,120.0,11
parallel_fixed_exact_calls,cpu_batch,14,128,0,2010,14,100,14,r105C15,0,0.013101538934279233,exact_call_budget,0.0002648749650688842,stage033-exact-deadline-v1,2016,14,0.015011207040515728,864,0.001909668106236495,5448,0.0003771229967242107,120.0,14
serial_wall_clock,cpu_batch,64,128,0,8880,67,,67,r105C15,0,0.05317247881612275,wall_clock,0.0007626730075571686,stage033-exact-deadline-v1,2016,67,0.060867958032758906,3824,0.0076954792166361585,25123,0.0013132899912307039,,64
parallel_wall_clock,cpu_batch,67,128,0,9286,67,,67,r105C15,0,0.05507853614108171,wall_clock,0.001046911027515307,stage033-exact-deadline-v1,2016,67,0.06281788001069799,4000,0.0077393438696162775,25123,0.0016269970074063167,,67
serial_fixed_exact_calls,cpu_batch,1,128,0,54,2,100,2,r105C5,0,0.00041412397695239633,exact_call_budget,1.1957992683164775e-05,stage033-exact-deadline-v1,2014,2,0.0004578340012812987,22,4.3710024328902364e-05,146,3.416599065531045e-05,120.0,1
parallel_fixed_exact_calls,cpu_batch,2,128,0,100,2,100,2,r105C5,0,0.0004706690087914467,exact_call_budget,2.28749995585531e-05,stage033-exact-deadline-v1,2014,2,0.0005369169812183827,44,6.624797242693603e-05,146,4.279200220480561e-05,120.0,2
serial_wall_clock,cpu_batch,1,128,0,54,2,,2,r105C5,0,0.0003741229884326458,wall_clock,1.1249998351559043e-05,stage033-exact-deadline-v1,2014,2,0.00042154100083280355,22,4.741801240015775e-05,146,2.3083004634827375e-05,,1
parallel_wall_clock,cpu_batch,2,128,0,100,2,,2,r105C5,0,0.0004426199884619564,wall_clock,2.416600182186812e-05,stage033-exact-deadline-v1,2014,2,0.0004915820027235895,44,4.896201426163316e-05,146,4.258299304638058e-05,,2
serial_fixed_exact_calls,cpu_batch,1,128,0,54,2,100,2,r105C5,0,0.0004532049788394943,exact_call_budget,2.1208004909567535e-05,stage033-exact-deadline-v1,2015,2,0.0005032909975852817,22,5.008601874578744e-05,146,5.4374992032535374e-05,120.0,1
parallel_fixed_exact_calls,cpu_batch,2,128,0,100,2,100,2,r105C5,0,0.0005270009714877233,exact_call_budget,2.2624997654929757e-05,stage033-exact-deadline-v1,2015,2,0.0005772909935330972,44,5.029002204537392e-05,146,4.6375003876164556e-05,120.0,2
serial_wall_clock,cpu_batch,1,128,0,54,2,,2,r105C5,0,0.00036254302540328354,wall_clock,1.2415999663062394e-05,stage033-exact-deadline-v1,2015,2,0.0004064170061610639,22,4.387398075778037e-05,146,2.3333006538450718e-05,,1
parallel_wall_clock,cpu_batch,2,128,0,100,2,,2,r105C5,0,0.00043620796350296587,wall_clock,2.3458997020497918e-05,stage033-exact-deadline-v1,2015,2,0.00048516700917389244,44,4.895904567092657e-05,146,4.1916995542123914e-05,,2
serial_fixed_exact_calls,cpu_batch,1,128,0,54,2,100,2,r105C5,0,0.0003540430043358356,exact_call_budget,1.1833995813503861e-05,stage033-exact-deadline-v1,2016,2,0.00039683400245849043,22,4.2790998122654855e-05,146,2.8292008209973574e-05,120.0,1
parallel_fixed_exact_calls,cpu_batch,2,128,0,100,2,100,2,r105C5,0,0.000444375051301904,exact_call_budget,2.3916989448480308e-05,stage033-exact-deadline-v1,2016,2,0.0004952090093865991,44,5.083395808469504e-05,146,4.3625012040138245e-05,120.0,2
serial_wall_clock,cpu_batch,1,128,0,54,2,,2,r105C5,0,0.0003422919398872182,wall_clock,1.0458010365255177e-05,stage033-exact-deadline-v1,2016,2,0.00038470799336209893,22,4.2416053474880755e-05,146,2.241699257865548e-05,,1
parallel_wall_clock,cpu_batch,2,128,0,100,2,,2,r105C5,0,0.0004761701129609719,wall_clock,2.2790991351939738e-05,stage033-exact-deadline-v1,2016,2,0.0005254170100670308,44,4.9246897106058896e-05,146,4.6375003876164556e-05,,2
serial_fixed_exact_calls,cpu_batch,15,128,0,9863,32,100,32,rc101_21,0,0.29063011569087394,exact_call_budget,0.0008054579811869189,stage033-exact-deadline-v1,2014,32,0.33821108400297817,4057,0.04758096831210423,167440,0.001883291028207168,120.0,15
parallel_fixed_exact_calls,cpu_batch,18,128,0,11414,32,100,32,rc101_21,0,0.34159086403087713,exact_call_budget,0.0009735400381032377,stage033-exact-deadline-v1,2014,32,0.39571333199273795,4428,0.05412246796186082,167440,0.0018807900050887838,120.0,18
serial_wall_clock,cpu_batch,17,128,0,11241,34,,34,rc101_21,0,0.313134811076452,wall_clock,0.0007066659891279414,stage033-exact-deadline-v1,2014,34,0.36382433300605044,4567,0.05068952192959841,178226,0.0016492070135427639,,17
parallel_wall_clock,cpu_batch,20,128,0,12792,34,,34,rc101_21,0,0.347468295643921,wall_clock,0.0009952919936040416,stage033-exact-deadline-v1,2014,34,0.4019595380232204,4938,0.054491242379299365,178226,0.0020890399609925225,,20
serial_fixed_exact_calls,cpu_batch,19,128,0,11766,35,100,35,rc101_21,0,0.32165570386860054,exact_call_budget,0.0007258330006152391,stage033-exact-deadline-v1,2015,35,0.3755347090191208,5194,0.05387900515052024,191833,0.0016758749989094213,120.0,19
parallel_fixed_exact_calls,cpu_batch,22,128,0,13538,35,100,35,rc101_21,0,0.35307734065281693,exact_call_budget,0.0011330840352457017,stage033-exact-deadline-v1,2015,35,0.4108074989489978,5762,0.05773015829618089,191833,0.002352461000555195,120.0,22
serial_wall_clock,cpu_batch,21,128,0,13232,37,,37,rc101_21,0,0.3629210593935568,wall_clock,0.0008287519885925576,stage033-exact-deadline-v1,2015,37,0.42515666598046664,5830,0.06223560658690985,205271,0.0018285799742443487,,21
parallel_wall_clock,cpu_batch,24,128,0,15004,37,,37,rc101_21,0,0.37115675599488895,wall_clock,0.0011654150148387998,stage033-exact-deadline-v1,2015,37,0.4315735829877667,6398,0.06041682699287776,205271,0.002037371974438429,,24
serial_fixed_exact_calls,cpu_batch,16,128,0,11511,33,100,33,rc101_21,0,0.34443827012728434,exact_call_budget,0.0006811650237068534,stage033-exact-deadline-v1,2016,33,0.4018739169841865,5245,0.05743564685690217,203389,0.001537706979434006,120.0,16
parallel_fixed_exact_calls,cpu_batch,19,128,0,13624,33,100,33,rc101_21,0,0.3817054241662845,exact_call_budget,0.0009309149609180167,stage033-exact-deadline-v1,2016,33,0.4438115879893303,5802,0.06210616382304579,203389,0.0019042090279981494,120.0,19
serial_wall_clock,cpu_batch,19,128,0,14057,36,,36,rc101_21,0,0.3874765804503113,wall_clock,0.0007119599904399365,stage033-exact-deadline-v1,2016,36,0.45332049901480787,6413,0.06584391856449656,228050,0.0016092509758891538,,19
parallel_wall_clock,cpu_batch,21,128,0,15478,35,,35,rc101_21,0,0.40556484360422473,wall_clock,0.0011725440417649224,stage033-exact-deadline-v1,2016,35,0.4712474970292533,6706,0.06568265342502855,222459,0.002119040975230746,,21
serial_fixed_exact_calls,cpu_batch,16,128,0,1124,19,100,19,rc102C10,0,0.005688136981916614,exact_call_budget,0.00011570898641366512,stage033-exact-deadline-v1,2014,19,0.006511086001410149,486,0.0008229490194935352,2349,0.00025245698634535074,120.0,16
parallel_fixed_exact_calls,cpu_batch,19,128,0,1258,19,100,19,rc102C10,0,0.007163464106270112,exact_call_budget,0.00031745801970828325,stage033-exact-deadline-v1,2014,19,0.008000791058293544,542,0.0008373269520234317,2349,0.00039621000178158283,120.0,19
serial_wall_clock,cpu_batch,53,128,0,3106,56,,56,rc102C10,0,0.014280815594247542,wall_clock,0.00044642195280175656,stage033-exact-deadline-v1,2014,56,0.01610942094703205,1334,0.001828605352784507,6002,0.000675044022500515,,53
parallel_wall_clock,cpu_batch,56,128,0,3240,56,,56,rc102C10,0,0.01628180200350471,wall_clock,0.0007683719595661387,stage033-exact-deadline-v1,2014,56,0.018338539972319268,1390,0.0020567379688145593,6002,0.000981335004325956,,56
serial_fixed_exact_calls,cpu_batch,19,128,0,1320,22,100,22,rc102C10,0,0.006161302124382928,exact_call_budget,0.00013345698243938386,stage033-exact-deadline-v1,2015,22,0.006995458024903201,588,0.0008341559005202726,2782,0.00024279199715238065,120.0,19
parallel_fixed_exact_calls,cpu_batch,22,128,0,1454,22,100,22,rc102C10,0,0.007022240053629503,exact_call_budget,0.00030220599728636444,stage033-exact-deadline-v1,2015,22,0.007916955975815654,644,0.0008947159221861511,2782,0.0004075839533470571,120.0,22
serial_wall_clock,cpu_batch,49,128,0,2996,52,,52,rc102C10,0,0.016365860879886895,wall_clock,0.0004552580212475732,stage033-exact-deadline-v1,2015,52,0.018202915918664075,1310,0.00183705503877718,5896,0.0006166599487187341,,49
parallel_wall_clock,cpu_batch,52,128,0,3130,52,,52,rc102C10,0,0.01636365982994903,wall_clock,0.0007849580142647028,stage033-exact-deadline-v1,2015,52,0.01844620607153047,1366,0.00208254624158144,5896,0.0008514980436302722,,52
serial_fixed_exact_calls,cpu_batch,13,128,0,932,16,100,16,rc102C10,0,0.004767077029100619,exact_call_budget,9.650099673308432e-05,stage033-exact-deadline-v1,2016,16,0.005383707015425898,414,0.0006166299863252789,2034,0.00018229297711513937,120.0,13
parallel_fixed_exact_calls,cpu_batch,16,128,0,1066,16,100,16,rc102C10,0,0.005454819911392406,exact_call_budget,0.00022141500085126609,stage033-exact-deadline-v1,2016,16,0.006137042015325278,470,0.0006822221039328724,2034,0.00035824801307171583,120.0,16
serial_wall_clock,cpu_batch,75,128,0,4528,78,,78,rc102C10,0,0.020282093290006742,wall_clock,0.0006617520848521963,stage033-exact-deadline-v1,2016,78,0.02302629905170761,1980,0.0027442057617008686,8794,0.0008639140432933345,,75
parallel_wall_clock,cpu_batch,78,128,0,4662,78,,78,rc102C10,0,0.02413500584952999,wall_clock,0.0011686618818202987,stage033-exact-deadline-v1,2016,78,0.027118749043438584,2036,0.0029837431939085945,8794,0.0012665370159083977,,78
serial_fixed_exact_calls,cpu_batch,18,128,0,1704,21,100,21,rc103C15,0,0.009726797114126384,exact_call_budget,0.00015508601791225374,stage033-exact-deadline-v1,2014,21,0.01114941698324401,758,0.001422619869117625,4801,0.00032591600029263645,120.0,18
parallel_fixed_exact_calls,cpu_batch,21,128,0,2018,21,100,21,rc103C15,0,0.011337142059346661,exact_call_budget,0.0003289159940322861,stage033-exact-deadline-v1,2014,21,0.012878831970738247,900,0.001541689911391586,4801,0.0004988780128769577,120.0,21
serial_wall_clock,cpu_batch,136,128,0,13088,139,,139,rc103C15,0,0.0701334300392773,wall_clock,0.0012812519271392375,stage033-exact-deadline-v1,2014,139,0.08034555103222374,5880,0.010212120992946438,32087,0.00245920084125828,,136
parallel_wall_clock,cpu_batch,139,128,0,13402,139,,139,rc103C15,0,0.07083051148219965,wall_clock,0.002087214103084989,stage033-exact-deadline-v1,2014,139,0.08068213688966352,6022,0.009851625407463871,32087,0.0028625339473364875,,139
serial_fixed_exact_calls,cpu_batch,21,128,0,1910,24,100,24,rc103C15,0,0.010941811138764024,exact_call_budget,0.0001852510031312704,stage033-exact-deadline-v1,2015,24,0.012530833002529107,830,0.0015890218637650833,5186,0.0003747499722521752,120.0,21
parallel_fixed_exact_calls,cpu_batch,24,128,0,2224,24,100,24,rc103C15,0,0.013026137021370232,exact_call_budget,0.00036441595875658095,stage033-exact-deadline-v1,2015,24,0.014718123973580077,972,0.0016919869522098452,5186,0.0005863299738848582,120.0,24
serial_wall_clock,cpu_batch,155,128,0,15006,158,,158,rc103C15,0,0.07961217926640529,wall_clock,0.0013684161676792428,stage033-exact-deadline-v1,2015,158,0.09081533797143493,6748,0.011203158705029637,36734,0.0026262870960636064,,155
parallel_wall_clock,cpu_batch,158,128,0,15320,158,,158,rc103C15,0,0.08104207114956807,wall_clock,0.0023689550143899396,stage033-exact-deadline-v1,2015,158,0.09226920401852112,6890,0.01122713286895305,36734,0.0033282030635746196,,158
serial_fixed_exact_calls,cpu_batch,19,128,0,1896,22,100,22,rc103C15,0,0.010874644838622771,exact_call_budget,0.00017499901878181845,stage033-exact-deadline-v1,2016,22,0.012385961003019474,830,0.0015113161643967032,5192,0.00035974702041130513,120.0,19
parallel_fixed_exact_calls,cpu_batch,22,128,0,2210,22,100,22,rc103C15,0,0.014687030066852458,exact_call_budget,0.00038879303610883653,stage033-exact-deadline-v1,2016,22,0.016600624032435007,972,0.0019135939655825496,5192,0.0006019170250510797,120.0,22
serial_wall_clock,cpu_batch,105,128,0,9966,108,,108,rc103C15,0,0.05407677464245353,wall_clock,0.0010295898537151515,stage033-exact-deadline-v1,2016,108,0.06146625608380418,4450,0.007389481441350654,24478,0.0017592860094737262,,105
parallel_wall_clock,cpu_batch,108,128,0,10280,108,,108,rc103C15,0,0.062135170825058594,wall_clock,0.002004623136599548,stage033-exact-deadline-v1,2016,108,0.07075574692862574,4592,0.008620576103567146,24478,0.0025921230553649366,,108
serial_fixed_exact_calls,cpu_batch,1,128,0,88,2,100,2,rc105C5,0,0.0009222460212185979,exact_call_budget,3.420800203457475e-05,stage033-exact-deadline-v1,2014,2,0.0010297080007148907,40,0.00010746197949629277,310,4.004199581686407e-05,120.0,1
parallel_fixed_exact_calls,cpu_batch,2,128,0,166,2,100,2,rc105C5,0,0.000882289998116903,exact_call_budget,2.345898246858269e-05,stage033-exact-deadline-v1,2014,2,0.0009818329999689013,72,9.954300185199827e-05,310,4.98329900437966e-05,120.0,2
serial_wall_clock,cpu_batch,1,128,0,88,2,,2,rc105C5,0,0.000630669979727827,wall_clock,1.0249990737065673e-05,stage033-exact-deadline-v1,2014,2,0.0007191670010797679,40,8.849702135194093e-05,310,2.387500717304647e-05,,1
parallel_wall_clock,cpu_batch,2,128,0,166,2,,2,rc105C5,0,0.0007348740036832169,wall_clock,2.2792009986005723e-05,stage033-exact-deadline-v1,2014,2,0.0008304999937536195,72,9.562599007040262e-05,310,4.5208988012745976e-05,,2
serial_fixed_exact_calls,cpu_batch,1,128,0,88,2,100,2,rc105C5,0,0.0007287489861482754,exact_call_budget,1.1916999937966466e-05,stage033-exact-deadline-v1,2015,2,0.0008174169925041497,40,8.866800635587424e-05,310,3.558400203473866e-05,120.0,1
parallel_fixed_exact_calls,cpu_batch,2,128,0,166,2,100,2,rc105C5,0,0.0009486230264883488,exact_call_budget,4.3082982301712036e-05,stage033-exact-deadline-v1,2015,2,0.001068832993041724,72,0.00012020996655337512,310,5.68750110687688e-05,120.0,2
serial_wall_clock,cpu_batch,1,128,0,88,2,,2,rc105C5,0,0.0006490410305559635,wall_clock,1.0915988241322339e-05,stage033-exact-deadline-v1,2015,2,0.000738916001864709,40,8.987497130874544e-05,310,2.3832995793782175e-05,,1
parallel_wall_clock,cpu_batch,2,128,0,166,2,,2,rc105C5,0,0.001195330056361854,wall_clock,2.9167000320740044e-05,stage033-exact-deadline-v1,2015,2,0.0013367500068852678,72,0.00014141995052341372,310,7.87919998401776e-05,,2
serial_fixed_exact_calls,cpu_batch,1,128,0,88,2,100,2,rc105C5,0,0.0006163709913380444,exact_call_budget,1.2082993634976447e-05,stage033-exact-deadline-v1,2016,2,0.0007009580003796145,40,8.458700904157013e-05,310,2.8708993340842426e-05,120.0,1
parallel_fixed_exact_calls,cpu_batch,2,128,0,166,2,100,2,rc105C5,0,0.0007204101420938969,exact_call_budget,2.374999166931957e-05,stage033-exact-deadline-v1,2016,2,0.0008150840149028227,72,9.467387280892581e-05,310,4.34170215157792e-05,120.0,2
serial_wall_clock,cpu_batch,1,128,0,88,2,,2,rc105C5,0,0.0006209180282894522,wall_clock,1.0042000212706625e-05,stage033-exact-deadline-v1,2016,2,0.0007087080011842772,40,8.778997289482504e-05,310,2.4082997697405517e-05,,1
parallel_wall_clock,cpu_batch,2,128,0,166,2,,2,rc105C5,0,0.0007246690947795287,wall_clock,2.3833999875932932e-05,stage033-exact-deadline-v1,2016,2,0.0008209170191548765,72,9.624792437534779e-05,310,4.41250012954697e-05,,2
