instance,parallel_fixed_exact_calls_effective_iterations,parallel_fixed_exact_calls_objective_key,parallel_fixed_exact_calls_started_calls,parallel_wall_clock_effective_iterations,parallel_wall_clock_objective_key,parallel_wall_clock_started_calls,seed,serial_fixed_exact_calls_effective_iterations,serial_fixed_exact_calls_objective_key,serial_fixed_exact_calls_started_calls,serial_wall_clock_effective_iterations,serial_wall_clock_objective_key,serial_wall_clock_started_calls
c101C5,50,"[2,257.747451864,472.556700052,3]",2,1000,"[2,257.747451864,472.556700052,3]",2,2014,50,"[2,257.747451864,472.556700052,3]",2,1000,"[2,257.747451864,472.556700052,3]",2
c101C5,50,"[2,257.747451864,472.556700052,3]",2,1000,"[2,257.747451864,472.556700052,3]",2,2015,50,"[2,257.747451864,472.556700052,3]",2,1000,"[2,257.747451864,472.556700052,3]",2
c101C5,50,"[2,257.747451864,472.556700052,3]",2,1000,"[2,257.747451864,472.556700052,3]",2,2016,50,"[2,257.747451864,472.556700052,3]",2,1000,"[2,257.747451864,472.556700052,3]",2
c101_21,50,"[12,1055.920259047,1386.415951629,8]",22,97,"[12,1055.920259047,1386.415951629,8]",24,2014,50,"[12,1055.920259047,1386.415951629,8]",22,100,"[12,1055.920259047,1386.415951629,8]",24
c101_21,50,"[12,1055.920259047,1386.415951629,8]",22,100,"[12,1055.920259047,1386.415951629,8]",26,2015,50,"[12,1055.920259047,1386.415951629,8]",22,100,"[12,1055.920259047,1386.415951629,8]",26
c101_21,50,"[12,1055.920259047,1386.415951629,8]",20,97,"[12,1055.920259047,1386.415951629,8]",22,2016,50,"[12,1055.920259047,1386.415951629,8]",20,100,"[12,1055.920259047,1386.415951629,8]",22
c104C10,52,"[2,273.931237129,589.151039592,3]",20,1000,"[2,273.931237129,589.151039592,3]",67,2014,52,"[2,273.931237129,589.151039592,3]",20,1000,"[2,273.931237129,589.151039592,3]",67
c104C10,50,"[2,279.933119059,625.368886517,3]",14,1000,"[2,279.933119059,625.368886517,3]",59,2015,50,"[2,279.933119059,625.368886517,3]",14,1000,"[2,279.933119059,625.368886517,3]",59
c104C10,50,"[2,279.933119059,625.368886517,3]",14,1000,"[2,273.931237129,589.151039592,3]",94,2016,50,"[2,279.933119059,625.368886517,3]",14,1000,"[2,273.931237129,589.151039592,3]",94
c106C15,51,"[3,275.133168873,437.989595186,2]",18,1000,"[3,275.133168873,437.989595186,2]",58,2014,51,"[3,275.133168873,437.989595186,2]",18,1000,"[3,275.133168873,437.989595186,2]",58
c106C15,70,"[3,298.193048757,466.827628929,2]",16,1000,"[3,298.193048757,466.827628929,2]",67,2015,70,"[3,298.193048757,466.827628929,2]",16,1000,"[3,298.193048757,466.827628929,2]",67
c106C15,50,"[3,275.133168873,437.989595186,2]",12,1000,"[3,275.133168873,437.989595186,2]",51,2016,50,"[3,275.133168873,437.989595186,2]",12,1000,"[3,275.133168873,437.989595186,2]",51
r101_21,59,"[20,1735.080023474,396.51781678,23]",30,109,"[20,1735.080023474,396.51781678,23]",32,2014,59,"[20,1735.080023474,396.51781678,23]",30,112,"[20,1735.080023474,396.51781678,23]",32
r101_21,55,"[20,1760.928139464,429.112245686,23]",25,109,"[20,1760.928139464,429.112245686,23]",32,2015,55,"[20,1760.928139464,429.112245686,23]",25,109,"[20,1760.928139464,429.112245686,23]",32
r101_21,99,"[20,1717.941592949,409.2004968,26]",35,118,"[20,1717.941592949,409.2004968,26]",36,2016,99,"[20,1717.941592949,409.2004968,26]",35,118,"[20,1717.941592949,409.2004968,26]",36
r103C10,126,"[2,207.051154172,49.247992351,3]",27,1000,"[2,207.051154172,49.247992351,3]",138,2014,126,"[2,207.051154172,49.247992351,3]",27,1000,"[2,207.051154172,49.247992351,3]",138
r103C10,103,"[2,207.051154172,49.247992351,3]",32,1000,"[2,207.051154172,49.247992351,3]",86,2015,103,"[2,207.051154172,49.247992351,3]",32,1000,"[2,207.051154172,49.247992351,3]",86
r103C10,50,"[2,207.051154172,49.247992351,3]",14,1000,"[2,207.051154172,49.247992351,3]",102,2016,50,"[2,207.051154172,49.247992351,3]",14,1000,"[2,207.051154172,49.247992351,3]",102
r105C15,51,"[4,336.1536021,80.684092212,4]",12,1000,"[4,336.1536021,80.684092212,4]",67,2014,51,"[4,336.1536021,80.684092212,4]",12,1000,"[4,336.1536021,80.684092212,4]",67
r105C15,60,"[4,338.888543976,80.684092212,4]",16,1000,"[4,336.1536021,80.684092212,4]",66,2015,60,"[4,338.888543976,80.684092212,4]",16,1000,"[4,336.1536021,80.684092212,4]",66
r105C15,66,"[4,336.1536021,80.684092212,4]",14,1000,"[4,336.1536021,80.684092212,4]",67,2016,66,"[4,336.1536021,80.684092212,4]",14,1000,"[4,336.1536021,80.684092212,4]",67
r105C5,50,"[2,156.082069464,44.159902941,2]",2,1000,"[2,156.082069464,44.159902941,2]",2,2014,50,"[2,156.082069464,44.159902941,2]",2,1000,"[2,156.082069464,44.159902941,2]",2
r105C5,50,"[2,156.082069464,44.159902941,2]",2,1000,"[2,156.082069464,44.159902941,2]",2,2015,50,"[2,156.082069464,44.159902941,2]",2,1000,"[2,156.082069464,44.159902941,2]",2
r105C5,50,"[2,156.082069464,44.159902941,2]",2,1000,"[2,156.082069464,44.159902941,2]",2,2016,50,"[2,156.082069464,44.159902941,2]",2,1000,"[2,156.082069464,44.159902941,2]",2
rc101_21,78,"[18,1863.274097528,312.76300404,20]",32,109,"[18,1863.274097528,312.76300404,20]",34,2014,78,"[18,1863.274097528,312.76300404,20]",32,106,"[18,1863.274097528,312.76300404,20]",34
rc101_21,92,"[17,1844.857320823,298.181064881,19]",35,109,"[17,1844.857320823,298.181064881,19]",37,2015,92,"[17,1844.857320823,298.181064881,19]",35,109,"[17,1844.857320823,298.181064881,19]",37
rc101_21,67,"[18,1881.438521144,332.415684781,20]",33,115,"[18,1881.438521144,332.415684781,20]",35,2016,67,"[18,1881.438521144,332.415684781,20]",33,121,"[18,1878.939296129,303.133100223,19]",36
rc102C10,74,"[4,423.510181924,69.382613231,3]",19,1000,"[4,423.510181924,69.382613231,3]",56,2014,74,"[4,423.510181924,69.382613231,3]",19,1000,"[4,423.510181924,69.382613231,3]",56
rc102C10,68,"[4,423.510181924,69.382613231,3]",22,1000,"[4,423.510181924,69.382613231,3]",52,2015,68,"[4,423.510181924,69.382613231,3]",22,1000,"[4,423.510181924,69.382613231,3]",52
rc102C10,50,"[4,423.510181924,69.382613231,3]",16,1000,"[4,423.510181924,69.382613231,3]",78,2016,50,"[4,423.510181924,69.382613231,3]",16,1000,"[4,423.510181924,69.382613231,3]",78
rc103C15,61,"[4,397.669856913,67.687714099,4]",21,1000,"[4,397.669856913,67.687714099,4]",139,2014,61,"[4,397.669856913,67.687714099,4]",21,1000,"[4,397.669856913,67.687714099,4]",139
rc103C15,63,"[4,397.669856913,67.687714099,4]",24,1000,"[4,397.669856913,67.687714099,4]",158,2015,63,"[4,397.669856913,67.687714099,4]",24,1000,"[4,397.669856913,67.687714099,4]",158
rc103C15,63,"[4,397.669856913,67.687714099,4]",22,1000,"[4,397.669856913,67.687714099,4]",108,2016,63,"[4,397.669856913,67.687714099,4]",22,1000,"[4,397.669856913,67.687714099,4]",108
rc105C5,50,"[2,241.296391877,59.789763586,3]",2,1000,"[2,241.296391877,59.789763586,3]",2,2014,50,"[2,241.296391877,59.789763586,3]",2,1000,"[2,241.296391877,59.789763586,3]",2
rc105C5,50,"[2,241.296391877,59.789763586,3]",2,1000,"[2,241.296391877,59.789763586,3]",2,2015,50,"[2,241.296391877,59.789763586,3]",2,1000,"[2,241.296391877,59.789763586,3]",2
rc105C5,50,"[2,241.296391877,59.789763586,3]",2,1000,"[2,241.296391877,59.789763586,3]",2,2016,50,"[2,241.296391877,59.789763586,3]",2,1000,"[2,241.296391877,59.789763586,3]",2
