instance,algorithm,runs,feasible_runs,feasibility_rate,best_objective_key,best_vehicle_count,best_total_distance,best_total_charging_time,best_charging_count,mean_vehicle_count,median_vehicle_count,worst_vehicle_count,standard_deviation_vehicle_count,mean_total_distance,median_total_distance,worst_total_distance,standard_deviation_total_distance,mean_total_charging_time,median_total_charging_time,worst_total_charging_time,standard_deviation_total_charging_time,mean_charging_count,median_charging_count,worst_charging_count,standard_deviation_charging_count,mean_runtime_seconds,median_runtime_seconds,worst_runtime_seconds,standard_deviation_runtime_seconds,mean_iterations,median_iterations,worst_iterations,standard_deviation_iterations
c101C5,ALNS_STAGE02_CONSTRAINT_GUIDED,3,3,1.0,"[2,257.747451864,472.556700052,3]",2,257.7474518641999,472.55670005197175,3,2.0,2.0,2.0,0.0,257.7474518641999,257.7474518641999,257.7474518641999,0.0,472.55670005197175,472.55670005197175,472.55670005197175,0.0,3.0,3.0,3.0,0.0,0.07536972199644272,0.0748024579952471,0.07679616700625047,0.0010156649412441795,1000.0,1000.0,1000.0,0.0
c101_21,ALNS_STAGE02_CONSTRAINT_GUIDED,3,3,1.0,"[12,1055.920259047,1386.415951629,8]",12,1055.9202590469108,1386.4159516285367,8,12.0,12.0,12.0,0.0,1062.8618914331591,1055.9202590469108,1076.7451562056556,9.816950665640592,1332.7144308589852,1386.4159516285367,1386.4159516285367,75.94541899235998,7.666666666666667,8.0,8.0,0.4714045207910317,30.01583669433118,30.01697566699295,30.02699158299947,0.009606730736467702,25.0,24.0,29.0,2.943920288775949
c104C10,ALNS_STAGE02_CONSTRAINT_GUIDED,3,3,1.0,"[2,273.931237129,589.151039592,3]",2,273.9312371287162,589.1510395919971,3,2.0,2.0,2.0,0.0,277.93249174868214,279.9331190586651,279.9331190586651,2.829314275031924,613.2962708750043,625.368886516508,625.368886516508,17.073256773532012,3.0,3.0,3.0,0.0,1.014094083327412,0.9658444999950007,1.1464001669955906,0.09468969904563575,1000.0,1000.0,1000.0,0.0
c106C15,ALNS_STAGE02_CONSTRAINT_GUIDED,3,3,1.0,"[3,275.133168873,437.989595186,2]",3,275.1331688731623,437.989595186203,2,3.0,3.0,3.0,0.0,275.1331688731623,275.1331688731623,275.1331688731623,0.0,437.98959518620296,437.989595186203,437.989595186203,0.0,2.0,2.0,2.0,0.0,1.7599912360019516,1.8454733329999726,2.0238047919992823,0.2574957827723171,1000.0,1000.0,1000.0,0.0
r101_21,ALNS_STAGE02_CONSTRAINT_GUIDED,3,3,1.0,"[20,1799.548688513,463.254013128,27]",20,1799.5486885134083,463.25401312804536,27,20.666666666666668,21.0,21.0,0.4714045207910317,1812.683201209865,1819.2504575580936,1819.2504575580936,9.28750299524546,449.3485036151181,442.39574885865443,463.25401312804536,9.83268007244493,26.333333333333332,26.0,27.0,0.4714045207910317,30.011747028004418,30.008539542002836,30.01946224999847,0.005481249877101077,45.0,48.0,51.0,6.48074069840786
r103C10,ALNS_STAGE02_CONSTRAINT_GUIDED,3,3,1.0,"[2,207.051154172,49.247992351,3]",2,207.0511541721048,49.24799235093133,3,2.0,2.0,2.0,0.0,207.85586985323093,207.0511541721048,209.46530121548315,1.1380398301028636,48.75151234354644,49.24799235093133,49.24799235093133,0.7021287598908047,2.6666666666666665,3.0,3.0,0.4714045207910317,0.8417038610059535,0.8582271250052145,1.032290875009494,0.1627790889665834,1000.0,1000.0,1000.0,0.0
r105C15,ALNS_STAGE02_CONSTRAINT_GUIDED,3,3,1.0,"[4,336.1536021,80.684092212,4]",4,336.1536020996758,80.68409221221032,4,4.0,4.0,4.0,0.0,343.7192122947591,338.8885439761397,356.1154908084618,8.836317766614256,84.77248102152096,80.68409221221032,92.94925864014223,5.781854902381495,4.0,4.0,4.0,0.0,1.85685929133615,1.9581232080090558,1.9930092499998864,0.16848000896885576,1000.0,1000.0,1000.0,0.0
r105C5,ALNS_STAGE02_CONSTRAINT_GUIDED,3,3,1.0,"[2,156.082069464,44.159902941,2]",2,156.08206946417084,44.159902941361445,2,2.0,2.0,2.0,0.0,156.08206946417084,156.08206946417084,156.08206946417084,0.0,44.159902941361445,44.159902941361445,44.159902941361445,0.0,2.0,2.0,2.0,0.0,0.06687063900365804,0.06698625000717584,0.06700137500592973,0.00017430304423217887,1000.0,1000.0,1000.0,0.0
rc101_21,ALNS_STAGE02_CONSTRAINT_GUIDED,3,3,1.0,"[19,1925.362709303,325.819224421,19]",19,1925.3627093025516,325.8192244207476,19,19.333333333333332,19.0,20.0,0.4714045207910317,1968.1000951143212,1967.4980787393333,2011.4394973010783,35.14327983007697,346.91528995511345,339.2084159158358,375.71822952875686,21.08750986224234,20.0,20.0,21.0,0.816496580927726,30.00211109733209,30.002129583997885,30.002776875000563,0.0005513073370940213,23.666666666666668,23.0,25.0,0.9428090415820634
rc102C10,ALNS_STAGE02_CONSTRAINT_GUIDED,3,3,1.0,"[4,423.510181924,69.382613231,3]",4,423.5101819239308,69.38261323056489,3,4.0,4.0,4.0,0.0,423.5101819239308,423.5101819239308,423.5101819239308,0.0,69.38261323056489,69.38261323056489,69.38261323056489,0.0,3.0,3.0,3.0,0.0,0.29453093066695146,0.29632804200809915,0.3016594999935478,0.006676173684556922,1000.0,1000.0,1000.0,0.0
rc103C15,ALNS_STAGE02_CONSTRAINT_GUIDED,3,3,1.0,"[4,397.669856913,67.687714099,4]",4,397.6698569130491,67.68771409904316,4,4.0,4.0,4.0,0.0,397.66985691304916,397.6698569130491,397.6698569130491,0.0,67.68771409904316,67.68771409904316,67.68771409904316,0.0,4.0,4.0,4.0,0.0,1.1202494996638659,1.1033616250060732,1.15962366599706,0.02793539331029481,1000.0,1000.0,1000.0,0.0
rc105C5,ALNS_STAGE02_CONSTRAINT_GUIDED,3,3,1.0,"[2,241.296391877,59.789763586,3]",2,241.29639187672765,59.789763585628236,3,2.0,2.0,2.0,0.0,241.29639187672765,241.29639187672765,241.29639187672765,0.0,59.789763585628236,59.789763585628236,59.789763585628236,0.0,3.0,3.0,3.0,0.0,0.07251204167065832,0.07270116700965445,0.07323529200220946,0.0006810014195153732,1000.0,1000.0,1000.0,0.0
