instance,seed,stage02_2_objective,stage02_3_objective,stage02_2_feasible,stage02_3_feasible,stage02_2_iterations,stage02_3_iterations,stage02_2_effective_iterations,stage02_3_effective_iterations,stage02_2_exact_charging_calls,stage02_3_exact_charging_calls,stage02_2_cache_hits,stage02_2_cache_misses,stage02_2_unique_route_evaluations,stage02_3_cache_hits,stage02_3_cache_misses,stage02_3_unique_route_evaluations,stage02_2_runtime_seconds,stage02_3_runtime_seconds,stage02_2_removal_tier_counts,stage02_3_removal_tier_counts,stage02_2_failure_events,stage02_3_failure_events,stage02_2_accepted_moves,stage02_3_accepted_moves,stage02_2_constraint_statistics,stage02_3_constraint_statistics,objective_comparison,readiness_status
c101C5,2014,"[2,257.747451864,472.556700052,3]","[2,257.747451864,472.556700052,3]",True,True,1000,1000,1000,1000,60,71,5014,60,60,5435,71,71,0.04871708400605712,0.07949283299967647,"{""large"":0,""medium"":0,""small"":0}","{""large"":332,""medium"":0,""small"":4}",406,744,755,755,{},"{""shaw_related"":{""accepted"":1,""best"":1,""calls"":85,""candidate_proposals"":86,""distance_improvements"":1,""exact_route_evaluations"":3,""failure_reasons"":{""candidate_rejected"":84,""constraint_removal_no_change"":84},""feasible_candidates"":1,""feasible_repairs"":1,""improved"":1,""new_routes_created"":0,""prefilter_passed"":170,""prefilter_rejected"":0,""rejected"":84,""vehicle_reductions"":0,""weight"":1.0},""station_pressure"":{""accepted"":0,""best"":0,""calls"":97,""candidate_proposals"":97,""distance_improvements"":0,""exact_route_evaluations"":1,""failure_reasons"":{""candidate_rejected"":97,""constraint_removal_no_change"":97},""feasible_candidates"":0,""feasible_repairs"":0,""improved"":0,""new_routes_created"":0,""prefilter_passed"":194,""prefilter_rejected"":0,""rejected"":97,""vehicle_reductions"":0,""weight"":1.0},""time_window_conflict"":{""accepted"":0,""best"":0,""calls"":76,""candidate_proposals"":76,""distance_improvements"":0,""exact_route_evaluations"":0,""failure_reasons"":{""candidate_rejected"":76,""constraint_removal_no_change"":76},""feasible_candidates"":0,""feasible_repairs"":0,""improved"":0,""new_routes_created"":0,""prefilter_passed"":152,""prefilter_rejected"":0,""rejected"":76,""vehicle_reductions"":0,""weight"":1.0},""worst_energy_detour"":{""accepted"":0,""best"":0,""calls"":78,""candidate_proposals"":78,""distance_improvements"":0,""exact_route_evaluations"":0,""failure_reasons"":{""candidate_rejected"":78,""constraint_removal_no_change"":78},""feasible_candidates"":0,""feasible_repairs"":0,""improved"":0,""new_routes_created"":0,""prefilter_passed"":156,""prefilter_rejected"":0,""rejected"":78,""vehicle_reductions"":0,""weight"":1.0}}",equal,ready
c101C5,2015,"[2,257.747451864,472.556700052,3]","[2,257.747451864,472.556700052,3]",True,True,1000,1000,1000,1000,60,70,4762,60,60,5196,70,70,0.04772950000187848,0.07723608300148044,"{""large"":0,""medium"":0,""small"":0}","{""large"":332,""medium"":0,""small"":4}",386,724,779,779,{},"{""shaw_related"":{""accepted"":1,""best"":1,""calls"":86,""candidate_proposals"":87,""distance_improvements"":1,""exact_route_evaluations"":2,""failure_reasons"":{""candidate_rejected"":85,""constraint_removal_no_change"":85},""feasible_candidates"":1,""feasible_repairs"":1,""improved"":1,""new_routes_created"":0,""prefilter_passed"":172,""prefilter_rejected"":0,""rejected"":85,""vehicle_reductions"":0,""weight"":1.0},""station_pressure"":{""accepted"":0,""best"":0,""calls"":87,""candidate_proposals"":87,""distance_improvements"":0,""exact_route_evaluations"":1,""failure_reasons"":{""candidate_rejected"":87,""constraint_removal_no_change"":87},""feasible_candidates"":0,""feasible_repairs"":0,""improved"":0,""new_routes_created"":0,""prefilter_passed"":174,""prefilter_rejected"":0,""rejected"":87,""vehicle_reductions"":0,""weight"":1.0},""time_window_conflict"":{""accepted"":0,""best"":0,""calls"":84,""candidate_proposals"":84,""distance_improvements"":0,""exact_route_evaluations"":0,""failure_reasons"":{""candidate_rejected"":84,""constraint_removal_no_change"":84},""feasible_candidates"":0,""feasible_repairs"":0,""improved"":0,""new_routes_created"":0,""prefilter_passed"":168,""prefilter_rejected"":0,""rejected"":84,""vehicle_reductions"":0,""weight"":1.0},""worst_energy_detour"":{""accepted"":0,""best"":0,""calls"":79,""candidate_proposals"":79,""distance_improvements"":0,""exact_route_evaluations"":0,""failure_reasons"":{""candidate_rejected"":79,""constraint_removal_no_change"":79},""feasible_candidates"":0,""feasible_repairs"":0,""improved"":0,""new_routes_created"":0,""prefilter_passed"":158,""prefilter_rejected"":0,""rejected"":79,""vehicle_reductions"":0,""weight"":1.0}}",equal,ready
c101C5,2016,"[2,257.747451864,472.556700052,3]","[2,257.747451864,472.556700052,3]",True,True,1000,1000,1000,1000,60,71,4906,60,60,5341,71,71,0.047304541993071325,0.07690874999389052,"{""large"":0,""medium"":0,""small"":0}","{""large"":332,""medium"":0,""small"":4}",371,709,763,763,{},"{""shaw_related"":{""accepted"":1,""best"":1,""calls"":87,""candidate_proposals"":88,""distance_improvements"":1,""exact_route_evaluations"":3,""failure_reasons"":{""candidate_rejected"":86,""constraint_removal_no_change"":86},""feasible_candidates"":1,""feasible_repairs"":1,""improved"":1,""new_routes_created"":0,""prefilter_passed"":174,""prefilter_rejected"":0,""rejected"":86,""vehicle_reductions"":0,""weight"":1.0},""station_pressure"":{""accepted"":0,""best"":0,""calls"":78,""candidate_proposals"":78,""distance_improvements"":0,""exact_route_evaluations"":1,""failure_reasons"":{""candidate_rejected"":78,""constraint_removal_no_change"":78},""feasible_candidates"":0,""feasible_repairs"":0,""improved"":0,""new_routes_created"":0,""prefilter_passed"":156,""prefilter_rejected"":0,""rejected"":78,""vehicle_reductions"":0,""weight"":1.0},""time_window_conflict"":{""accepted"":0,""best"":0,""calls"":87,""candidate_proposals"":87,""distance_improvements"":0,""exact_route_evaluations"":0,""failure_reasons"":{""candidate_rejected"":87,""constraint_removal_no_change"":87},""feasible_candidates"":0,""feasible_repairs"":0,""improved"":0,""new_routes_created"":0,""prefilter_passed"":174,""prefilter_rejected"":0,""rejected"":87,""vehicle_reductions"":0,""weight"":1.0},""worst_energy_detour"":{""accepted"":0,""best"":0,""calls"":84,""candidate_proposals"":84,""distance_improvements"":0,""exact_route_evaluations"":0,""failure_reasons"":{""candidate_rejected"":84,""constraint_removal_no_change"":84},""feasible_candidates"":0,""feasible_repairs"":0,""improved"":0,""new_routes_created"":0,""prefilter_passed"":168,""prefilter_rejected"":0,""rejected"":84,""vehicle_reductions"":0,""weight"":1.0}}",equal,ready
r105C5,2014,"[2,156.082069464,44.159902941,2]","[2,156.082069464,44.159902941,2]",True,True,1000,1000,1000,1000,58,74,7363,58,58,7838,74,74,0.0409693330002483,0.07171912500052713,"{""large"":0,""medium"":0,""small"":0}","{""large"":332,""medium"":0,""small"":4}",377,714,876,876,{},"{""shaw_related"":{""accepted"":0,""best"":0,""calls"":85,""candidate_proposals"":85,""distance_improvements"":0,""exact_route_evaluations"":2,""failure_reasons"":{""candidate_rejected"":85,""constraint_removal_no_change"":85},""feasible_candidates"":0,""feasible_repairs"":0,""improved"":0,""new_routes_created"":0,""prefilter_passed"":170,""prefilter_rejected"":0,""rejected"":85,""vehicle_reductions"":0,""weight"":1.0},""station_pressure"":{""accepted"":0,""best"":0,""calls"":97,""candidate_proposals"":97,""distance_improvements"":0,""exact_route_evaluations"":2,""failure_reasons"":{""candidate_rejected"":97,""constraint_removal_no_change"":97},""feasible_candidates"":0,""feasible_repairs"":0,""improved"":0,""new_routes_created"":0,""prefilter_passed"":194,""prefilter_rejected"":0,""rejected"":97,""vehicle_reductions"":0,""weight"":1.0},""time_window_conflict"":{""accepted"":1,""best"":0,""calls"":76,""candidate_proposals"":77,""distance_improvements"":0,""exact_route_evaluations"":3,""failure_reasons"":{""candidate_rejected"":75,""constraint_removal_no_change"":75},""feasible_candidates"":1,""feasible_repairs"":1,""improved"":0,""new_routes_created"":0,""prefilter_passed"":152,""prefilter_rejected"":0,""rejected"":75,""vehicle_reductions"":0,""weight"":1.0},""worst_energy_detour"":{""accepted"":0,""best"":0,""calls"":78,""candidate_proposals"":78,""distance_improvements"":0,""exact_route_evaluations"":0,""failure_reasons"":{""candidate_rejected"":78,""constraint_removal_no_change"":78},""feasible_candidates"":0,""feasible_repairs"":0,""improved"":0,""new_routes_created"":0,""prefilter_passed"":156,""prefilter_rejected"":0,""rejected"":78,""vehicle_reductions"":0,""weight"":1.0}}",equal,ready
r105C5,2015,"[2,156.082069464,44.159902941,2]","[2,156.082069464,44.159902941,2]",True,True,1000,1000,1000,1000,58,74,7325,58,58,7810,74,74,0.04053395800292492,0.07048329099779949,"{""large"":0,""medium"":0,""small"":0}","{""large"":332,""medium"":0,""small"":4}",307,644,890,890,{},"{""shaw_related"":{""accepted"":0,""best"":0,""calls"":86,""candidate_proposals"":86,""distance_improvements"":0,""exact_route_evaluations"":3,""failure_reasons"":{""candidate_rejected"":86,""constraint_removal_no_change"":86},""feasible_candidates"":0,""feasible_repairs"":0,""improved"":0,""new_routes_created"":0,""prefilter_passed"":172,""prefilter_rejected"":0,""rejected"":86,""vehicle_reductions"":0,""weight"":1.0},""station_pressure"":{""accepted"":0,""best"":0,""calls"":87,""candidate_proposals"":87,""distance_improvements"":0,""exact_route_evaluations"":2,""failure_reasons"":{""candidate_rejected"":87,""constraint_removal_no_change"":87},""feasible_candidates"":0,""feasible_repairs"":0,""improved"":0,""new_routes_created"":0,""prefilter_passed"":174,""prefilter_rejected"":0,""rejected"":87,""vehicle_reductions"":0,""weight"":1.0},""time_window_conflict"":{""accepted"":1,""best"":0,""calls"":84,""candidate_proposals"":85,""distance_improvements"":0,""exact_route_evaluations"":2,""failure_reasons"":{""candidate_rejected"":83,""constraint_removal_no_change"":83},""feasible_candidates"":1,""feasible_repairs"":1,""improved"":0,""new_routes_created"":0,""prefilter_passed"":168,""prefilter_rejected"":0,""rejected"":83,""vehicle_reductions"":0,""weight"":1.0},""worst_energy_detour"":{""accepted"":0,""best"":0,""calls"":79,""candidate_proposals"":79,""distance_improvements"":0,""exact_route_evaluations"":0,""failure_reasons"":{""candidate_rejected"":79,""constraint_removal_no_change"":79},""feasible_candidates"":0,""feasible_repairs"":0,""improved"":0,""new_routes_created"":0,""prefilter_passed"":158,""prefilter_rejected"":0,""rejected"":79,""vehicle_reductions"":0,""weight"":1.0}}",equal,ready
r105C5,2016,"[2,156.082069464,44.159902941,2]","[2,156.082069464,44.159902941,2]",True,True,1000,1000,1000,1000,58,74,7392,58,58,7877,74,74,0.041182333006872796,0.07159783299721312,"{""large"":0,""medium"":0,""small"":0}","{""large"":332,""medium"":0,""small"":4}",300,637,881,881,{},"{""shaw_related"":{""accepted"":0,""best"":0,""calls"":87,""candidate_proposals"":87,""distance_improvements"":0,""exact_route_evaluations"":2,""failure_reasons"":{""candidate_rejected"":87,""constraint_removal_no_change"":87},""feasible_candidates"":0,""feasible_repairs"":0,""improved"":0,""new_routes_created"":0,""prefilter_passed"":174,""prefilter_rejected"":0,""rejected"":87,""vehicle_reductions"":0,""weight"":1.0},""station_pressure"":{""accepted"":0,""best"":0,""calls"":78,""candidate_proposals"":78,""distance_improvements"":0,""exact_route_evaluations"":2,""failure_reasons"":{""candidate_rejected"":78,""constraint_removal_no_change"":78},""feasible_candidates"":0,""feasible_repairs"":0,""improved"":0,""new_routes_created"":0,""prefilter_passed"":156,""prefilter_rejected"":0,""rejected"":78,""vehicle_reductions"":0,""weight"":1.0},""time_window_conflict"":{""accepted"":1,""best"":0,""calls"":87,""candidate_proposals"":88,""distance_improvements"":0,""exact_route_evaluations"":3,""failure_reasons"":{""candidate_rejected"":86,""constraint_removal_no_change"":86},""feasible_candidates"":1,""feasible_repairs"":1,""improved"":0,""new_routes_created"":0,""prefilter_passed"":174,""prefilter_rejected"":0,""rejected"":86,""vehicle_reductions"":0,""weight"":1.0},""worst_energy_detour"":{""accepted"":0,""best"":0,""calls"":84,""candidate_proposals"":84,""distance_improvements"":0,""exact_route_evaluations"":0,""failure_reasons"":{""candidate_rejected"":84,""constraint_removal_no_change"":84},""feasible_candidates"":0,""feasible_repairs"":0,""improved"":0,""new_routes_created"":0,""prefilter_passed"":168,""prefilter_rejected"":0,""rejected"":84,""vehicle_reductions"":0,""weight"":1.0}}",equal,ready
rc105C5,2014,"[2,241.296391877,59.789763586,3]","[2,241.296391877,59.789763586,3]",True,True,1000,1000,1000,1000,50,78,6840,50,50,7381,78,78,0.04419045899703633,0.07957245799480006,"{""large"":0,""medium"":0,""small"":0}","{""large"":332,""medium"":0,""small"":4}",314,616,916,916,{},"{""shaw_related"":{""accepted"":15,""best"":0,""calls"":85,""candidate_proposals"":100,""distance_improvements"":0,""exact_route_evaluations"":8,""failure_reasons"":{""candidate_rejected"":70,""constraint_removal_no_change"":54,""constraint_removal_no_existing_route_insertion"":16},""feasible_candidates"":15,""feasible_repairs"":15,""improved"":0,""new_routes_created"":0,""prefilter_passed"":170,""prefilter_rejected"":0,""rejected"":70,""vehicle_reductions"":0,""weight"":1.0},""station_pressure"":{""accepted"":1,""best"":1,""calls"":97,""candidate_proposals"":98,""distance_improvements"":1,""exact_route_evaluations"":3,""failure_reasons"":{""candidate_rejected"":96,""constraint_removal_no_change"":9,""constraint_removal_no_existing_route_insertion"":87},""feasible_candidates"":1,""feasible_repairs"":1,""improved"":1,""new_routes_created"":0,""prefilter_passed"":194,""prefilter_rejected"":0,""rejected"":96,""vehicle_reductions"":0,""weight"":1.0},""time_window_conflict"":{""accepted"":11,""best"":0,""calls"":76,""candidate_proposals"":87,""distance_improvements"":0,""exact_route_evaluations"":6,""failure_reasons"":{""candidate_rejected"":65,""constraint_removal_no_change"":65},""feasible_candidates"":11,""feasible_repairs"":11,""improved"":0,""new_routes_created"":0,""prefilter_passed"":152,""prefilter_rejected"":0,""rejected"":65,""vehicle_reductions"":0,""weight"":1.0},""worst_energy_detour"":{""accepted"":0,""best"":0,""calls"":78,""candidate_proposals"":78,""distance_improvements"":0,""exact_route_evaluations"":0,""failure_reasons"":{""candidate_rejected"":78,""constraint_removal_no_change"":9,""constraint_removal_no_existing_route_insertion"":69},""feasible_candidates"":0,""feasible_repairs"":0,""improved"":0,""new_routes_created"":0,""prefilter_passed"":156,""prefilter_rejected"":0,""rejected"":78,""vehicle_reductions"":0,""weight"":1.0}}",equal,ready
rc105C5,2015,"[2,241.296391877,59.789763586,3]","[2,241.296391877,59.789763586,3]",True,True,1000,1000,1000,1000,50,77,6763,50,50,7342,77,77,0.04434579199005384,0.07996641600038856,"{""large"":0,""medium"":0,""small"":0}","{""large"":332,""medium"":0,""small"":4}",317,615,923,923,{},"{""shaw_related"":{""accepted"":16,""best"":0,""calls"":86,""candidate_proposals"":102,""distance_improvements"":0,""exact_route_evaluations"":10,""failure_reasons"":{""candidate_rejected"":70,""constraint_removal_no_change"":54,""constraint_removal_no_existing_route_insertion"":16},""feasible_candidates"":16,""feasible_repairs"":16,""improved"":0,""new_routes_created"":0,""prefilter_passed"":172,""prefilter_rejected"":0,""rejected"":70,""vehicle_reductions"":0,""weight"":1.0},""station_pressure"":{""accepted"":1,""best"":1,""calls"":87,""candidate_proposals"":88,""distance_improvements"":1,""exact_route_evaluations"":3,""failure_reasons"":{""candidate_rejected"":86,""constraint_removal_no_change"":4,""constraint_removal_no_existing_route_insertion"":82},""feasible_candidates"":1,""feasible_repairs"":1,""improved"":1,""new_routes_created"":0,""prefilter_passed"":174,""prefilter_rejected"":0,""rejected"":86,""vehicle_reductions"":0,""weight"":1.0},""time_window_conflict"":{""accepted"":14,""best"":0,""calls"":84,""candidate_proposals"":98,""distance_improvements"":0,""exact_route_evaluations"":3,""failure_reasons"":{""candidate_rejected"":70,""constraint_removal_no_change"":70},""feasible_candidates"":14,""feasible_repairs"":14,""improved"":0,""new_routes_created"":0,""prefilter_passed"":168,""prefilter_rejected"":0,""rejected"":70,""vehicle_reductions"":0,""weight"":1.0},""worst_energy_detour"":{""accepted"":0,""best"":0,""calls"":79,""candidate_proposals"":79,""distance_improvements"":0,""exact_route_evaluations"":0,""failure_reasons"":{""candidate_rejected"":79,""constraint_removal_no_change"":7,""constraint_removal_no_existing_route_insertion"":72},""feasible_candidates"":0,""feasible_repairs"":0,""improved"":0,""new_routes_created"":0,""prefilter_passed"":158,""prefilter_rejected"":0,""rejected"":79,""vehicle_reductions"":0,""weight"":1.0}}",equal,ready
rc105C5,2016,"[2,241.296391877,59.789763586,3]","[2,241.296391877,59.789763586,3]",True,True,1000,1000,1000,1000,50,77,6946,50,50,7483,77,77,0.04540800000540912,0.07870275000459515,"{""large"":0,""medium"":0,""small"":0}","{""large"":332,""medium"":0,""small"":4}",324,618,900,900,{},"{""shaw_related"":{""accepted"":20,""best"":0,""calls"":87,""candidate_proposals"":107,""distance_improvements"":0,""exact_route_evaluations"":7,""failure_reasons"":{""candidate_rejected"":67,""constraint_removal_no_change"":49,""constraint_removal_no_existing_route_insertion"":18},""feasible_candidates"":20,""feasible_repairs"":20,""improved"":0,""new_routes_created"":0,""prefilter_passed"":174,""prefilter_rejected"":0,""rejected"":67,""vehicle_reductions"":0,""weight"":1.0},""station_pressure"":{""accepted"":1,""best"":1,""calls"":78,""candidate_proposals"":79,""distance_improvements"":1,""exact_route_evaluations"":3,""failure_reasons"":{""candidate_rejected"":77,""constraint_removal_no_existing_route_insertion"":77},""feasible_candidates"":1,""feasible_repairs"":1,""improved"":1,""new_routes_created"":0,""prefilter_passed"":156,""prefilter_rejected"":0,""rejected"":77,""vehicle_reductions"":0,""weight"":1.0},""time_window_conflict"":{""accepted"":14,""best"":0,""calls"":87,""candidate_proposals"":101,""distance_improvements"":0,""exact_route_evaluations"":6,""failure_reasons"":{""candidate_rejected"":73,""constraint_removal_no_change"":73},""feasible_candidates"":14,""feasible_repairs"":14,""improved"":0,""new_routes_created"":0,""prefilter_passed"":174,""prefilter_rejected"":0,""rejected"":73,""vehicle_reductions"":0,""weight"":1.0},""worst_energy_detour"":{""accepted"":0,""best"":0,""calls"":84,""candidate_proposals"":84,""distance_improvements"":0,""exact_route_evaluations"":0,""failure_reasons"":{""candidate_rejected"":84,""constraint_removal_no_change"":1,""constraint_removal_no_existing_route_insertion"":83},""feasible_candidates"":0,""feasible_repairs"":0,""improved"":0,""new_routes_created"":0,""prefilter_passed"":168,""prefilter_rejected"":0,""rejected"":84,""vehicle_reductions"":0,""weight"":1.0}}",equal,ready
c104C10,2014,"[2,273.931237129,589.151039592,3]","[2,273.931237129,589.151039592,3]",True,True,1000,1000,1000,1000,2050,2626,34811,2050,2050,42602,2626,2626,1.1034339999896474,1.4073652079969179,"{""large"":0,""medium"":0,""small"":0}","{""large"":326,""medium"":2,""small"":8}",575,1054,794,749,{},"{""shaw_related"":{""accepted"":3,""best"":0,""calls"":85,""candidate_proposals"":88,""distance_improvements"":0,""exact_route_evaluations"":251,""failure_reasons"":{""candidate_rejected"":82,""constraint_removal_no_change"":23,""evaluation_budget_exhausted"":59},""feasible_candidates"":3,""feasible_repairs"":3,""improved"":0,""new_routes_created"":0,""prefilter_passed"":170,""prefilter_rejected"":0,""rejected"":82,""vehicle_reductions"":0,""weight"":1.0},""station_pressure"":{""accepted"":0,""best"":0,""calls"":97,""candidate_proposals"":97,""distance_improvements"":0,""exact_route_evaluations"":65,""failure_reasons"":{""candidate_rejected"":97,""constraint_removal_no_change"":82,""evaluation_budget_exhausted"":15},""feasible_candidates"":0,""feasible_repairs"":0,""improved"":0,""new_routes_created"":0,""prefilter_passed"":194,""prefilter_rejected"":0,""rejected"":97,""vehicle_reductions"":0,""weight"":1.0},""time_window_conflict"":{""accepted"":2,""best"":1,""calls"":76,""candidate_proposals"":78,""distance_improvements"":2,""exact_route_evaluations"":65,""failure_reasons"":{""candidate_rejected"":74,""constraint_removal_no_change"":60,""evaluation_budget_exhausted"":14},""feasible_candidates"":2,""feasible_repairs"":2,""improved"":2,""new_routes_created"":0,""prefilter_passed"":152,""prefilter_rejected"":0,""rejected"":74,""vehicle_reductions"":0,""weight"":1.0},""worst_energy_detour"":{""accepted"":1,""best"":1,""calls"":78,""candidate_proposals"":79,""distance_improvements"":1,""exact_route_evaluations"":41,""failure_reasons"":{""candidate_rejected"":77,""constraint_removal_no_change"":69,""evaluation_budget_exhausted"":8},""feasible_candidates"":1,""feasible_repairs"":1,""improved"":1,""new_routes_created"":0,""prefilter_passed"":156,""prefilter_rejected"":0,""rejected"":77,""vehicle_reductions"":0,""weight"":1.0}}",equal,ready
c104C10,2015,"[2,279.933119059,625.368886517,3]","[2,279.933119059,625.368886517,3]",True,True,1000,1000,1000,1000,1542,1835,35351,1542,1542,42380,1835,1835,0.8921963749889983,1.1218566669995198,"{""large"":0,""medium"":0,""small"":0}","{""large"":325,""medium"":1,""small"":10}",539,875,818,818,{},"{""shaw_related"":{""accepted"":3,""best"":1,""calls"":86,""candidate_proposals"":89,""distance_improvements"":1,""exact_route_evaluations"":179,""failure_reasons"":{""candidate_rejected"":83,""constraint_removal_no_change"":43,""evaluation_budget_exhausted"":40},""feasible_candidates"":3,""feasible_repairs"":3,""improved"":1,""new_routes_created"":0,""prefilter_passed"":172,""prefilter_rejected"":0,""rejected"":83,""vehicle_reductions"":0,""weight"":1.0},""station_pressure"":{""accepted"":0,""best"":0,""calls"":87,""candidate_proposals"":87,""distance_improvements"":0,""exact_route_evaluations"":33,""failure_reasons"":{""candidate_rejected"":87,""constraint_removal_no_change"":80,""evaluation_budget_exhausted"":7},""feasible_candidates"":0,""feasible_repairs"":0,""improved"":0,""new_routes_created"":0,""prefilter_passed"":174,""prefilter_rejected"":0,""rejected"":87,""vehicle_reductions"":0,""weight"":1.0},""time_window_conflict"":{""accepted"":1,""best"":1,""calls"":84,""candidate_proposals"":85,""distance_improvements"":1,""exact_route_evaluations"":47,""failure_reasons"":{""candidate_rejected"":83,""constraint_removal_no_change"":72,""evaluation_budget_exhausted"":11},""feasible_candidates"":1,""feasible_repairs"":1,""improved"":1,""new_routes_created"":0,""prefilter_passed"":168,""prefilter_rejected"":0,""rejected"":83,""vehicle_reductions"":0,""weight"":1.0},""worst_energy_detour"":{""accepted"":1,""best"":1,""calls"":79,""candidate_proposals"":80,""distance_improvements"":1,""exact_route_evaluations"":27,""failure_reasons"":{""candidate_rejected"":78,""constraint_removal_no_change"":73,""evaluation_budget_exhausted"":5},""feasible_candidates"":1,""feasible_repairs"":1,""improved"":1,""new_routes_created"":0,""prefilter_passed"":158,""prefilter_rejected"":0,""rejected"":78,""vehicle_reductions"":0,""weight"":1.0}}",equal,ready
c104C10,2016,"[2,279.933119059,625.368886517,3]","[2,279.933119059,625.368886517,3]",True,True,1000,1000,1000,1000,1723,2275,34538,1723,1723,40273,2275,2275,0.9300315419968683,1.257991917009349,"{""large"":0,""medium"":0,""small"":0}","{""large"":323,""medium"":2,""small"":11}",453,745,834,834,{},"{""shaw_related"":{""accepted"":8,""best"":2,""calls"":87,""candidate_proposals"":95,""distance_improvements"":2,""exact_route_evaluations"":275,""failure_reasons"":{""candidate_rejected"":79,""constraint_removal_no_change"":14,""evaluation_budget_exhausted"":65},""feasible_candidates"":8,""feasible_repairs"":8,""improved"":2,""new_routes_created"":0,""prefilter_passed"":174,""prefilter_rejected"":0,""rejected"":79,""vehicle_reductions"":0,""weight"":1.0},""station_pressure"":{""accepted"":1,""best"":0,""calls"":78,""candidate_proposals"":79,""distance_improvements"":1,""exact_route_evaluations"":81,""failure_reasons"":{""candidate_rejected"":77,""constraint_removal_no_change"":58,""evaluation_budget_exhausted"":19},""feasible_candidates"":1,""feasible_repairs"":1,""improved"":1,""new_routes_created"":0,""prefilter_passed"":156,""prefilter_rejected"":0,""rejected"":77,""vehicle_reductions"":0,""weight"":1.0},""time_window_conflict"":{""accepted"":32,""best"":2,""calls"":87,""candidate_proposals"":119,""distance_improvements"":2,""exact_route_evaluations"":114,""failure_reasons"":{""candidate_rejected"":55,""constraint_removal_no_change"":29,""evaluation_budget_exhausted"":26},""feasible_candidates"":32,""feasible_repairs"":32,""improved"":2,""new_routes_created"":0,""prefilter_passed"":174,""prefilter_rejected"":0,""rejected"":55,""vehicle_reductions"":0,""weight"":1.0},""worst_energy_detour"":{""accepted"":8,""best"":1,""calls"":84,""candidate_proposals"":92,""distance_improvements"":1,""exact_route_evaluations"":75,""failure_reasons"":{""candidate_rejected"":76,""constraint_removal_no_change"":59,""evaluation_budget_exhausted"":17},""feasible_candidates"":8,""feasible_repairs"":8,""improved"":1,""new_routes_created"":0,""prefilter_passed"":168,""prefilter_rejected"":0,""rejected"":76,""vehicle_reductions"":0,""weight"":1.0}}",equal,ready
r103C10,2014,"[2,209.465301215,47.758552329,2]","[2,209.465301215,47.758552329,2]",True,True,1000,1000,1000,1000,1179,1315,24150,1179,1179,29165,1315,1315,0.5858901250030613,0.7104107909981394,"{""large"":0,""medium"":0,""small"":0}","{""large"":324,""medium"":1,""small"":11}",599,798,758,758,{},"{""shaw_related"":{""accepted"":21,""best"":0,""calls"":85,""candidate_proposals"":106,""distance_improvements"":9,""exact_route_evaluations"":76,""failure_reasons"":{""candidate_rejected"":64,""constraint_removal_no_change"":47,""evaluation_budget_exhausted"":17},""feasible_candidates"":21,""feasible_repairs"":21,""improved"":9,""new_routes_created"":0,""prefilter_passed"":170,""prefilter_rejected"":0,""rejected"":64,""vehicle_reductions"":0,""weight"":1.0},""station_pressure"":{""accepted"":27,""best"":0,""calls"":97,""candidate_proposals"":124,""distance_improvements"":27,""exact_route_evaluations"":24,""failure_reasons"":{""candidate_rejected"":70,""constraint_removal_no_change"":66,""evaluation_budget_exhausted"":4},""feasible_candidates"":27,""feasible_repairs"":27,""improved"":27,""new_routes_created"":0,""prefilter_passed"":194,""prefilter_rejected"":0,""rejected"":70,""vehicle_reductions"":0,""weight"":1.0},""time_window_conflict"":{""accepted"":50,""best"":1,""calls"":76,""candidate_proposals"":126,""distance_improvements"":1,""exact_route_evaluations"":19,""failure_reasons"":{""candidate_rejected"":26,""constraint_removal_no_change"":23,""evaluation_budget_exhausted"":3},""feasible_candidates"":50,""feasible_repairs"":50,""improved"":1,""new_routes_created"":0,""prefilter_passed"":152,""prefilter_rejected"":0,""rejected"":26,""vehicle_reductions"":0,""weight"":1.0},""worst_energy_detour"":{""accepted"":25,""best"":1,""calls"":78,""candidate_proposals"":103,""distance_improvements"":25,""exact_route_evaluations"":15,""failure_reasons"":{""candidate_rejected"":53,""constraint_removal_no_change"":50,""evaluation_budget_exhausted"":3},""feasible_candidates"":25,""feasible_repairs"":25,""improved"":25,""new_routes_created"":0,""prefilter_passed"":156,""prefilter_rejected"":0,""rejected"":53,""vehicle_reductions"":0,""weight"":1.0}}",equal,ready
r103C10,2015,"[2,207.051154172,49.247992351,3]","[2,207.051154172,49.247992351,3]",True,True,1000,1000,1000,1000,1913,2065,28147,1913,1913,33143,2065,2065,0.8095249999896623,0.9356505420000758,"{""large"":0,""medium"":0,""small"":0}","{""large"":327,""medium"":1,""small"":8}",455,660,601,601,{},"{""shaw_related"":{""accepted"":27,""best"":0,""calls"":86,""candidate_proposals"":113,""distance_improvements"":11,""exact_route_evaluations"":87,""failure_reasons"":{""candidate_rejected"":59,""constraint_removal_no_change"":41,""evaluation_budget_exhausted"":18},""feasible_candidates"":27,""feasible_repairs"":27,""improved"":11,""new_routes_created"":0,""prefilter_passed"":172,""prefilter_rejected"":0,""rejected"":59,""vehicle_reductions"":0,""weight"":1.0},""station_pressure"":{""accepted"":22,""best"":0,""calls"":87,""candidate_proposals"":109,""distance_improvements"":22,""exact_route_evaluations"":26,""failure_reasons"":{""candidate_rejected"":65,""constraint_removal_no_change"":59,""evaluation_budget_exhausted"":6},""feasible_candidates"":22,""feasible_repairs"":22,""improved"":22,""new_routes_created"":0,""prefilter_passed"":174,""prefilter_rejected"":0,""rejected"":65,""vehicle_reductions"":0,""weight"":1.0},""time_window_conflict"":{""accepted"":43,""best"":1,""calls"":84,""candidate_proposals"":127,""distance_improvements"":1,""exact_route_evaluations"":14,""failure_reasons"":{""candidate_rejected"":41,""constraint_removal_no_change"":39,""evaluation_budget_exhausted"":2},""feasible_candidates"":43,""feasible_repairs"":43,""improved"":1,""new_routes_created"":0,""prefilter_passed"":168,""prefilter_rejected"":0,""rejected"":41,""vehicle_reductions"":0,""weight"":1.0},""worst_energy_detour"":{""accepted"":25,""best"":1,""calls"":79,""candidate_proposals"":104,""distance_improvements"":25,""exact_route_evaluations"":19,""failure_reasons"":{""candidate_rejected"":54,""constraint_removal_no_change"":50,""evaluation_budget_exhausted"":4},""feasible_candidates"":25,""feasible_repairs"":25,""improved"":25,""new_routes_created"":0,""prefilter_passed"":158,""prefilter_rejected"":0,""rejected"":54,""vehicle_reductions"":0,""weight"":1.0}}",equal,ready
r103C10,2016,"[2,207.051154172,49.247992351,3]","[2,207.051154172,49.247992351,3]",True,True,1000,1000,1000,1000,2158,2307,24615,2158,2158,29611,2307,2307,0.9822548329975689,1.1062937909882748,"{""large"":0,""medium"":0,""small"":0}","{""large"":328,""medium"":0,""small"":8}",497,726,710,710,{},"{""shaw_related"":{""accepted"":17,""best"":0,""calls"":87,""candidate_proposals"":104,""distance_improvements"":7,""exact_route_evaluations"":85,""failure_reasons"":{""candidate_rejected"":70,""constraint_removal_no_change"":51,""evaluation_budget_exhausted"":19},""feasible_candidates"":17,""feasible_repairs"":17,""improved"":7,""new_routes_created"":0,""prefilter_passed"":174,""prefilter_rejected"":0,""rejected"":70,""vehicle_reductions"":0,""weight"":1.0},""station_pressure"":{""accepted"":19,""best"":0,""calls"":78,""candidate_proposals"":97,""distance_improvements"":19,""exact_route_evaluations"":18,""failure_reasons"":{""candidate_rejected"":59,""constraint_removal_no_change"":55,""evaluation_budget_exhausted"":4},""feasible_candidates"":19,""feasible_repairs"":19,""improved"":19,""new_routes_created"":0,""prefilter_passed"":156,""prefilter_rejected"":0,""rejected"":59,""vehicle_reductions"":0,""weight"":1.0},""time_window_conflict"":{""accepted"":37,""best"":1,""calls"":87,""candidate_proposals"":124,""distance_improvements"":1,""exact_route_evaluations"":12,""failure_reasons"":{""candidate_rejected"":50,""constraint_removal_no_change"":49,""evaluation_budget_exhausted"":1},""feasible_candidates"":37,""feasible_repairs"":37,""improved"":1,""new_routes_created"":0,""prefilter_passed"":174,""prefilter_rejected"":0,""rejected"":50,""vehicle_reductions"":0,""weight"":1.0},""worst_energy_detour"":{""accepted"":20,""best"":1,""calls"":84,""candidate_proposals"":104,""distance_improvements"":20,""exact_route_evaluations"":28,""failure_reasons"":{""candidate_rejected"":64,""constraint_removal_no_change"":59,""evaluation_budget_exhausted"":5},""feasible_candidates"":20,""feasible_repairs"":20,""improved"":20,""new_routes_created"":0,""prefilter_passed"":168,""prefilter_rejected"":0,""rejected"":64,""vehicle_reductions"":0,""weight"":1.0}}",equal,ready
rc102C10,2014,"[4,423.510181924,69.382613231,3]","[4,423.510181924,69.382613231,3]",True,True,1000,1000,1000,1000,671,721,33629,671,671,35084,721,721,0.2522625409910688,0.33731991599779576,"{""large"":0,""medium"":0,""small"":0}","{""large"":332,""medium"":0,""small"":4}",1832,2156,779,779,{},"{""shaw_related"":{""accepted"":11,""best"":0,""calls"":85,""candidate_proposals"":96,""distance_improvements"":5,""exact_route_evaluations"":36,""failure_reasons"":{""candidate_rejected"":74,""constraint_removal_no_change"":60,""constraint_removal_no_existing_route_insertion"":10,""evaluation_budget_exhausted"":4},""feasible_candidates"":11,""feasible_repairs"":11,""improved"":5,""new_routes_created"":0,""prefilter_passed"":170,""prefilter_rejected"":0,""rejected"":74,""vehicle_reductions"":0,""weight"":1.0},""station_pressure"":{""accepted"":0,""best"":0,""calls"":97,""candidate_proposals"":97,""distance_improvements"":0,""exact_route_evaluations"":3,""failure_reasons"":{""candidate_rejected"":97,""constraint_removal_no_change"":1,""constraint_removal_no_existing_route_insertion"":96},""feasible_candidates"":0,""feasible_repairs"":0,""improved"":0,""new_routes_created"":0,""prefilter_passed"":194,""prefilter_rejected"":0,""rejected"":97,""vehicle_reductions"":0,""weight"":1.0},""time_window_conflict"":{""accepted"":0,""best"":0,""calls"":76,""candidate_proposals"":76,""distance_improvements"":0,""exact_route_evaluations"":4,""failure_reasons"":{""candidate_rejected"":76,""constraint_removal_no_change"":76},""feasible_candidates"":0,""feasible_repairs"":0,""improved"":0,""new_routes_created"":0,""prefilter_passed"":152,""prefilter_rejected"":0,""rejected"":76,""vehicle_reductions"":0,""weight"":1.0},""worst_energy_detour"":{""accepted"":0,""best"":0,""calls"":78,""candidate_proposals"":78,""distance_improvements"":0,""exact_route_evaluations"":1,""failure_reasons"":{""candidate_rejected"":78,""constraint_removal_no_change"":71,""constraint_removal_no_existing_route_insertion"":7},""feasible_candidates"":0,""feasible_repairs"":0,""improved"":0,""new_routes_created"":0,""prefilter_passed"":156,""prefilter_rejected"":0,""rejected"":78,""vehicle_reductions"":0,""weight"":1.0}}",equal,ready
rc102C10,2015,"[4,423.510181924,69.382613231,3]","[4,423.510181924,69.382613231,3]",True,True,1000,1000,1000,1000,658,712,34003,658,658,35496,712,712,0.24703733299975283,0.3323891660111258,"{""large"":0,""medium"":0,""small"":0}","{""large"":332,""medium"":0,""small"":4}",1290,1613,786,786,{},"{""shaw_related"":{""accepted"":11,""best"":0,""calls"":86,""candidate_proposals"":97,""distance_improvements"":5,""exact_route_evaluations"":32,""failure_reasons"":{""candidate_rejected"":75,""constraint_removal_no_change"":58,""constraint_removal_no_existing_route_insertion"":12,""evaluation_budget_exhausted"":5},""feasible_candidates"":11,""feasible_repairs"":11,""improved"":5,""new_routes_created"":0,""prefilter_passed"":172,""prefilter_rejected"":0,""rejected"":75,""vehicle_reductions"":0,""weight"":1.0},""station_pressure"":{""accepted"":0,""best"":0,""calls"":87,""candidate_proposals"":87,""distance_improvements"":0,""exact_route_evaluations"":3,""failure_reasons"":{""candidate_rejected"":87,""constraint_removal_no_change"":1,""constraint_removal_no_existing_route_insertion"":86},""feasible_candidates"":0,""feasible_repairs"":0,""improved"":0,""new_routes_created"":0,""prefilter_passed"":174,""prefilter_rejected"":0,""rejected"":87,""vehicle_reductions"":0,""weight"":1.0},""time_window_conflict"":{""accepted"":1,""best"":0,""calls"":84,""candidate_proposals"":85,""distance_improvements"":0,""exact_route_evaluations"":9,""failure_reasons"":{""candidate_rejected"":83,""constraint_removal_no_change"":82,""evaluation_budget_exhausted"":1},""feasible_candidates"":1,""feasible_repairs"":1,""improved"":0,""new_routes_created"":0,""prefilter_passed"":168,""prefilter_rejected"":0,""rejected"":83,""vehicle_reductions"":0,""weight"":1.0},""worst_energy_detour"":{""accepted"":0,""best"":0,""calls"":79,""candidate_proposals"":79,""distance_improvements"":0,""exact_route_evaluations"":1,""failure_reasons"":{""candidate_rejected"":79,""constraint_removal_no_change"":73,""constraint_removal_no_existing_route_insertion"":6},""feasible_candidates"":0,""feasible_repairs"":0,""improved"":0,""new_routes_created"":0,""prefilter_passed"":158,""prefilter_rejected"":0,""rejected"":79,""vehicle_reductions"":0,""weight"":1.0}}",equal,ready
rc102C10,2016,"[4,423.510181924,69.382613231,3]","[4,423.510181924,69.382613231,3]",True,True,1000,1000,1000,1000,716,767,31842,716,716,33467,767,767,0.26389149999886286,0.34349525001016445,"{""large"":0,""medium"":0,""small"":0}","{""large"":332,""medium"":0,""small"":4}",1626,1947,794,794,{},"{""shaw_related"":{""accepted"":13,""best"":0,""calls"":87,""candidate_proposals"":100,""distance_improvements"":6,""exact_route_evaluations"":29,""failure_reasons"":{""candidate_rejected"":74,""constraint_removal_no_change"":59,""constraint_removal_no_existing_route_insertion"":11,""evaluation_budget_exhausted"":4},""feasible_candidates"":13,""feasible_repairs"":13,""improved"":6,""new_routes_created"":0,""prefilter_passed"":174,""prefilter_rejected"":0,""rejected"":74,""vehicle_reductions"":0,""weight"":1.0},""station_pressure"":{""accepted"":0,""best"":0,""calls"":78,""candidate_proposals"":78,""distance_improvements"":0,""exact_route_evaluations"":3,""failure_reasons"":{""candidate_rejected"":78,""constraint_removal_no_change"":1,""constraint_removal_no_existing_route_insertion"":77},""feasible_candidates"":0,""feasible_repairs"":0,""improved"":0,""new_routes_created"":0,""prefilter_passed"":156,""prefilter_rejected"":0,""rejected"":78,""vehicle_reductions"":0,""weight"":1.0},""time_window_conflict"":{""accepted"":1,""best"":0,""calls"":87,""candidate_proposals"":88,""distance_improvements"":0,""exact_route_evaluations"":9,""failure_reasons"":{""candidate_rejected"":86,""constraint_removal_no_change"":85,""evaluation_budget_exhausted"":1},""feasible_candidates"":1,""feasible_repairs"":1,""improved"":0,""new_routes_created"":0,""prefilter_passed"":174,""prefilter_rejected"":0,""rejected"":86,""vehicle_reductions"":0,""weight"":1.0},""worst_energy_detour"":{""accepted"":0,""best"":0,""calls"":84,""candidate_proposals"":84,""distance_improvements"":0,""exact_route_evaluations"":1,""failure_reasons"":{""candidate_rejected"":84,""constraint_removal_no_change"":84},""feasible_candidates"":0,""feasible_repairs"":0,""improved"":0,""new_routes_created"":0,""prefilter_passed"":168,""prefilter_rejected"":0,""rejected"":84,""vehicle_reductions"":0,""weight"":1.0}}",equal,ready
c106C15,2014,"[3,275.133168873,437.989595186,2]","[3,275.133168873,437.989595186,2]",True,True,1000,1000,1000,1000,3440,4012,103751,3440,3440,110272,4012,4012,1.3614598339918302,1.7471731249970617,"{""large"":0,""medium"":0,""small"":0}","{""large"":326,""medium"":1,""small"":9}",2250,2546,795,795,{},"{""shaw_related"":{""accepted"":16,""best"":2,""calls"":85,""candidate_proposals"":101,""distance_improvements"":9,""exact_route_evaluations"":237,""failure_reasons"":{""candidate_rejected"":69,""constraint_removal_no_change"":16,""evaluation_budget_exhausted"":53},""feasible_candidates"":16,""feasible_repairs"":16,""improved"":10,""new_routes_created"":0,""prefilter_passed"":170,""prefilter_rejected"":0,""rejected"":69,""vehicle_reductions"":1,""weight"":1.0},""station_pressure"":{""accepted"":7,""best"":1,""calls"":97,""candidate_proposals"":104,""distance_improvements"":3,""exact_route_evaluations"":132,""failure_reasons"":{""candidate_rejected"":90,""constraint_removal_no_change"":63,""evaluation_budget_exhausted"":27},""feasible_candidates"":7,""feasible_repairs"":7,""improved"":3,""new_routes_created"":0,""prefilter_passed"":194,""prefilter_rejected"":0,""rejected"":90,""vehicle_reductions"":0,""weight"":1.0},""time_window_conflict"":{""accepted"":8,""best"":0,""calls"":76,""candidate_proposals"":84,""distance_improvements"":4,""exact_route_evaluations"":101,""failure_reasons"":{""candidate_rejected"":68,""constraint_removal_no_change"":48,""evaluation_budget_exhausted"":20},""feasible_candidates"":8,""feasible_repairs"":8,""improved"":4,""new_routes_created"":0,""prefilter_passed"":152,""prefilter_rejected"":0,""rejected"":68,""vehicle_reductions"":0,""weight"":1.0},""worst_energy_detour"":{""accepted"":3,""best"":0,""calls"":78,""candidate_proposals"":81,""distance_improvements"":0,""exact_route_evaluations"":91,""failure_reasons"":{""candidate_rejected"":75,""constraint_removal_no_change"":56,""evaluation_budget_exhausted"":19},""feasible_candidates"":3,""feasible_repairs"":3,""improved"":0,""new_routes_created"":0,""prefilter_passed"":156,""prefilter_rejected"":0,""rejected"":75,""vehicle_reductions"":0,""weight"":1.0}}",equal,ready
c106C15,2015,"[3,275.133168873,437.989595186,2]","[3,298.193048757,466.827628929,2]",True,True,1000,1000,1000,1000,5232,4398,99862,5232,5232,103116,4398,4398,1.9548244170000544,1.9170532080024714,"{""large"":0,""medium"":0,""small"":0}","{""large"":323,""medium"":1,""small"":12}",1620,2502,806,719,{},"{""shaw_related"":{""accepted"":1,""best"":0,""calls"":86,""candidate_proposals"":87,""distance_improvements"":0,""exact_route_evaluations"":98,""failure_reasons"":{""candidate_rejected"":85,""constraint_removal_no_change"":67,""evaluation_budget_exhausted"":18},""feasible_candidates"":1,""feasible_repairs"":1,""improved"":0,""new_routes_created"":0,""prefilter_passed"":172,""prefilter_rejected"":0,""rejected"":85,""vehicle_reductions"":0,""weight"":1.0},""station_pressure"":{""accepted"":1,""best"":1,""calls"":87,""candidate_proposals"":88,""distance_improvements"":1,""exact_route_evaluations"":31,""failure_reasons"":{""candidate_rejected"":86,""constraint_removal_no_change"":74,""constraint_removal_no_existing_route_insertion"":5,""evaluation_budget_exhausted"":7},""feasible_candidates"":1,""feasible_repairs"":1,""improved"":1,""new_routes_created"":0,""prefilter_passed"":174,""prefilter_rejected"":0,""rejected"":86,""vehicle_reductions"":1,""weight"":1.0},""time_window_conflict"":{""accepted"":1,""best"":0,""calls"":84,""candidate_proposals"":85,""distance_improvements"":1,""exact_route_evaluations"":22,""failure_reasons"":{""candidate_rejected"":83,""constraint_removal_no_change"":78,""evaluation_budget_exhausted"":5},""feasible_candidates"":1,""feasible_repairs"":1,""improved"":1,""new_routes_created"":0,""prefilter_passed"":168,""prefilter_rejected"":0,""rejected"":83,""vehicle_reductions"":0,""weight"":1.0},""worst_energy_detour"":{""accepted"":0,""best"":0,""calls"":79,""candidate_proposals"":79,""distance_improvements"":0,""exact_route_evaluations"":25,""failure_reasons"":{""candidate_rejected"":79,""constraint_removal_no_change"":74,""evaluation_budget_exhausted"":5},""feasible_candidates"":0,""feasible_repairs"":0,""improved"":0,""new_routes_created"":0,""prefilter_passed"":158,""prefilter_rejected"":0,""rejected"":79,""vehicle_reductions"":0,""weight"":1.0}}",worse,objective_regression
c106C15,2016,"[3,275.133168873,437.989595186,2]","[3,275.133168873,437.989595186,2]",True,True,1000,1000,1000,1000,4416,4934,96159,4416,4416,103633,4934,4934,1.7740358329901937,2.13753204200475,"{""large"":0,""medium"":0,""small"":0}","{""large"":324,""medium"":2,""small"":10}",1503,1817,684,684,{},"{""shaw_related"":{""accepted"":7,""best"":1,""calls"":87,""candidate_proposals"":94,""distance_improvements"":3,""exact_route_evaluations"":241,""failure_reasons"":{""candidate_rejected"":80,""constraint_removal_no_change"":27,""constraint_removal_no_existing_route_insertion"":2,""evaluation_budget_exhausted"":51},""feasible_candidates"":7,""feasible_repairs"":7,""improved"":3,""new_routes_created"":0,""prefilter_passed"":174,""prefilter_rejected"":0,""rejected"":80,""vehicle_reductions"":0,""weight"":1.0},""station_pressure"":{""accepted"":1,""best"":1,""calls"":78,""candidate_proposals"":79,""distance_improvements"":1,""exact_route_evaluations"":96,""failure_reasons"":{""candidate_rejected"":77,""constraint_removal_no_change"":54,""evaluation_budget_exhausted"":23},""feasible_candidates"":1,""feasible_repairs"":1,""improved"":1,""new_routes_created"":0,""prefilter_passed"":156,""prefilter_rejected"":0,""rejected"":77,""vehicle_reductions"":0,""weight"":1.0},""time_window_conflict"":{""accepted"":3,""best"":0,""calls"":87,""candidate_proposals"":90,""distance_improvements"":1,""exact_route_evaluations"":100,""failure_reasons"":{""candidate_rejected"":84,""constraint_removal_no_change"":62,""evaluation_budget_exhausted"":22},""feasible_candidates"":3,""feasible_repairs"":3,""improved"":1,""new_routes_created"":0,""prefilter_passed"":174,""prefilter_rejected"":0,""rejected"":84,""vehicle_reductions"":0,""weight"":1.0},""worst_energy_detour"":{""accepted"":5,""best"":1,""calls"":84,""candidate_proposals"":89,""distance_improvements"":3,""exact_route_evaluations"":70,""failure_reasons"":{""candidate_rejected"":79,""constraint_removal_no_change"":65,""evaluation_budget_exhausted"":14},""feasible_candidates"":5,""feasible_repairs"":5,""improved"":3,""new_routes_created"":0,""prefilter_passed"":168,""prefilter_rejected"":0,""rejected"":79,""vehicle_reductions"":1,""weight"":1.0}}",equal,ready
r105C15,2014,"[4,336.1536021,80.684092212,4]","[4,336.1536021,80.684092212,4]",True,True,1000,1000,1000,1000,2258,2350,75018,2258,2258,78017,2350,2350,1.5548292500025127,1.7434420839999802,"{""large"":0,""medium"":0,""small"":0}","{""large"":326,""medium"":1,""small"":9}",1695,2027,884,884,{},"{""shaw_related"":{""accepted"":0,""best"":0,""calls"":85,""candidate_proposals"":85,""distance_improvements"":0,""exact_route_evaluations"":50,""failure_reasons"":{""candidate_rejected"":85,""constraint_removal_no_change"":68,""constraint_removal_no_existing_route_insertion"":10,""evaluation_budget_exhausted"":7},""feasible_candidates"":0,""feasible_repairs"":0,""improved"":0,""new_routes_created"":0,""prefilter_passed"":170,""prefilter_rejected"":0,""rejected"":85,""vehicle_reductions"":0,""weight"":1.0},""station_pressure"":{""accepted"":0,""best"":0,""calls"":97,""candidate_proposals"":97,""distance_improvements"":0,""exact_route_evaluations"":3,""failure_reasons"":{""candidate_rejected"":97,""constraint_removal_no_existing_route_insertion"":97},""feasible_candidates"":0,""feasible_repairs"":0,""improved"":0,""new_routes_created"":0,""prefilter_passed"":194,""prefilter_rejected"":0,""rejected"":97,""vehicle_reductions"":0,""weight"":1.0},""time_window_conflict"":{""accepted"":1,""best"":1,""calls"":76,""candidate_proposals"":77,""distance_improvements"":1,""exact_route_evaluations"":18,""failure_reasons"":{""candidate_rejected"":75,""constraint_removal_no_change"":71,""evaluation_budget_exhausted"":4},""feasible_candidates"":1,""feasible_repairs"":1,""improved"":1,""new_routes_created"":0,""prefilter_passed"":152,""prefilter_rejected"":0,""rejected"":75,""vehicle_reductions"":0,""weight"":1.0},""worst_energy_detour"":{""accepted"":1,""best"":1,""calls"":78,""candidate_proposals"":79,""distance_improvements"":1,""exact_route_evaluations"":9,""failure_reasons"":{""candidate_rejected"":77,""constraint_removal_no_existing_route_insertion"":76,""evaluation_budget_exhausted"":1},""feasible_candidates"":1,""feasible_repairs"":1,""improved"":1,""new_routes_created"":0,""prefilter_passed"":156,""prefilter_rejected"":0,""rejected"":77,""vehicle_reductions"":1,""weight"":1.0}}",equal,ready
r105C15,2015,"[4,338.888543976,80.684092212,4]","[4,338.888543976,80.684092212,4]",True,True,1000,1000,1000,1000,2994,3128,73216,2994,2994,77127,3128,3128,1.9545660840085475,2.1676070420071483,"{""large"":0,""medium"":0,""small"":0}","{""large"":325,""medium"":1,""small"":10}",2171,2491,771,771,{},"{""shaw_related"":{""accepted"":5,""best"":0,""calls"":86,""candidate_proposals"":91,""distance_improvements"":3,""exact_route_evaluations"":61,""failure_reasons"":{""candidate_rejected"":81,""constraint_removal_no_change"":66,""constraint_removal_no_existing_route_insertion"":6,""evaluation_budget_exhausted"":9},""feasible_candidates"":5,""feasible_repairs"":5,""improved"":3,""new_routes_created"":0,""prefilter_passed"":172,""prefilter_rejected"":0,""rejected"":81,""vehicle_reductions"":0,""weight"":1.0},""station_pressure"":{""accepted"":1,""best"":0,""calls"":87,""candidate_proposals"":88,""distance_improvements"":0,""exact_route_evaluations"":18,""failure_reasons"":{""candidate_rejected"":86,""constraint_removal_no_change"":70,""constraint_removal_no_existing_route_insertion"":14,""evaluation_budget_exhausted"":2},""feasible_candidates"":1,""feasible_repairs"":1,""improved"":0,""new_routes_created"":0,""prefilter_passed"":174,""prefilter_rejected"":0,""rejected"":86,""vehicle_reductions"":0,""weight"":1.0},""time_window_conflict"":{""accepted"":5,""best"":1,""calls"":84,""candidate_proposals"":89,""distance_improvements"":1,""exact_route_evaluations"":24,""failure_reasons"":{""candidate_rejected"":79,""constraint_removal_no_change"":74,""evaluation_budget_exhausted"":5},""feasible_candidates"":5,""feasible_repairs"":5,""improved"":1,""new_routes_created"":0,""prefilter_passed"":168,""prefilter_rejected"":0,""rejected"":79,""vehicle_reductions"":0,""weight"":1.0},""worst_energy_detour"":{""accepted"":3,""best"":3,""calls"":79,""candidate_proposals"":82,""distance_improvements"":3,""exact_route_evaluations"":21,""failure_reasons"":{""candidate_rejected"":76,""constraint_removal_no_change"":70,""constraint_removal_no_existing_route_insertion"":3,""evaluation_budget_exhausted"":3},""feasible_candidates"":3,""feasible_repairs"":3,""improved"":3,""new_routes_created"":0,""prefilter_passed"":158,""prefilter_rejected"":0,""rejected"":76,""vehicle_reductions"":1,""weight"":1.0}}",equal,ready
r105C15,2016,"[4,356.115490808,92.94925864,4]","[4,336.1536021,80.684092212,4]",True,True,1000,1000,1000,1000,3056,3402,75038,3056,3056,74182,3402,3402,1.8829020419943845,2.303141249998589,"{""large"":0,""medium"":0,""small"":0}","{""large"":327,""medium"":1,""small"":8}",1691,2694,766,817,{},"{""shaw_related"":{""accepted"":1,""best"":0,""calls"":87,""candidate_proposals"":88,""distance_improvements"":0,""exact_route_evaluations"":48,""failure_reasons"":{""candidate_rejected"":86,""constraint_removal_no_change"":70,""constraint_removal_no_existing_route_insertion"":8,""evaluation_budget_exhausted"":8},""feasible_candidates"":1,""feasible_repairs"":1,""improved"":0,""new_routes_created"":0,""prefilter_passed"":174,""prefilter_rejected"":0,""rejected"":86,""vehicle_reductions"":0,""weight"":1.0},""station_pressure"":{""accepted"":1,""best"":1,""calls"":78,""candidate_proposals"":79,""distance_improvements"":1,""exact_route_evaluations"":8,""failure_reasons"":{""candidate_rejected"":77,""constraint_removal_no_change"":2,""constraint_removal_no_existing_route_insertion"":74,""evaluation_budget_exhausted"":1},""feasible_candidates"":1,""feasible_repairs"":1,""improved"":1,""new_routes_created"":0,""prefilter_passed"":156,""prefilter_rejected"":0,""rejected"":77,""vehicle_reductions"":1,""weight"":1.0},""time_window_conflict"":{""accepted"":1,""best"":0,""calls"":87,""candidate_proposals"":88,""distance_improvements"":1,""exact_route_evaluations"":21,""failure_reasons"":{""candidate_rejected"":86,""constraint_removal_no_change"":82,""evaluation_budget_exhausted"":4},""feasible_candidates"":1,""feasible_repairs"":1,""improved"":1,""new_routes_created"":0,""prefilter_passed"":174,""prefilter_rejected"":0,""rejected"":86,""vehicle_reductions"":0,""weight"":1.0},""worst_energy_detour"":{""accepted"":0,""best"":0,""calls"":84,""candidate_proposals"":84,""distance_improvements"":0,""exact_route_evaluations"":11,""failure_reasons"":{""candidate_rejected"":84,""constraint_removal_no_existing_route_insertion"":82,""evaluation_budget_exhausted"":2},""feasible_candidates"":0,""feasible_repairs"":0,""improved"":0,""new_routes_created"":0,""prefilter_passed"":168,""prefilter_rejected"":0,""rejected"":84,""vehicle_reductions"":0,""weight"":1.0}}",better,ready
rc103C15,2014,"[4,397.669856913,67.687714099,4]","[4,397.669856913,67.687714099,4]",True,True,1000,1000,1000,1000,2219,2480,74447,2219,2219,82330,2480,2480,1.1085070830013137,1.3366472920024535,"{""large"":0,""medium"":0,""small"":0}","{""large"":325,""medium"":0,""small"":11}",1903,2225,883,883,{},"{""shaw_related"":{""accepted"":6,""best"":1,""calls"":85,""candidate_proposals"":91,""distance_improvements"":3,""exact_route_evaluations"":161,""failure_reasons"":{""candidate_rejected"":79,""constraint_removal_no_change"":18,""constraint_removal_no_existing_route_insertion"":28,""evaluation_budget_exhausted"":33},""feasible_candidates"":6,""feasible_repairs"":6,""improved"":3,""new_routes_created"":0,""prefilter_passed"":170,""prefilter_rejected"":0,""rejected"":79,""vehicle_reductions"":0,""weight"":1.0},""station_pressure"":{""accepted"":0,""best"":0,""calls"":97,""candidate_proposals"":97,""distance_improvements"":0,""exact_route_evaluations"":34,""failure_reasons"":{""candidate_rejected"":97,""constraint_removal_no_change"":3,""constraint_removal_no_existing_route_insertion"":87,""evaluation_budget_exhausted"":7},""feasible_candidates"":0,""feasible_repairs"":0,""improved"":0,""new_routes_created"":0,""prefilter_passed"":194,""prefilter_rejected"":0,""rejected"":97,""vehicle_reductions"":0,""weight"":1.0},""time_window_conflict"":{""accepted"":1,""best"":1,""calls"":76,""candidate_proposals"":77,""distance_improvements"":1,""exact_route_evaluations"":25,""failure_reasons"":{""candidate_rejected"":75,""constraint_removal_no_change"":72,""evaluation_budget_exhausted"":3},""feasible_candidates"":1,""feasible_repairs"":1,""improved"":1,""new_routes_created"":0,""prefilter_passed"":152,""prefilter_rejected"":0,""rejected"":75,""vehicle_reductions"":0,""weight"":1.0},""worst_energy_detour"":{""accepted"":0,""best"":0,""calls"":78,""candidate_proposals"":78,""distance_improvements"":0,""exact_route_evaluations"":31,""failure_reasons"":{""candidate_rejected"":78,""constraint_removal_no_change"":73,""evaluation_budget_exhausted"":5},""feasible_candidates"":0,""feasible_repairs"":0,""improved"":0,""new_routes_created"":0,""prefilter_passed"":156,""prefilter_rejected"":0,""rejected"":78,""vehicle_reductions"":0,""weight"":1.0}}",equal,ready
rc103C15,2015,"[4,397.669856913,67.687714099,4]","[4,397.669856913,67.687714099,4]",True,True,1000,1000,1000,1000,2098,2300,76912,2098,2098,84841,2300,2300,1.051802415997372,1.2573244589875685,"{""large"":0,""medium"":0,""small"":0}","{""large"":329,""medium"":0,""small"":7}",2249,2575,868,868,{},"{""shaw_related"":{""accepted"":2,""best"":0,""calls"":86,""candidate_proposals"":88,""distance_improvements"":1,""exact_route_evaluations"":142,""failure_reasons"":{""candidate_rejected"":84,""constraint_removal_no_change"":29,""constraint_removal_no_existing_route_insertion"":24,""evaluation_budget_exhausted"":31},""feasible_candidates"":2,""feasible_repairs"":2,""improved"":1,""new_routes_created"":0,""prefilter_passed"":172,""prefilter_rejected"":0,""rejected"":84,""vehicle_reductions"":0,""weight"":1.0},""station_pressure"":{""accepted"":1,""best"":1,""calls"":87,""candidate_proposals"":88,""distance_improvements"":1,""exact_route_evaluations"":15,""failure_reasons"":{""candidate_rejected"":86,""constraint_removal_no_change"":2,""constraint_removal_no_existing_route_insertion"":82,""evaluation_budget_exhausted"":2},""feasible_candidates"":1,""feasible_repairs"":1,""improved"":1,""new_routes_created"":0,""prefilter_passed"":174,""prefilter_rejected"":0,""rejected"":86,""vehicle_reductions"":0,""weight"":1.0},""time_window_conflict"":{""accepted"":0,""best"":0,""calls"":84,""candidate_proposals"":84,""distance_improvements"":0,""exact_route_evaluations"":9,""failure_reasons"":{""candidate_rejected"":84,""constraint_removal_no_change"":83,""evaluation_budget_exhausted"":1},""feasible_candidates"":0,""feasible_repairs"":0,""improved"":0,""new_routes_created"":0,""prefilter_passed"":168,""prefilter_rejected"":0,""rejected"":84,""vehicle_reductions"":0,""weight"":1.0},""worst_energy_detour"":{""accepted"":0,""best"":0,""calls"":79,""candidate_proposals"":79,""distance_improvements"":0,""exact_route_evaluations"":26,""failure_reasons"":{""candidate_rejected"":79,""constraint_removal_no_change"":74,""evaluation_budget_exhausted"":5},""feasible_candidates"":0,""feasible_repairs"":0,""improved"":0,""new_routes_created"":0,""prefilter_passed"":158,""prefilter_rejected"":0,""rejected"":79,""vehicle_reductions"":0,""weight"":1.0}}",equal,ready
rc103C15,2016,"[4,397.669856913,67.687714099,4]","[4,397.669856913,67.687714099,4]",True,True,1000,1000,1000,1000,2065,2310,75313,2065,2065,82665,2310,2310,1.0343045420013368,1.2564876669930527,"{""large"":0,""medium"":0,""small"":0}","{""large"":327,""medium"":2,""small"":7}",1883,2203,865,865,{},"{""shaw_related"":{""accepted"":5,""best"":0,""calls"":87,""candidate_proposals"":92,""distance_improvements"":2,""exact_route_evaluations"":186,""failure_reasons"":{""candidate_rejected"":82,""constraint_removal_no_change"":19,""constraint_removal_no_existing_route_insertion"":24,""evaluation_budget_exhausted"":39},""feasible_candidates"":5,""feasible_repairs"":5,""improved"":2,""new_routes_created"":0,""prefilter_passed"":174,""prefilter_rejected"":0,""rejected"":82,""vehicle_reductions"":0,""weight"":1.0},""station_pressure"":{""accepted"":0,""best"":0,""calls"":78,""candidate_proposals"":78,""distance_improvements"":0,""exact_route_evaluations"":15,""failure_reasons"":{""candidate_rejected"":78,""constraint_removal_no_change"":1,""constraint_removal_no_existing_route_insertion"":76,""evaluation_budget_exhausted"":1},""feasible_candidates"":0,""feasible_repairs"":0,""improved"":0,""new_routes_created"":0,""prefilter_passed"":156,""prefilter_rejected"":0,""rejected"":78,""vehicle_reductions"":0,""weight"":1.0},""time_window_conflict"":{""accepted"":1,""best"":1,""calls"":87,""candidate_proposals"":88,""distance_improvements"":1,""exact_route_evaluations"":18,""failure_reasons"":{""candidate_rejected"":86,""constraint_removal_no_change"":82,""constraint_removal_no_existing_route_insertion"":1,""evaluation_budget_exhausted"":3},""feasible_candidates"":1,""feasible_repairs"":1,""improved"":1,""new_routes_created"":0,""prefilter_passed"":174,""prefilter_rejected"":0,""rejected"":86,""vehicle_reductions"":0,""weight"":1.0},""worst_energy_detour"":{""accepted"":3,""best"":0,""calls"":84,""candidate_proposals"":87,""distance_improvements"":3,""exact_route_evaluations"":16,""failure_reasons"":{""candidate_rejected"":81,""constraint_removal_no_change"":79,""evaluation_budget_exhausted"":2},""feasible_candidates"":3,""feasible_repairs"":3,""improved"":3,""new_routes_created"":0,""prefilter_passed"":168,""prefilter_rejected"":0,""rejected"":81,""vehicle_reductions"":0,""weight"":1.0}}",equal,ready
c101_21,2014,"[12,1055.920259047,1386.415951629,8]","[12,1055.920259047,1386.415951629,8]",True,True,29,19,28,19,1742,1879,7148,1682,1682,3284,1879,1879,30.00038100000529,30.006418457996915,"{""large"":0,""medium"":0,""small"":0}","{""large"":2,""medium"":0,""small"":7}",5306,4021,15,10,{},"{""shaw_related"":{""accepted"":0,""best"":0,""calls"":2,""candidate_proposals"":2,""distance_improvements"":0,""exact_route_evaluations"":8,""failure_reasons"":{""candidate_rejected"":2,""evaluation_budget_exhausted"":2},""feasible_candidates"":0,""feasible_repairs"":0,""improved"":0,""new_routes_created"":0,""prefilter_passed"":4,""prefilter_rejected"":0,""rejected"":2,""vehicle_reductions"":0,""weight"":1.0},""station_pressure"":{""accepted"":0,""best"":0,""calls"":2,""candidate_proposals"":2,""distance_improvements"":0,""exact_route_evaluations"":8,""failure_reasons"":{""candidate_rejected"":2,""evaluation_budget_exhausted"":2},""feasible_candidates"":0,""feasible_repairs"":0,""improved"":0,""new_routes_created"":0,""prefilter_passed"":4,""prefilter_rejected"":0,""rejected"":2,""vehicle_reductions"":0,""weight"":1.0},""time_window_conflict"":{""accepted"":0,""best"":0,""calls"":3,""candidate_proposals"":3,""distance_improvements"":0,""exact_route_evaluations"":12,""failure_reasons"":{""candidate_rejected"":3,""evaluation_budget_exhausted"":3},""feasible_candidates"":0,""feasible_repairs"":0,""improved"":0,""new_routes_created"":0,""prefilter_passed"":6,""prefilter_rejected"":0,""rejected"":3,""vehicle_reductions"":0,""weight"":1.0},""worst_energy_detour"":{""accepted"":0,""best"":0,""calls"":2,""candidate_proposals"":2,""distance_improvements"":0,""exact_route_evaluations"":7,""failure_reasons"":{""candidate_rejected"":2,""evaluation_budget_exhausted"":1,""time_limit_reached_during_constraint_repair"":1},""feasible_candidates"":0,""feasible_repairs"":0,""improved"":0,""new_routes_created"":0,""prefilter_passed"":4,""prefilter_rejected"":0,""rejected"":2,""vehicle_reductions"":0,""weight"":1.0}}",equal,ready
c101_21,2015,"[12,1076.745156206,1225.31138932,7]","[12,1055.920259047,1386.415951629,8]",True,True,26,22,23,22,1777,1782,4785,1732,1732,4076,1782,1782,30.009857750002993,30.006110499991337,"{""large"":0,""medium"":0,""small"":0}","{""large"":2,""medium"":1,""small"":7}",6504,3914,16,10,{},"{""shaw_related"":{""accepted"":0,""best"":0,""calls"":2,""candidate_proposals"":2,""distance_improvements"":0,""exact_route_evaluations"":8,""failure_reasons"":{""candidate_rejected"":2,""evaluation_budget_exhausted"":2},""feasible_candidates"":0,""feasible_repairs"":0,""improved"":0,""new_routes_created"":0,""prefilter_passed"":4,""prefilter_rejected"":0,""rejected"":2,""vehicle_reductions"":0,""weight"":1.0},""station_pressure"":{""accepted"":0,""best"":0,""calls"":4,""candidate_proposals"":4,""distance_improvements"":0,""exact_route_evaluations"":14,""failure_reasons"":{""candidate_rejected"":4,""evaluation_budget_exhausted"":3,""time_limit_reached_during_constraint_repair"":1},""feasible_candidates"":0,""feasible_repairs"":0,""improved"":0,""new_routes_created"":0,""prefilter_passed"":8,""prefilter_rejected"":0,""rejected"":4,""vehicle_reductions"":0,""weight"":1.0},""time_window_conflict"":{""accepted"":0,""best"":0,""calls"":1,""candidate_proposals"":1,""distance_improvements"":0,""exact_route_evaluations"":4,""failure_reasons"":{""candidate_rejected"":1,""evaluation_budget_exhausted"":1},""feasible_candidates"":0,""feasible_repairs"":0,""improved"":0,""new_routes_created"":0,""prefilter_passed"":2,""prefilter_rejected"":0,""rejected"":1,""vehicle_reductions"":0,""weight"":1.0},""worst_energy_detour"":{""accepted"":0,""best"":0,""calls"":3,""candidate_proposals"":3,""distance_improvements"":0,""exact_route_evaluations"":12,""failure_reasons"":{""candidate_rejected"":3,""evaluation_budget_exhausted"":3},""feasible_candidates"":0,""feasible_repairs"":0,""improved"":0,""new_routes_created"":0,""prefilter_passed"":6,""prefilter_rejected"":0,""rejected"":3,""vehicle_reductions"":0,""weight"":1.0}}",better,ready
c101_21,2016,"[12,1055.920259047,1386.415951629,8]","[12,1055.920259047,1386.415951629,8]",True,True,22,25,21,25,1771,1800,4336,1728,1728,4972,1800,1800,30.00634937499126,30.00710658299795,"{""large"":0,""medium"":0,""small"":0}","{""large"":4,""medium"":0,""small"":7}",3926,5280,13,11,{},"{""shaw_related"":{""accepted"":0,""best"":0,""calls"":3,""candidate_proposals"":3,""distance_improvements"":0,""exact_route_evaluations"":12,""failure_reasons"":{""candidate_rejected"":3,""evaluation_budget_exhausted"":3},""feasible_candidates"":0,""feasible_repairs"":0,""improved"":0,""new_routes_created"":0,""prefilter_passed"":6,""prefilter_rejected"":0,""rejected"":3,""vehicle_reductions"":0,""weight"":1.0},""station_pressure"":{""accepted"":0,""best"":0,""calls"":1,""candidate_proposals"":1,""distance_improvements"":0,""exact_route_evaluations"":4,""failure_reasons"":{""candidate_rejected"":1,""evaluation_budget_exhausted"":1},""feasible_candidates"":0,""feasible_repairs"":0,""improved"":0,""new_routes_created"":0,""prefilter_passed"":2,""prefilter_rejected"":0,""rejected"":1,""vehicle_reductions"":0,""weight"":1.0},""time_window_conflict"":{""accepted"":0,""best"":0,""calls"":4,""candidate_proposals"":4,""distance_improvements"":0,""exact_route_evaluations"":16,""failure_reasons"":{""candidate_rejected"":4,""evaluation_budget_exhausted"":4},""feasible_candidates"":0,""feasible_repairs"":0,""improved"":0,""new_routes_created"":0,""prefilter_passed"":8,""prefilter_rejected"":0,""rejected"":4,""vehicle_reductions"":0,""weight"":1.0},""worst_energy_detour"":{""accepted"":0,""best"":0,""calls"":3,""candidate_proposals"":3,""distance_improvements"":0,""exact_route_evaluations"":12,""failure_reasons"":{""candidate_rejected"":3,""evaluation_budget_exhausted"":2,""time_limit_reached_during_constraint_repair"":1},""feasible_candidates"":0,""feasible_repairs"":0,""improved"":0,""new_routes_created"":0,""prefilter_passed"":6,""prefilter_rejected"":0,""rejected"":3,""vehicle_reductions"":0,""weight"":1.0}}",equal,ready
r101_21,2014,"[21,1819.250457558,442.395748859,26]","[21,1819.250457558,442.395748859,26]",True,True,36,43,35,43,2033,2076,5410,1998,1998,5585,2076,2076,30.005129917000886,30.001204250002047,"{""large"":0,""medium"":0,""small"":0}","{""large"":11,""medium"":0,""small"":6}",25135,25159,20,20,{},"{""shaw_related"":{""accepted"":0,""best"":0,""calls"":4,""candidate_proposals"":4,""distance_improvements"":0,""exact_route_evaluations"":12,""failure_reasons"":{""candidate_rejected"":4,""evaluation_budget_exhausted"":3,""time_limit_reached_during_constraint_repair"":1},""feasible_candidates"":0,""feasible_repairs"":0,""improved"":0,""new_routes_created"":0,""prefilter_passed"":8,""prefilter_rejected"":0,""rejected"":4,""vehicle_reductions"":0,""weight"":1.0},""station_pressure"":{""accepted"":0,""best"":0,""calls"":5,""candidate_proposals"":5,""distance_improvements"":0,""exact_route_evaluations"":20,""failure_reasons"":{""candidate_rejected"":5,""evaluation_budget_exhausted"":5},""feasible_candidates"":0,""feasible_repairs"":0,""improved"":0,""new_routes_created"":0,""prefilter_passed"":10,""prefilter_rejected"":0,""rejected"":5,""vehicle_reductions"":0,""weight"":1.0},""time_window_conflict"":{""accepted"":0,""best"":0,""calls"":3,""candidate_proposals"":3,""distance_improvements"":0,""exact_route_evaluations"":12,""failure_reasons"":{""candidate_rejected"":3,""evaluation_budget_exhausted"":3},""feasible_candidates"":0,""feasible_repairs"":0,""improved"":0,""new_routes_created"":0,""prefilter_passed"":6,""prefilter_rejected"":0,""rejected"":3,""vehicle_reductions"":0,""weight"":1.0},""worst_energy_detour"":{""accepted"":0,""best"":0,""calls"":5,""candidate_proposals"":5,""distance_improvements"":0,""exact_route_evaluations"":20,""failure_reasons"":{""candidate_rejected"":5,""evaluation_budget_exhausted"":5},""feasible_candidates"":0,""feasible_repairs"":0,""improved"":0,""new_routes_created"":0,""prefilter_passed"":10,""prefilter_rejected"":0,""rejected"":5,""vehicle_reductions"":0,""weight"":1.0}}",equal,ready
r101_21,2015,"[20,1799.548688513,463.254013128,27]","[20,1799.548688513,463.254013128,27]",True,True,48,52,47,52,1903,1971,5746,1884,1884,5959,1971,1971,30.026921625001705,30.013029459005338,"{""large"":0,""medium"":0,""small"":0}","{""large"":13,""medium"":1,""small"":6}",19351,19375,26,26,{},"{""shaw_related"":{""accepted"":0,""best"":0,""calls"":5,""candidate_proposals"":5,""distance_improvements"":0,""exact_route_evaluations"":18,""failure_reasons"":{""candidate_rejected"":5,""evaluation_budget_exhausted"":4,""time_limit_reached_during_constraint_repair"":1},""feasible_candidates"":0,""feasible_repairs"":0,""improved"":0,""new_routes_created"":0,""prefilter_passed"":10,""prefilter_rejected"":0,""rejected"":5,""vehicle_reductions"":0,""weight"":1.0},""station_pressure"":{""accepted"":0,""best"":0,""calls"":5,""candidate_proposals"":5,""distance_improvements"":0,""exact_route_evaluations"":20,""failure_reasons"":{""candidate_rejected"":5,""evaluation_budget_exhausted"":5},""feasible_candidates"":0,""feasible_repairs"":0,""improved"":0,""new_routes_created"":0,""prefilter_passed"":10,""prefilter_rejected"":0,""rejected"":5,""vehicle_reductions"":0,""weight"":1.0},""time_window_conflict"":{""accepted"":0,""best"":0,""calls"":3,""candidate_proposals"":3,""distance_improvements"":0,""exact_route_evaluations"":12,""failure_reasons"":{""candidate_rejected"":3,""evaluation_budget_exhausted"":3},""feasible_candidates"":0,""feasible_repairs"":0,""improved"":0,""new_routes_created"":0,""prefilter_passed"":6,""prefilter_rejected"":0,""rejected"":3,""vehicle_reductions"":0,""weight"":1.0},""worst_energy_detour"":{""accepted"":0,""best"":0,""calls"":7,""candidate_proposals"":7,""distance_improvements"":0,""exact_route_evaluations"":28,""failure_reasons"":{""candidate_rejected"":7,""evaluation_budget_exhausted"":7},""feasible_candidates"":0,""feasible_repairs"":0,""improved"":0,""new_routes_created"":0,""prefilter_passed"":14,""prefilter_rejected"":0,""rejected"":7,""vehicle_reductions"":0,""weight"":1.0}}",equal,ready
r101_21,2016,"[21,1819.250457558,442.395748859,26]","[21,1819.250457558,442.395748859,26]",True,True,51,58,50,58,1962,2066,13352,1948,1948,13616,2066,2066,30.004522624993115,30.011957832990447,"{""large"":0,""medium"":0,""small"":0}","{""large"":15,""medium"":1,""small"":6}",29710,29739,25,25,{},"{""shaw_related"":{""accepted"":0,""best"":0,""calls"":5,""candidate_proposals"":5,""distance_improvements"":0,""exact_route_evaluations"":20,""failure_reasons"":{""candidate_rejected"":5,""evaluation_budget_exhausted"":5},""feasible_candidates"":0,""feasible_repairs"":0,""improved"":0,""new_routes_created"":0,""prefilter_passed"":10,""prefilter_rejected"":0,""rejected"":5,""vehicle_reductions"":0,""weight"":1.0},""station_pressure"":{""accepted"":0,""best"":0,""calls"":4,""candidate_proposals"":4,""distance_improvements"":0,""exact_route_evaluations"":16,""failure_reasons"":{""candidate_rejected"":4,""evaluation_budget_exhausted"":4},""feasible_candidates"":0,""feasible_repairs"":0,""improved"":0,""new_routes_created"":0,""prefilter_passed"":8,""prefilter_rejected"":0,""rejected"":4,""vehicle_reductions"":0,""weight"":1.0},""time_window_conflict"":{""accepted"":0,""best"":0,""calls"":5,""candidate_proposals"":5,""distance_improvements"":0,""exact_route_evaluations"":20,""failure_reasons"":{""candidate_rejected"":5,""evaluation_budget_exhausted"":5},""feasible_candidates"":0,""feasible_repairs"":0,""improved"":0,""new_routes_created"":0,""prefilter_passed"":10,""prefilter_rejected"":0,""rejected"":5,""vehicle_reductions"":0,""weight"":1.0},""worst_energy_detour"":{""accepted"":0,""best"":0,""calls"":8,""candidate_proposals"":8,""distance_improvements"":0,""exact_route_evaluations"":29,""failure_reasons"":{""candidate_rejected"":8,""evaluation_budget_exhausted"":7,""time_limit_reached_during_constraint_repair"":1},""feasible_candidates"":0,""feasible_repairs"":0,""improved"":0,""new_routes_created"":0,""prefilter_passed"":16,""prefilter_rejected"":0,""rejected"":8,""vehicle_reductions"":0,""weight"":1.0}}",equal,ready
rc101_21,2014,"[19,1967.498078739,339.208415916,20]","[19,1967.498078739,339.208415916,20]",True,True,25,28,24,28,2135,2216,5217,2136,2136,5471,2216,2216,30.02222145900305,30.000358999997843,"{""large"":0,""medium"":0,""small"":0}","{""large"":4,""medium"":0,""small"":8}",14361,14365,14,14,{},"{""shaw_related"":{""accepted"":0,""best"":0,""calls"":3,""candidate_proposals"":3,""distance_improvements"":0,""exact_route_evaluations"":12,""failure_reasons"":{""candidate_rejected"":3,""evaluation_budget_exhausted"":3},""feasible_candidates"":0,""feasible_repairs"":0,""improved"":0,""new_routes_created"":0,""prefilter_passed"":6,""prefilter_rejected"":0,""rejected"":3,""vehicle_reductions"":0,""weight"":1.0},""station_pressure"":{""accepted"":0,""best"":0,""calls"":3,""candidate_proposals"":3,""distance_improvements"":0,""exact_route_evaluations"":12,""failure_reasons"":{""candidate_rejected"":3,""evaluation_budget_exhausted"":3},""feasible_candidates"":0,""feasible_repairs"":0,""improved"":0,""new_routes_created"":0,""prefilter_passed"":6,""prefilter_rejected"":0,""rejected"":3,""vehicle_reductions"":0,""weight"":1.0},""time_window_conflict"":{""accepted"":0,""best"":0,""calls"":3,""candidate_proposals"":3,""distance_improvements"":0,""exact_route_evaluations"":12,""failure_reasons"":{""candidate_rejected"":3,""evaluation_budget_exhausted"":3},""feasible_candidates"":0,""feasible_repairs"":0,""improved"":0,""new_routes_created"":0,""prefilter_passed"":6,""prefilter_rejected"":0,""rejected"":3,""vehicle_reductions"":0,""weight"":1.0},""worst_energy_detour"":{""accepted"":0,""best"":0,""calls"":3,""candidate_proposals"":3,""distance_improvements"":0,""exact_route_evaluations"":12,""failure_reasons"":{""candidate_rejected"":3,""evaluation_budget_exhausted"":3},""feasible_candidates"":0,""feasible_repairs"":0,""improved"":0,""new_routes_created"":0,""prefilter_passed"":6,""prefilter_rejected"":0,""rejected"":3,""vehicle_reductions"":0,""weight"":1.0}}",equal,ready
rc101_21,2015,"[19,1925.362709303,325.819224421,19]","[19,1925.362709303,325.819224421,19]",True,True,23,31,22,31,2140,2187,4401,2122,2122,5104,2187,2187,30.025383457992575,30.00766141699569,"{""large"":0,""medium"":0,""small"":0}","{""large"":4,""medium"":1,""small"":8}",18308,18331,14,14,{},"{""shaw_related"":{""accepted"":0,""best"":0,""calls"":3,""candidate_proposals"":3,""distance_improvements"":0,""exact_route_evaluations"":12,""failure_reasons"":{""candidate_rejected"":3,""evaluation_budget_exhausted"":3},""feasible_candidates"":0,""feasible_repairs"":0,""improved"":0,""new_routes_created"":0,""prefilter_passed"":6,""prefilter_rejected"":0,""rejected"":3,""vehicle_reductions"":0,""weight"":1.0},""station_pressure"":{""accepted"":0,""best"":0,""calls"":5,""candidate_proposals"":5,""distance_improvements"":0,""exact_route_evaluations"":20,""failure_reasons"":{""candidate_rejected"":5,""evaluation_budget_exhausted"":4,""time_limit_reached_during_constraint_repair"":1},""feasible_candidates"":0,""feasible_repairs"":0,""improved"":0,""new_routes_created"":0,""prefilter_passed"":10,""prefilter_rejected"":0,""rejected"":5,""vehicle_reductions"":0,""weight"":1.0},""time_window_conflict"":{""accepted"":0,""best"":0,""calls"":1,""candidate_proposals"":1,""distance_improvements"":0,""exact_route_evaluations"":4,""failure_reasons"":{""candidate_rejected"":1,""evaluation_budget_exhausted"":1},""feasible_candidates"":0,""feasible_repairs"":0,""improved"":0,""new_routes_created"":0,""prefilter_passed"":2,""prefilter_rejected"":0,""rejected"":1,""vehicle_reductions"":0,""weight"":1.0},""worst_energy_detour"":{""accepted"":0,""best"":0,""calls"":4,""candidate_proposals"":4,""distance_improvements"":0,""exact_route_evaluations"":16,""failure_reasons"":{""candidate_rejected"":4,""evaluation_budget_exhausted"":4},""feasible_candidates"":0,""feasible_repairs"":0,""improved"":0,""new_routes_created"":0,""prefilter_passed"":8,""prefilter_rejected"":0,""rejected"":4,""vehicle_reductions"":0,""weight"":1.0}}",equal,ready
rc101_21,2016,"[20,2011.439497301,375.718229529,21]","[20,2011.439497301,375.718229529,21]",True,True,23,28,22,28,2206,2234,4033,2170,2170,4131,2234,2234,30.000352500006557,30.003940750000766,"{""large"":0,""medium"":0,""small"":0}","{""large"":2,""medium"":0,""small"":10}",7628,7633,16,16,{},"{""shaw_related"":{""accepted"":0,""best"":0,""calls"":3,""candidate_proposals"":3,""distance_improvements"":0,""exact_route_evaluations"":12,""failure_reasons"":{""candidate_rejected"":3,""evaluation_budget_exhausted"":3},""feasible_candidates"":0,""feasible_repairs"":0,""improved"":0,""new_routes_created"":0,""prefilter_passed"":6,""prefilter_rejected"":0,""rejected"":3,""vehicle_reductions"":0,""weight"":1.0},""station_pressure"":{""accepted"":0,""best"":0,""calls"":2,""candidate_proposals"":2,""distance_improvements"":0,""exact_route_evaluations"":6,""failure_reasons"":{""candidate_rejected"":2,""evaluation_budget_exhausted"":1,""time_limit_reached_during_constraint_repair"":1},""feasible_candidates"":0,""feasible_repairs"":0,""improved"":0,""new_routes_created"":0,""prefilter_passed"":4,""prefilter_rejected"":0,""rejected"":2,""vehicle_reductions"":0,""weight"":1.0},""time_window_conflict"":{""accepted"":0,""best"":0,""calls"":4,""candidate_proposals"":4,""distance_improvements"":0,""exact_route_evaluations"":16,""failure_reasons"":{""candidate_rejected"":4,""evaluation_budget_exhausted"":4},""feasible_candidates"":0,""feasible_repairs"":0,""improved"":0,""new_routes_created"":0,""prefilter_passed"":8,""prefilter_rejected"":0,""rejected"":4,""vehicle_reductions"":0,""weight"":1.0},""worst_energy_detour"":{""accepted"":0,""best"":0,""calls"":3,""candidate_proposals"":3,""distance_improvements"":0,""exact_route_evaluations"":12,""failure_reasons"":{""candidate_rejected"":3,""evaluation_budget_exhausted"":3},""feasible_candidates"":0,""feasible_repairs"":0,""improved"":0,""new_routes_created"":0,""prefilter_passed"":6,""prefilter_rejected"":0,""rejected"":3,""vehicle_reductions"":0,""weight"":1.0}}",equal,ready
