instance,paper_name,customer_count,class_name,bks_vehicles,bks_distance,bks_charging_time,bks_charging_count,source_ref,source_doi,source_year,source_in_vor_collection,compilation_ref,compilation_doi,source_table,optimal_proven,charging_model,objective_function,distance_metric,model_compatible,compatibility_notes
c101C5,C101-5,5,C1,2,257.75,unknown,unknown,SSG,10.1287/trsc.2013.0490,2014,True,SSG,10.1287/trsc.2013.0490,Table 5,True,full_recharge: t = (Q - b) * g,"lexicographic(vehicle_count, total_distance, total_charging_time, charging_count)",unrounded Euclidean (math.hypot),False,Objective mismatch: our 4-component lexicographic objective adds total_charging_time and charging_count not present in published objectives; HPH uses weighted sum rather than strict lexicographic; distance metric may differ due to rounding conventions. No gap computation permitted.
c103C5,C103-5,5,C1,1,176.05,unknown,unknown,SSG,10.1287/trsc.2013.0490,2014,True,SSG,10.1287/trsc.2013.0490,Table 5,True,full_recharge: t = (Q - b) * g,"lexicographic(vehicle_count, total_distance, total_charging_time, charging_count)",unrounded Euclidean (math.hypot),False,Objective mismatch: our 4-component lexicographic objective adds total_charging_time and charging_count not present in published objectives; HPH uses weighted sum rather than strict lexicographic; distance metric may differ due to rounding conventions. No gap computation permitted.
c206C5,C206-5,5,C2,1,242.55,unknown,unknown,SSG,10.1287/trsc.2013.0490,2014,True,SSG,10.1287/trsc.2013.0490,Table 5,True,full_recharge: t = (Q - b) * g,"lexicographic(vehicle_count, total_distance, total_charging_time, charging_count)",unrounded Euclidean (math.hypot),False,Objective mismatch: our 4-component lexicographic objective adds total_charging_time and charging_count not present in published objectives; HPH uses weighted sum rather than strict lexicographic; distance metric may differ due to rounding conventions. No gap computation permitted.
c208C5,C208-5,5,C2,1,158.48,unknown,unknown,SSG,10.1287/trsc.2013.0490,2014,True,SSG,10.1287/trsc.2013.0490,Table 5,True,full_recharge: t = (Q - b) * g,"lexicographic(vehicle_count, total_distance, total_charging_time, charging_count)",unrounded Euclidean (math.hypot),False,Objective mismatch: our 4-component lexicographic objective adds total_charging_time and charging_count not present in published objectives; HPH uses weighted sum rather than strict lexicographic; distance metric may differ due to rounding conventions. No gap computation permitted.
r104C5,R104-5,5,R1,2,136.69,unknown,unknown,SSG,10.1287/trsc.2013.0490,2014,True,SSG,10.1287/trsc.2013.0490,Table 5,True,full_recharge: t = (Q - b) * g,"lexicographic(vehicle_count, total_distance, total_charging_time, charging_count)",unrounded Euclidean (math.hypot),False,Objective mismatch: our 4-component lexicographic objective adds total_charging_time and charging_count not present in published objectives; HPH uses weighted sum rather than strict lexicographic; distance metric may differ due to rounding conventions. No gap computation permitted.
r105C5,R105-5,5,R1,2,156.08,unknown,unknown,SSG,10.1287/trsc.2013.0490,2014,True,SSG,10.1287/trsc.2013.0490,Table 5,True,full_recharge: t = (Q - b) * g,"lexicographic(vehicle_count, total_distance, total_charging_time, charging_count)",unrounded Euclidean (math.hypot),False,Objective mismatch: our 4-component lexicographic objective adds total_charging_time and charging_count not present in published objectives; HPH uses weighted sum rather than strict lexicographic; distance metric may differ due to rounding conventions. No gap computation permitted.
r202C5,R202-5,5,R2,1,128.78,unknown,unknown,SSG,10.1287/trsc.2013.0490,2014,True,SSG,10.1287/trsc.2013.0490,Table 5,True,full_recharge: t = (Q - b) * g,"lexicographic(vehicle_count, total_distance, total_charging_time, charging_count)",unrounded Euclidean (math.hypot),False,Objective mismatch: our 4-component lexicographic objective adds total_charging_time and charging_count not present in published objectives; HPH uses weighted sum rather than strict lexicographic; distance metric may differ due to rounding conventions. No gap computation permitted.
r203C5,R203-5,5,R2,1,179.06,unknown,unknown,SSG,10.1287/trsc.2013.0490,2014,True,SSG,10.1287/trsc.2013.0490,Table 5,True,full_recharge: t = (Q - b) * g,"lexicographic(vehicle_count, total_distance, total_charging_time, charging_count)",unrounded Euclidean (math.hypot),False,Objective mismatch: our 4-component lexicographic objective adds total_charging_time and charging_count not present in published objectives; HPH uses weighted sum rather than strict lexicographic; distance metric may differ due to rounding conventions. No gap computation permitted.
rc105C5,RC105-5,5,RC1,2,241.3,unknown,unknown,SSG,10.1287/trsc.2013.0490,2014,True,SSG,10.1287/trsc.2013.0490,Table 5,True,full_recharge: t = (Q - b) * g,"lexicographic(vehicle_count, total_distance, total_charging_time, charging_count)",unrounded Euclidean (math.hypot),False,Objective mismatch: our 4-component lexicographic objective adds total_charging_time and charging_count not present in published objectives; HPH uses weighted sum rather than strict lexicographic; distance metric may differ due to rounding conventions. No gap computation permitted.
rc108C5,RC108-5,5,RC1,1,253.93,unknown,unknown,SSG,10.1287/trsc.2013.0490,2014,True,SSG,10.1287/trsc.2013.0490,Table 5,True,full_recharge: t = (Q - b) * g,"lexicographic(vehicle_count, total_distance, total_charging_time, charging_count)",unrounded Euclidean (math.hypot),False,Objective mismatch: our 4-component lexicographic objective adds total_charging_time and charging_count not present in published objectives; HPH uses weighted sum rather than strict lexicographic; distance metric may differ due to rounding conventions. No gap computation permitted.
rc204C5,RC204-5,5,RC2,1,176.39,unknown,unknown,SSG,10.1287/trsc.2013.0490,2014,True,SSG,10.1287/trsc.2013.0490,Table 5,True,full_recharge: t = (Q - b) * g,"lexicographic(vehicle_count, total_distance, total_charging_time, charging_count)",unrounded Euclidean (math.hypot),False,Objective mismatch: our 4-component lexicographic objective adds total_charging_time and charging_count not present in published objectives; HPH uses weighted sum rather than strict lexicographic; distance metric may differ due to rounding conventions. No gap computation permitted.
rc208C5,RC208-5,5,RC2,1,167.98,unknown,unknown,SSG,10.1287/trsc.2013.0490,2014,True,SSG,10.1287/trsc.2013.0490,Table 5,True,full_recharge: t = (Q - b) * g,"lexicographic(vehicle_count, total_distance, total_charging_time, charging_count)",unrounded Euclidean (math.hypot),False,Objective mismatch: our 4-component lexicographic objective adds total_charging_time and charging_count not present in published objectives; HPH uses weighted sum rather than strict lexicographic; distance metric may differ due to rounding conventions. No gap computation permitted.
c101C10,C101-10,10,C1,3,393.76,unknown,unknown,SSG,10.1287/trsc.2013.0490,2014,True,SSG,10.1287/trsc.2013.0490,Table 5,True,full_recharge: t = (Q - b) * g,"lexicographic(vehicle_count, total_distance, total_charging_time, charging_count)",unrounded Euclidean (math.hypot),False,Objective mismatch: our 4-component lexicographic objective adds total_charging_time and charging_count not present in published objectives; HPH uses weighted sum rather than strict lexicographic; distance metric may differ due to rounding conventions. No gap computation permitted.
c104C10,C104-10,10,C1,2,273.93,unknown,unknown,SSG,10.1287/trsc.2013.0490,2014,True,SSG,10.1287/trsc.2013.0490,Table 5,True,full_recharge: t = (Q - b) * g,"lexicographic(vehicle_count, total_distance, total_charging_time, charging_count)",unrounded Euclidean (math.hypot),False,Objective mismatch: our 4-component lexicographic objective adds total_charging_time and charging_count not present in published objectives; HPH uses weighted sum rather than strict lexicographic; distance metric may differ due to rounding conventions. No gap computation permitted.
c202C10,C202-10,10,C2,1,304.06,unknown,unknown,SSG,10.1287/trsc.2013.0490,2014,True,SSG,10.1287/trsc.2013.0490,Table 5,True,full_recharge: t = (Q - b) * g,"lexicographic(vehicle_count, total_distance, total_charging_time, charging_count)",unrounded Euclidean (math.hypot),False,Objective mismatch: our 4-component lexicographic objective adds total_charging_time and charging_count not present in published objectives; HPH uses weighted sum rather than strict lexicographic; distance metric may differ due to rounding conventions. No gap computation permitted.
c205C10,C205-10,10,C2,2,228.28,unknown,unknown,SSG,10.1287/trsc.2013.0490,2014,True,SSG,10.1287/trsc.2013.0490,Table 5,True,full_recharge: t = (Q - b) * g,"lexicographic(vehicle_count, total_distance, total_charging_time, charging_count)",unrounded Euclidean (math.hypot),False,Objective mismatch: our 4-component lexicographic objective adds total_charging_time and charging_count not present in published objectives; HPH uses weighted sum rather than strict lexicographic; distance metric may differ due to rounding conventions. No gap computation permitted.
r102C10,R102-10,10,R1,3,249.19,unknown,unknown,SSG,10.1287/trsc.2013.0490,2014,True,SSG,10.1287/trsc.2013.0490,Table 5,True,full_recharge: t = (Q - b) * g,"lexicographic(vehicle_count, total_distance, total_charging_time, charging_count)",unrounded Euclidean (math.hypot),False,Objective mismatch: our 4-component lexicographic objective adds total_charging_time and charging_count not present in published objectives; HPH uses weighted sum rather than strict lexicographic; distance metric may differ due to rounding conventions. No gap computation permitted.
r103C10,R103-10,10,R1,2,207.05,unknown,unknown,SSG,10.1287/trsc.2013.0490,2014,True,SSG,10.1287/trsc.2013.0490,Table 5,True,full_recharge: t = (Q - b) * g,"lexicographic(vehicle_count, total_distance, total_charging_time, charging_count)",unrounded Euclidean (math.hypot),False,Objective mismatch: our 4-component lexicographic objective adds total_charging_time and charging_count not present in published objectives; HPH uses weighted sum rather than strict lexicographic; distance metric may differ due to rounding conventions. No gap computation permitted.
r201C10,R201-10,10,R2,1,241.51,unknown,unknown,SSG,10.1287/trsc.2013.0490,2014,True,SSG,10.1287/trsc.2013.0490,Table 5,True,full_recharge: t = (Q - b) * g,"lexicographic(vehicle_count, total_distance, total_charging_time, charging_count)",unrounded Euclidean (math.hypot),False,Objective mismatch: our 4-component lexicographic objective adds total_charging_time and charging_count not present in published objectives; HPH uses weighted sum rather than strict lexicographic; distance metric may differ due to rounding conventions. No gap computation permitted.
r203C10,R203-10,10,R2,1,218.21,unknown,unknown,SSG,10.1287/trsc.2013.0490,2014,True,SSG,10.1287/trsc.2013.0490,Table 5,True,full_recharge: t = (Q - b) * g,"lexicographic(vehicle_count, total_distance, total_charging_time, charging_count)",unrounded Euclidean (math.hypot),False,Objective mismatch: our 4-component lexicographic objective adds total_charging_time and charging_count not present in published objectives; HPH uses weighted sum rather than strict lexicographic; distance metric may differ due to rounding conventions. No gap computation permitted.
rc102C10,RC102-10,10,RC1,4,423.51,unknown,unknown,SSG,10.1287/trsc.2013.0490,2014,True,SSG,10.1287/trsc.2013.0490,Table 5,True,full_recharge: t = (Q - b) * g,"lexicographic(vehicle_count, total_distance, total_charging_time, charging_count)",unrounded Euclidean (math.hypot),False,Objective mismatch: our 4-component lexicographic objective adds total_charging_time and charging_count not present in published objectives; HPH uses weighted sum rather than strict lexicographic; distance metric may differ due to rounding conventions. No gap computation permitted.
rc108C10,RC108-10,10,RC1,3,345.93,unknown,unknown,SSG,10.1287/trsc.2013.0490,2014,True,SSG,10.1287/trsc.2013.0490,Table 5,True,full_recharge: t = (Q - b) * g,"lexicographic(vehicle_count, total_distance, total_charging_time, charging_count)",unrounded Euclidean (math.hypot),False,Objective mismatch: our 4-component lexicographic objective adds total_charging_time and charging_count not present in published objectives; HPH uses weighted sum rather than strict lexicographic; distance metric may differ due to rounding conventions. No gap computation permitted.
rc201C10,RC201-10,10,RC2,1,412.86,unknown,unknown,SSG,10.1287/trsc.2013.0490,2014,True,SSG,10.1287/trsc.2013.0490,Table 5,False,full_recharge: t = (Q - b) * g,"lexicographic(vehicle_count, total_distance, total_charging_time, charging_count)",unrounded Euclidean (math.hypot),False,Objective mismatch: our 4-component lexicographic objective adds total_charging_time and charging_count not present in published objectives; HPH uses weighted sum rather than strict lexicographic; distance metric may differ due to rounding conventions. No gap computation permitted.
rc205C10,RC205-10,10,RC2,2,325.98,unknown,unknown,SSG,10.1287/trsc.2013.0490,2014,True,SSG,10.1287/trsc.2013.0490,Table 5,True,full_recharge: t = (Q - b) * g,"lexicographic(vehicle_count, total_distance, total_charging_time, charging_count)",unrounded Euclidean (math.hypot),False,Objective mismatch: our 4-component lexicographic objective adds total_charging_time and charging_count not present in published objectives; HPH uses weighted sum rather than strict lexicographic; distance metric may differ due to rounding conventions. No gap computation permitted.
c103C15,C103-15,15,C1,3,384.29,unknown,unknown,SSG,10.1287/trsc.2013.0490,2014,True,SSG,10.1287/trsc.2013.0490,Table 5,False,full_recharge: t = (Q - b) * g,"lexicographic(vehicle_count, total_distance, total_charging_time, charging_count)",unrounded Euclidean (math.hypot),False,Objective mismatch: our 4-component lexicographic objective adds total_charging_time and charging_count not present in published objectives; HPH uses weighted sum rather than strict lexicographic; distance metric may differ due to rounding conventions. No gap computation permitted.
c106C15,C106-15,15,C1,3,275.13,unknown,unknown,SSG,10.1287/trsc.2013.0490,2014,True,SSG,10.1287/trsc.2013.0490,Table 5,True,full_recharge: t = (Q - b) * g,"lexicographic(vehicle_count, total_distance, total_charging_time, charging_count)",unrounded Euclidean (math.hypot),False,Objective mismatch: our 4-component lexicographic objective adds total_charging_time and charging_count not present in published objectives; HPH uses weighted sum rather than strict lexicographic; distance metric may differ due to rounding conventions. No gap computation permitted.
c202C15,C202-15,15,C2,2,383.62,unknown,unknown,SSG,10.1287/trsc.2013.0490,2014,True,SSG,10.1287/trsc.2013.0490,Table 5,False,full_recharge: t = (Q - b) * g,"lexicographic(vehicle_count, total_distance, total_charging_time, charging_count)",unrounded Euclidean (math.hypot),False,Objective mismatch: our 4-component lexicographic objective adds total_charging_time and charging_count not present in published objectives; HPH uses weighted sum rather than strict lexicographic; distance metric may differ due to rounding conventions. No gap computation permitted.
c208C15,C208-15,15,C2,2,300.55,unknown,unknown,SSG,10.1287/trsc.2013.0490,2014,True,SSG,10.1287/trsc.2013.0490,Table 5,False,full_recharge: t = (Q - b) * g,"lexicographic(vehicle_count, total_distance, total_charging_time, charging_count)",unrounded Euclidean (math.hypot),False,Objective mismatch: our 4-component lexicographic objective adds total_charging_time and charging_count not present in published objectives; HPH uses weighted sum rather than strict lexicographic; distance metric may differ due to rounding conventions. No gap computation permitted.
r102C15,R102-15,15,R1,5,413.93,unknown,unknown,SSG,10.1287/trsc.2013.0490,2014,True,SSG,10.1287/trsc.2013.0490,Table 5,False,full_recharge: t = (Q - b) * g,"lexicographic(vehicle_count, total_distance, total_charging_time, charging_count)",unrounded Euclidean (math.hypot),False,Objective mismatch: our 4-component lexicographic objective adds total_charging_time and charging_count not present in published objectives; HPH uses weighted sum rather than strict lexicographic; distance metric may differ due to rounding conventions. No gap computation permitted.
r105C15,R105-15,15,R1,4,336.15,unknown,unknown,SSG,10.1287/trsc.2013.0490,2014,True,SSG,10.1287/trsc.2013.0490,Table 5,False,full_recharge: t = (Q - b) * g,"lexicographic(vehicle_count, total_distance, total_charging_time, charging_count)",unrounded Euclidean (math.hypot),False,Objective mismatch: our 4-component lexicographic objective adds total_charging_time and charging_count not present in published objectives; HPH uses weighted sum rather than strict lexicographic; distance metric may differ due to rounding conventions. No gap computation permitted.
r202C15,R202-15,15,R2,2,358.0,unknown,unknown,SSG,10.1287/trsc.2013.0490,2014,True,SSG,10.1287/trsc.2013.0490,Table 5,False,full_recharge: t = (Q - b) * g,"lexicographic(vehicle_count, total_distance, total_charging_time, charging_count)",unrounded Euclidean (math.hypot),False,Objective mismatch: our 4-component lexicographic objective adds total_charging_time and charging_count not present in published objectives; HPH uses weighted sum rather than strict lexicographic; distance metric may differ due to rounding conventions. No gap computation permitted.
r209C15,R209-15,15,R2,1,313.24,unknown,unknown,SSG,10.1287/trsc.2013.0490,2014,True,SSG,10.1287/trsc.2013.0490,Table 5,False,full_recharge: t = (Q - b) * g,"lexicographic(vehicle_count, total_distance, total_charging_time, charging_count)",unrounded Euclidean (math.hypot),False,Objective mismatch: our 4-component lexicographic objective adds total_charging_time and charging_count not present in published objectives; HPH uses weighted sum rather than strict lexicographic; distance metric may differ due to rounding conventions. No gap computation permitted.
rc103C15,RC103-15,15,RC1,4,397.67,unknown,unknown,SSG,10.1287/trsc.2013.0490,2014,True,SSG,10.1287/trsc.2013.0490,Table 5,False,full_recharge: t = (Q - b) * g,"lexicographic(vehicle_count, total_distance, total_charging_time, charging_count)",unrounded Euclidean (math.hypot),False,Objective mismatch: our 4-component lexicographic objective adds total_charging_time and charging_count not present in published objectives; HPH uses weighted sum rather than strict lexicographic; distance metric may differ due to rounding conventions. No gap computation permitted.
rc108C15,RC108-15,15,RC1,3,370.25,unknown,unknown,SSG,10.1287/trsc.2013.0490,2014,True,SSG,10.1287/trsc.2013.0490,Table 5,False,full_recharge: t = (Q - b) * g,"lexicographic(vehicle_count, total_distance, total_charging_time, charging_count)",unrounded Euclidean (math.hypot),False,Objective mismatch: our 4-component lexicographic objective adds total_charging_time and charging_count not present in published objectives; HPH uses weighted sum rather than strict lexicographic; distance metric may differ due to rounding conventions. No gap computation permitted.
rc202C15,RC202-15,15,RC2,2,394.39,unknown,unknown,SSG,10.1287/trsc.2013.0490,2014,True,SSG,10.1287/trsc.2013.0490,Table 5,False,full_recharge: t = (Q - b) * g,"lexicographic(vehicle_count, total_distance, total_charging_time, charging_count)",unrounded Euclidean (math.hypot),False,Objective mismatch: our 4-component lexicographic objective adds total_charging_time and charging_count not present in published objectives; HPH uses weighted sum rather than strict lexicographic; distance metric may differ due to rounding conventions. No gap computation permitted.
rc204C15,RC204-15,15,RC2,1,384.86,unknown,unknown,SSG,10.1287/trsc.2013.0490,2014,True,SSG,10.1287/trsc.2013.0490,Table 5 (VNS/TS),False,full_recharge: t = (Q - b) * g,"lexicographic(vehicle_count, total_distance, total_charging_time, charging_count)",unrounded Euclidean (math.hypot),False,Objective mismatch: our 4-component lexicographic objective adds total_charging_time and charging_count not present in published objectives; HPH uses weighted sum rather than strict lexicographic; distance metric may differ due to rounding conventions. No gap computation permitted.
c101_21,c101,100,C1,12,1053.83,unknown,unknown,SSG,10.1287/trsc.2013.0490,2014,True,KC,10.1016/j.trc.2016.01.013,Table 2,False,full_recharge: t = (Q - b) * g,"lexicographic(vehicle_count, total_distance, total_charging_time, charging_count)",unrounded Euclidean (math.hypot),False,Objective mismatch: our 4-component lexicographic objective adds total_charging_time and charging_count not present in published objectives; HPH uses weighted sum rather than strict lexicographic; distance metric may differ due to rounding conventions. No gap computation permitted.
c102_21,c102,100,C1,11,1051.38,unknown,unknown,GS,10.1016/j.ejor.2015.01.049,2015,False,KC,10.1016/j.trc.2016.01.013,Table 2,False,full_recharge: t = (Q - b) * g,"lexicographic(vehicle_count, total_distance, total_charging_time, charging_count)",unrounded Euclidean (math.hypot),False,Objective mismatch: our 4-component lexicographic objective adds total_charging_time and charging_count not present in published objectives; HPH uses weighted sum rather than strict lexicographic; distance metric may differ due to rounding conventions. No gap computation permitted.
c103_21,c103,100,C1,10,1034.86,unknown,unknown,GS,10.1016/j.ejor.2015.01.049,2015,False,KC,10.1016/j.trc.2016.01.013,Table 2,False,full_recharge: t = (Q - b) * g,"lexicographic(vehicle_count, total_distance, total_charging_time, charging_count)",unrounded Euclidean (math.hypot),False,Objective mismatch: our 4-component lexicographic objective adds total_charging_time and charging_count not present in published objectives; HPH uses weighted sum rather than strict lexicographic; distance metric may differ due to rounding conventions. No gap computation permitted.
c104_21,c104,100,C1,10,961.88,unknown,unknown,GS,10.1016/j.ejor.2015.01.049,2015,False,KC,10.1016/j.trc.2016.01.013,Table 2,False,full_recharge: t = (Q - b) * g,"lexicographic(vehicle_count, total_distance, total_charging_time, charging_count)",unrounded Euclidean (math.hypot),False,Objective mismatch: our 4-component lexicographic objective adds total_charging_time and charging_count not present in published objectives; HPH uses weighted sum rather than strict lexicographic; distance metric may differ due to rounding conventions. No gap computation permitted.
c105_21,c105,100,C1,11,1075.37,unknown,unknown,SSG,10.1287/trsc.2013.0490,2014,True,KC,10.1016/j.trc.2016.01.013,Table 2,False,full_recharge: t = (Q - b) * g,"lexicographic(vehicle_count, total_distance, total_charging_time, charging_count)",unrounded Euclidean (math.hypot),False,Objective mismatch: our 4-component lexicographic objective adds total_charging_time and charging_count not present in published objectives; HPH uses weighted sum rather than strict lexicographic; distance metric may differ due to rounding conventions. No gap computation permitted.
c106_21,c106,100,C1,11,1057.65,unknown,unknown,HPH,10.1016/j.ejor.2016.01.038,2016,True,KC,10.1016/j.trc.2016.01.013,Table 2,False,full_recharge: t = (Q - b) * g,"lexicographic(vehicle_count, total_distance, total_charging_time, charging_count)",unrounded Euclidean (math.hypot),False,Objective mismatch: our 4-component lexicographic objective adds total_charging_time and charging_count not present in published objectives; HPH uses weighted sum rather than strict lexicographic; distance metric may differ due to rounding conventions. No gap computation permitted.
c107_21,c107,100,C1,11,1031.56,unknown,unknown,SSG,10.1287/trsc.2013.0490,2014,True,KC,10.1016/j.trc.2016.01.013,Table 2,False,full_recharge: t = (Q - b) * g,"lexicographic(vehicle_count, total_distance, total_charging_time, charging_count)",unrounded Euclidean (math.hypot),False,Objective mismatch: our 4-component lexicographic objective adds total_charging_time and charging_count not present in published objectives; HPH uses weighted sum rather than strict lexicographic; distance metric may differ due to rounding conventions. No gap computation permitted.
c108_21,c108,100,C1,10,1095.66,unknown,unknown,GS,10.1016/j.ejor.2015.01.049,2015,False,KC,10.1016/j.trc.2016.01.013,Table 2,False,full_recharge: t = (Q - b) * g,"lexicographic(vehicle_count, total_distance, total_charging_time, charging_count)",unrounded Euclidean (math.hypot),False,Objective mismatch: our 4-component lexicographic objective adds total_charging_time and charging_count not present in published objectives; HPH uses weighted sum rather than strict lexicographic; distance metric may differ due to rounding conventions. No gap computation permitted.
c109_21,c109,100,C1,10,1033.67,unknown,unknown,GS,10.1016/j.ejor.2015.01.049,2015,False,KC,10.1016/j.trc.2016.01.013,Table 2,False,full_recharge: t = (Q - b) * g,"lexicographic(vehicle_count, total_distance, total_charging_time, charging_count)",unrounded Euclidean (math.hypot),False,Objective mismatch: our 4-component lexicographic objective adds total_charging_time and charging_count not present in published objectives; HPH uses weighted sum rather than strict lexicographic; distance metric may differ due to rounding conventions. No gap computation permitted.
c201_21,c201,100,C2,4,645.16,unknown,unknown,SSG,10.1287/trsc.2013.0490,2014,True,KC,10.1016/j.trc.2016.01.013,Table 2,False,full_recharge: t = (Q - b) * g,"lexicographic(vehicle_count, total_distance, total_charging_time, charging_count)",unrounded Euclidean (math.hypot),False,Objective mismatch: our 4-component lexicographic objective adds total_charging_time and charging_count not present in published objectives; HPH uses weighted sum rather than strict lexicographic; distance metric may differ due to rounding conventions. No gap computation permitted.
c202_21,c202,100,C2,4,645.16,unknown,unknown,SSG,10.1287/trsc.2013.0490,2014,True,KC,10.1016/j.trc.2016.01.013,Table 2,False,full_recharge: t = (Q - b) * g,"lexicographic(vehicle_count, total_distance, total_charging_time, charging_count)",unrounded Euclidean (math.hypot),False,Objective mismatch: our 4-component lexicographic objective adds total_charging_time and charging_count not present in published objectives; HPH uses weighted sum rather than strict lexicographic; distance metric may differ due to rounding conventions. No gap computation permitted.
c203_21,c203,100,C2,4,644.98,unknown,unknown,SSG,10.1287/trsc.2013.0490,2014,True,KC,10.1016/j.trc.2016.01.013,Table 2,False,full_recharge: t = (Q - b) * g,"lexicographic(vehicle_count, total_distance, total_charging_time, charging_count)",unrounded Euclidean (math.hypot),False,Objective mismatch: our 4-component lexicographic objective adds total_charging_time and charging_count not present in published objectives; HPH uses weighted sum rather than strict lexicographic; distance metric may differ due to rounding conventions. No gap computation permitted.
c204_21,c204,100,C2,4,636.43,unknown,unknown,SSG,10.1287/trsc.2013.0490,2014,True,KC,10.1016/j.trc.2016.01.013,Table 2,False,full_recharge: t = (Q - b) * g,"lexicographic(vehicle_count, total_distance, total_charging_time, charging_count)",unrounded Euclidean (math.hypot),False,Objective mismatch: our 4-component lexicographic objective adds total_charging_time and charging_count not present in published objectives; HPH uses weighted sum rather than strict lexicographic; distance metric may differ due to rounding conventions. No gap computation permitted.
c205_21,c205,100,C2,4,641.13,unknown,unknown,SSG,10.1287/trsc.2013.0490,2014,True,KC,10.1016/j.trc.2016.01.013,Table 2,False,full_recharge: t = (Q - b) * g,"lexicographic(vehicle_count, total_distance, total_charging_time, charging_count)",unrounded Euclidean (math.hypot),False,Objective mismatch: our 4-component lexicographic objective adds total_charging_time and charging_count not present in published objectives; HPH uses weighted sum rather than strict lexicographic; distance metric may differ due to rounding conventions. No gap computation permitted.
c206_21,c206,100,C2,4,638.17,unknown,unknown,SSG,10.1287/trsc.2013.0490,2014,True,KC,10.1016/j.trc.2016.01.013,Table 2,False,full_recharge: t = (Q - b) * g,"lexicographic(vehicle_count, total_distance, total_charging_time, charging_count)",unrounded Euclidean (math.hypot),False,Objective mismatch: our 4-component lexicographic objective adds total_charging_time and charging_count not present in published objectives; HPH uses weighted sum rather than strict lexicographic; distance metric may differ due to rounding conventions. No gap computation permitted.
c207_21,c207,100,C2,4,638.17,unknown,unknown,SSG,10.1287/trsc.2013.0490,2014,True,KC,10.1016/j.trc.2016.01.013,Table 2,False,full_recharge: t = (Q - b) * g,"lexicographic(vehicle_count, total_distance, total_charging_time, charging_count)",unrounded Euclidean (math.hypot),False,Objective mismatch: our 4-component lexicographic objective adds total_charging_time and charging_count not present in published objectives; HPH uses weighted sum rather than strict lexicographic; distance metric may differ due to rounding conventions. No gap computation permitted.
c208_21,c208,100,C2,4,638.17,unknown,unknown,SSG,10.1287/trsc.2013.0490,2014,True,KC,10.1016/j.trc.2016.01.013,Table 2,False,full_recharge: t = (Q - b) * g,"lexicographic(vehicle_count, total_distance, total_charging_time, charging_count)",unrounded Euclidean (math.hypot),False,Objective mismatch: our 4-component lexicographic objective adds total_charging_time and charging_count not present in published objectives; HPH uses weighted sum rather than strict lexicographic; distance metric may differ due to rounding conventions. No gap computation permitted.
r101_21,r101,100,R1,18,1663.04,unknown,unknown,HPH,10.1016/j.ejor.2016.01.038,2016,True,KC,10.1016/j.trc.2016.01.013,Table 2,False,full_recharge: t = (Q - b) * g,"lexicographic(vehicle_count, total_distance, total_charging_time, charging_count)",unrounded Euclidean (math.hypot),False,Objective mismatch: our 4-component lexicographic objective adds total_charging_time and charging_count not present in published objectives; HPH uses weighted sum rather than strict lexicographic; distance metric may differ due to rounding conventions. No gap computation permitted.
r102_21,r102,100,R1,16,1487.41,unknown,unknown,GS,10.1016/j.ejor.2015.01.049,2015,False,KC,10.1016/j.trc.2016.01.013,Table 2,False,full_recharge: t = (Q - b) * g,"lexicographic(vehicle_count, total_distance, total_charging_time, charging_count)",unrounded Euclidean (math.hypot),False,Objective mismatch: our 4-component lexicographic objective adds total_charging_time and charging_count not present in published objectives; HPH uses weighted sum rather than strict lexicographic; distance metric may differ due to rounding conventions. No gap computation permitted.
r103_21,r103,100,R1,13,1271.35,unknown,unknown,GS,10.1016/j.ejor.2015.01.049,2015,False,KC,10.1016/j.trc.2016.01.013,Table 2,False,full_recharge: t = (Q - b) * g,"lexicographic(vehicle_count, total_distance, total_charging_time, charging_count)",unrounded Euclidean (math.hypot),False,Objective mismatch: our 4-component lexicographic objective adds total_charging_time and charging_count not present in published objectives; HPH uses weighted sum rather than strict lexicographic; distance metric may differ due to rounding conventions. No gap computation permitted.
r104_21,r104,100,R1,11,1088.43,unknown,unknown,SSG,10.1287/trsc.2013.0490,2014,True,KC,10.1016/j.trc.2016.01.013,Table 2,False,full_recharge: t = (Q - b) * g,"lexicographic(vehicle_count, total_distance, total_charging_time, charging_count)",unrounded Euclidean (math.hypot),False,Objective mismatch: our 4-component lexicographic objective adds total_charging_time and charging_count not present in published objectives; HPH uses weighted sum rather than strict lexicographic; distance metric may differ due to rounding conventions. No gap computation permitted.
r105_21,r105,100,R1,14,1442.35,unknown,unknown,GS,10.1016/j.ejor.2015.01.049,2015,False,KC,10.1016/j.trc.2016.01.013,Table 2,False,full_recharge: t = (Q - b) * g,"lexicographic(vehicle_count, total_distance, total_charging_time, charging_count)",unrounded Euclidean (math.hypot),False,Objective mismatch: our 4-component lexicographic objective adds total_charging_time and charging_count not present in published objectives; HPH uses weighted sum rather than strict lexicographic; distance metric may differ due to rounding conventions. No gap computation permitted.
r106_21,r106,100,R1,13,1324.1,unknown,unknown,GS,10.1016/j.ejor.2015.01.049,2015,False,KC,10.1016/j.trc.2016.01.013,Table 2,False,full_recharge: t = (Q - b) * g,"lexicographic(vehicle_count, total_distance, total_charging_time, charging_count)",unrounded Euclidean (math.hypot),False,Objective mismatch: our 4-component lexicographic objective adds total_charging_time and charging_count not present in published objectives; HPH uses weighted sum rather than strict lexicographic; distance metric may differ due to rounding conventions. No gap computation permitted.
r107_21,r107,100,R1,12,1150.95,unknown,unknown,GS,10.1016/j.ejor.2015.01.049,2015,False,KC,10.1016/j.trc.2016.01.013,Table 2,False,full_recharge: t = (Q - b) * g,"lexicographic(vehicle_count, total_distance, total_charging_time, charging_count)",unrounded Euclidean (math.hypot),False,Objective mismatch: our 4-component lexicographic objective adds total_charging_time and charging_count not present in published objectives; HPH uses weighted sum rather than strict lexicographic; distance metric may differ due to rounding conventions. No gap computation permitted.
r108_21,r108,100,R1,11,1050.04,unknown,unknown,SSG,10.1287/trsc.2013.0490,2014,True,KC,10.1016/j.trc.2016.01.013,Table 2,False,full_recharge: t = (Q - b) * g,"lexicographic(vehicle_count, total_distance, total_charging_time, charging_count)",unrounded Euclidean (math.hypot),False,Objective mismatch: our 4-component lexicographic objective adds total_charging_time and charging_count not present in published objectives; HPH uses weighted sum rather than strict lexicographic; distance metric may differ due to rounding conventions. No gap computation permitted.
r109_21,r109,100,R1,12,1261.31,unknown,unknown,GS,10.1016/j.ejor.2015.01.049,2015,False,KC,10.1016/j.trc.2016.01.013,Table 2,False,full_recharge: t = (Q - b) * g,"lexicographic(vehicle_count, total_distance, total_charging_time, charging_count)",unrounded Euclidean (math.hypot),False,Objective mismatch: our 4-component lexicographic objective adds total_charging_time and charging_count not present in published objectives; HPH uses weighted sum rather than strict lexicographic; distance metric may differ due to rounding conventions. No gap computation permitted.
r110_21,r110,100,R1,11,1119.5,unknown,unknown,GS,10.1016/j.ejor.2015.01.049,2015,False,KC,10.1016/j.trc.2016.01.013,Table 2,False,full_recharge: t = (Q - b) * g,"lexicographic(vehicle_count, total_distance, total_charging_time, charging_count)",unrounded Euclidean (math.hypot),False,Objective mismatch: our 4-component lexicographic objective adds total_charging_time and charging_count not present in published objectives; HPH uses weighted sum rather than strict lexicographic; distance metric may differ due to rounding conventions. No gap computation permitted.
r111_21,r111,100,R1,12,1106.19,unknown,unknown,SSG,10.1287/trsc.2013.0490,2014,True,KC,10.1016/j.trc.2016.01.013,Table 2,False,full_recharge: t = (Q - b) * g,"lexicographic(vehicle_count, total_distance, total_charging_time, charging_count)",unrounded Euclidean (math.hypot),False,Objective mismatch: our 4-component lexicographic objective adds total_charging_time and charging_count not present in published objectives; HPH uses weighted sum rather than strict lexicographic; distance metric may differ due to rounding conventions. No gap computation permitted.
r112_21,r112,100,R1,11,1016.63,unknown,unknown,GS,10.1016/j.ejor.2015.01.049,2015,False,KC,10.1016/j.trc.2016.01.013,Table 2,False,full_recharge: t = (Q - b) * g,"lexicographic(vehicle_count, total_distance, total_charging_time, charging_count)",unrounded Euclidean (math.hypot),False,Objective mismatch: our 4-component lexicographic objective adds total_charging_time and charging_count not present in published objectives; HPH uses weighted sum rather than strict lexicographic; distance metric may differ due to rounding conventions. No gap computation permitted.
r201_21,r201,100,R2,3,1264.82,unknown,unknown,SSG,10.1287/trsc.2013.0490,2014,True,KC,10.1016/j.trc.2016.01.013,Table 2,False,full_recharge: t = (Q - b) * g,"lexicographic(vehicle_count, total_distance, total_charging_time, charging_count)",unrounded Euclidean (math.hypot),False,Objective mismatch: our 4-component lexicographic objective adds total_charging_time and charging_count not present in published objectives; HPH uses weighted sum rather than strict lexicographic; distance metric may differ due to rounding conventions. No gap computation permitted.
r202_21,r202,100,R2,3,1052.32,unknown,unknown,SSG,10.1287/trsc.2013.0490,2014,True,KC,10.1016/j.trc.2016.01.013,Table 2,False,full_recharge: t = (Q - b) * g,"lexicographic(vehicle_count, total_distance, total_charging_time, charging_count)",unrounded Euclidean (math.hypot),False,Objective mismatch: our 4-component lexicographic objective adds total_charging_time and charging_count not present in published objectives; HPH uses weighted sum rather than strict lexicographic; distance metric may differ due to rounding conventions. No gap computation permitted.
r203_21,r203,100,R2,3,895.54,unknown,unknown,GS,10.1016/j.ejor.2015.01.049,2015,False,KC,10.1016/j.trc.2016.01.013,Table 2,False,full_recharge: t = (Q - b) * g,"lexicographic(vehicle_count, total_distance, total_charging_time, charging_count)",unrounded Euclidean (math.hypot),False,Objective mismatch: our 4-component lexicographic objective adds total_charging_time and charging_count not present in published objectives; HPH uses weighted sum rather than strict lexicographic; distance metric may differ due to rounding conventions. No gap computation permitted.
r204_21,r204,100,R2,2,779.49,unknown,unknown,GS,10.1016/j.ejor.2015.01.049,2015,False,KC,10.1016/j.trc.2016.01.013,Table 2,False,full_recharge: t = (Q - b) * g,"lexicographic(vehicle_count, total_distance, total_charging_time, charging_count)",unrounded Euclidean (math.hypot),False,Objective mismatch: our 4-component lexicographic objective adds total_charging_time and charging_count not present in published objectives; HPH uses weighted sum rather than strict lexicographic; distance metric may differ due to rounding conventions. No gap computation permitted.
r205_21,r205,100,R2,3,987.36,unknown,unknown,GS,10.1016/j.ejor.2015.01.049,2015,False,KC,10.1016/j.trc.2016.01.013,Table 2,False,full_recharge: t = (Q - b) * g,"lexicographic(vehicle_count, total_distance, total_charging_time, charging_count)",unrounded Euclidean (math.hypot),False,Objective mismatch: our 4-component lexicographic objective adds total_charging_time and charging_count not present in published objectives; HPH uses weighted sum rather than strict lexicographic; distance metric may differ due to rounding conventions. No gap computation permitted.
r206_21,r206,100,R2,3,922.19,unknown,unknown,GS,10.1016/j.ejor.2015.01.049,2015,False,KC,10.1016/j.trc.2016.01.013,Table 2,False,full_recharge: t = (Q - b) * g,"lexicographic(vehicle_count, total_distance, total_charging_time, charging_count)",unrounded Euclidean (math.hypot),False,Objective mismatch: our 4-component lexicographic objective adds total_charging_time and charging_count not present in published objectives; HPH uses weighted sum rather than strict lexicographic; distance metric may differ due to rounding conventions. No gap computation permitted.
r207_21,r207,100,R2,2,845.26,unknown,unknown,GS,10.1016/j.ejor.2015.01.049,2015,False,KC,10.1016/j.trc.2016.01.013,Table 2,False,full_recharge: t = (Q - b) * g,"lexicographic(vehicle_count, total_distance, total_charging_time, charging_count)",unrounded Euclidean (math.hypot),False,Objective mismatch: our 4-component lexicographic objective adds total_charging_time and charging_count not present in published objectives; HPH uses weighted sum rather than strict lexicographic; distance metric may differ due to rounding conventions. No gap computation permitted.
r208_21,r208,100,R2,2,736.12,unknown,unknown,GS,10.1016/j.ejor.2015.01.049,2015,False,KC,10.1016/j.trc.2016.01.013,Table 2,False,full_recharge: t = (Q - b) * g,"lexicographic(vehicle_count, total_distance, total_charging_time, charging_count)",unrounded Euclidean (math.hypot),False,Objective mismatch: our 4-component lexicographic objective adds total_charging_time and charging_count not present in published objectives; HPH uses weighted sum rather than strict lexicographic; distance metric may differ due to rounding conventions. No gap computation permitted.
r209_21,r209,100,R2,3,867.05,unknown,unknown,GS,10.1016/j.ejor.2015.01.049,2015,False,KC,10.1016/j.trc.2016.01.013,Table 2,False,full_recharge: t = (Q - b) * g,"lexicographic(vehicle_count, total_distance, total_charging_time, charging_count)",unrounded Euclidean (math.hypot),False,Objective mismatch: our 4-component lexicographic objective adds total_charging_time and charging_count not present in published objectives; HPH uses weighted sum rather than strict lexicographic; distance metric may differ due to rounding conventions. No gap computation permitted.
r210_21,r210,100,R2,3,846.2,unknown,unknown,GS,10.1016/j.ejor.2015.01.049,2015,False,KC,10.1016/j.trc.2016.01.013,Table 2,False,full_recharge: t = (Q - b) * g,"lexicographic(vehicle_count, total_distance, total_charging_time, charging_count)",unrounded Euclidean (math.hypot),False,Objective mismatch: our 4-component lexicographic objective adds total_charging_time and charging_count not present in published objectives; HPH uses weighted sum rather than strict lexicographic; distance metric may differ due to rounding conventions. No gap computation permitted.
r211_21,r211,100,R2,2,827.89,unknown,unknown,GS,10.1016/j.ejor.2015.01.049,2015,False,KC,10.1016/j.trc.2016.01.013,Table 2,False,full_recharge: t = (Q - b) * g,"lexicographic(vehicle_count, total_distance, total_charging_time, charging_count)",unrounded Euclidean (math.hypot),False,Objective mismatch: our 4-component lexicographic objective adds total_charging_time and charging_count not present in published objectives; HPH uses weighted sum rather than strict lexicographic; distance metric may differ due to rounding conventions. No gap computation permitted.
rc101_21,rc101,100,RC1,16,1726.91,unknown,unknown,HPH,10.1016/j.ejor.2016.01.038,2016,True,KC,10.1016/j.trc.2016.01.013,Table 2,False,full_recharge: t = (Q - b) * g,"lexicographic(vehicle_count, total_distance, total_charging_time, charging_count)",unrounded Euclidean (math.hypot),False,Objective mismatch: our 4-component lexicographic objective adds total_charging_time and charging_count not present in published objectives; HPH uses weighted sum rather than strict lexicographic; distance metric may differ due to rounding conventions. No gap computation permitted.
rc102_21,rc102,100,RC1,14,1552.08,unknown,unknown,HPH,10.1016/j.ejor.2016.01.038,2016,True,KC,10.1016/j.trc.2016.01.013,Table 2,False,full_recharge: t = (Q - b) * g,"lexicographic(vehicle_count, total_distance, total_charging_time, charging_count)",unrounded Euclidean (math.hypot),False,Objective mismatch: our 4-component lexicographic objective adds total_charging_time and charging_count not present in published objectives; HPH uses weighted sum rather than strict lexicographic; distance metric may differ due to rounding conventions. No gap computation permitted.
rc103_21,rc103,100,RC1,13,1350.09,unknown,unknown,GS,10.1016/j.ejor.2015.01.049,2015,False,KC,10.1016/j.trc.2016.01.013,Table 2,False,full_recharge: t = (Q - b) * g,"lexicographic(vehicle_count, total_distance, total_charging_time, charging_count)",unrounded Euclidean (math.hypot),False,Objective mismatch: our 4-component lexicographic objective adds total_charging_time and charging_count not present in published objectives; HPH uses weighted sum rather than strict lexicographic; distance metric may differ due to rounding conventions. No gap computation permitted.
rc104_21,rc104,100,RC1,11,1227.25,unknown,unknown,GS,10.1016/j.ejor.2015.01.049,2015,False,KC,10.1016/j.trc.2016.01.013,Table 2,False,full_recharge: t = (Q - b) * g,"lexicographic(vehicle_count, total_distance, total_charging_time, charging_count)",unrounded Euclidean (math.hypot),False,Objective mismatch: our 4-component lexicographic objective adds total_charging_time and charging_count not present in published objectives; HPH uses weighted sum rather than strict lexicographic; distance metric may differ due to rounding conventions. No gap computation permitted.
rc105_21,rc105,100,RC1,14,1475.31,unknown,unknown,HPH,10.1016/j.ejor.2016.01.038,2016,True,KC,10.1016/j.trc.2016.01.013,Table 2,False,full_recharge: t = (Q - b) * g,"lexicographic(vehicle_count, total_distance, total_charging_time, charging_count)",unrounded Euclidean (math.hypot),False,Objective mismatch: our 4-component lexicographic objective adds total_charging_time and charging_count not present in published objectives; HPH uses weighted sum rather than strict lexicographic; distance metric may differ due to rounding conventions. No gap computation permitted.
rc106_21,rc106,100,RC1,13,1427.21,unknown,unknown,GS,10.1016/j.ejor.2015.01.049,2015,False,KC,10.1016/j.trc.2016.01.013,Table 2,False,full_recharge: t = (Q - b) * g,"lexicographic(vehicle_count, total_distance, total_charging_time, charging_count)",unrounded Euclidean (math.hypot),False,Objective mismatch: our 4-component lexicographic objective adds total_charging_time and charging_count not present in published objectives; HPH uses weighted sum rather than strict lexicographic; distance metric may differ due to rounding conventions. No gap computation permitted.
rc107_21,rc107,100,RC1,12,1274.89,unknown,unknown,SSG,10.1287/trsc.2013.0490,2014,True,KC,10.1016/j.trc.2016.01.013,Table 2,False,full_recharge: t = (Q - b) * g,"lexicographic(vehicle_count, total_distance, total_charging_time, charging_count)",unrounded Euclidean (math.hypot),False,Objective mismatch: our 4-component lexicographic objective adds total_charging_time and charging_count not present in published objectives; HPH uses weighted sum rather than strict lexicographic; distance metric may differ due to rounding conventions. No gap computation permitted.
rc108_21,rc108,100,RC1,11,1197.83,unknown,unknown,GS,10.1016/j.ejor.2015.01.049,2015,False,KC,10.1016/j.trc.2016.01.013,Table 2,False,full_recharge: t = (Q - b) * g,"lexicographic(vehicle_count, total_distance, total_charging_time, charging_count)",unrounded Euclidean (math.hypot),False,Objective mismatch: our 4-component lexicographic objective adds total_charging_time and charging_count not present in published objectives; HPH uses weighted sum rather than strict lexicographic; distance metric may differ due to rounding conventions. No gap computation permitted.
rc201_21,rc201,100,RC2,4,1444.94,unknown,unknown,SSG,10.1287/trsc.2013.0490,2014,True,KC,10.1016/j.trc.2016.01.013,Table 2,False,full_recharge: t = (Q - b) * g,"lexicographic(vehicle_count, total_distance, total_charging_time, charging_count)",unrounded Euclidean (math.hypot),False,Objective mismatch: our 4-component lexicographic objective adds total_charging_time and charging_count not present in published objectives; HPH uses weighted sum rather than strict lexicographic; distance metric may differ due to rounding conventions. No gap computation permitted.
rc202_21,rc202,100,RC2,3,1410.74,unknown,unknown,GS,10.1016/j.ejor.2015.01.049,2015,False,KC,10.1016/j.trc.2016.01.013,Table 2,False,full_recharge: t = (Q - b) * g,"lexicographic(vehicle_count, total_distance, total_charging_time, charging_count)",unrounded Euclidean (math.hypot),False,Objective mismatch: our 4-component lexicographic objective adds total_charging_time and charging_count not present in published objectives; HPH uses weighted sum rather than strict lexicographic; distance metric may differ due to rounding conventions. No gap computation permitted.
rc203_21,rc203,100,RC2,3,1055.19,unknown,unknown,GS,10.1016/j.ejor.2015.01.049,2015,False,KC,10.1016/j.trc.2016.01.013,Table 2,False,full_recharge: t = (Q - b) * g,"lexicographic(vehicle_count, total_distance, total_charging_time, charging_count)",unrounded Euclidean (math.hypot),False,Objective mismatch: our 4-component lexicographic objective adds total_charging_time and charging_count not present in published objectives; HPH uses weighted sum rather than strict lexicographic; distance metric may differ due to rounding conventions. No gap computation permitted.
rc204_21,rc204,100,RC2,3,884.8,unknown,unknown,GS,10.1016/j.ejor.2015.01.049,2015,False,KC,10.1016/j.trc.2016.01.013,Table 2,False,full_recharge: t = (Q - b) * g,"lexicographic(vehicle_count, total_distance, total_charging_time, charging_count)",unrounded Euclidean (math.hypot),False,Objective mismatch: our 4-component lexicographic objective adds total_charging_time and charging_count not present in published objectives; HPH uses weighted sum rather than strict lexicographic; distance metric may differ due to rounding conventions. No gap computation permitted.
rc205_21,rc205,100,RC2,3,1273.55,unknown,unknown,GS,10.1016/j.ejor.2015.01.049,2015,False,KC,10.1016/j.trc.2016.01.013,Table 2,False,full_recharge: t = (Q - b) * g,"lexicographic(vehicle_count, total_distance, total_charging_time, charging_count)",unrounded Euclidean (math.hypot),False,Objective mismatch: our 4-component lexicographic objective adds total_charging_time and charging_count not present in published objectives; HPH uses weighted sum rather than strict lexicographic; distance metric may differ due to rounding conventions. No gap computation permitted.
rc206_21,rc206,100,RC2,3,1188.63,unknown,unknown,GS,10.1016/j.ejor.2015.01.049,2015,False,KC,10.1016/j.trc.2016.01.013,Table 2,False,full_recharge: t = (Q - b) * g,"lexicographic(vehicle_count, total_distance, total_charging_time, charging_count)",unrounded Euclidean (math.hypot),False,Objective mismatch: our 4-component lexicographic objective adds total_charging_time and charging_count not present in published objectives; HPH uses weighted sum rather than strict lexicographic; distance metric may differ due to rounding conventions. No gap computation permitted.
rc207_21,rc207,100,RC2,3,985.03,unknown,unknown,GS,10.1016/j.ejor.2015.01.049,2015,False,KC,10.1016/j.trc.2016.01.013,Table 2,False,full_recharge: t = (Q - b) * g,"lexicographic(vehicle_count, total_distance, total_charging_time, charging_count)",unrounded Euclidean (math.hypot),False,Objective mismatch: our 4-component lexicographic objective adds total_charging_time and charging_count not present in published objectives; HPH uses weighted sum rather than strict lexicographic; distance metric may differ due to rounding conventions. No gap computation permitted.
rc208_21,rc208,100,RC2,3,836.29,unknown,unknown,GS,10.1016/j.ejor.2015.01.049,2015,False,KC,10.1016/j.trc.2016.01.013,Table 2,False,full_recharge: t = (Q - b) * g,"lexicographic(vehicle_count, total_distance, total_charging_time, charging_count)",unrounded Euclidean (math.hypot),False,Objective mismatch: our 4-component lexicographic objective adds total_charging_time and charging_count not present in published objectives; HPH uses weighted sum rather than strict lexicographic; distance metric may differ due to rounding conventions. No gap computation permitted.
