schema_version,run_label,component,status,evidence_completeness,source_commit,prerequisite_run_labels,original_relative_path,file_count,byte_count,tree_sha256,archive_root_alias,archive_relative_path,disposition,verification_status,archived_at_utc
stage05.2-retention-registry-v1,stage05.2_accelerator_pilot_attempt01,accelerator_pilot,NOT_READY,complete,ca766a035a1c5413c61277f50d6904e3de7f238f,stage05.2_native_kernels_attempt03,stage05.2_accelerator_pilot_attempt01,33,103742,8d60cd36e7a953700f5e01d7742bb09fae63c748f0980b3540a7d6fe57243a7e,d_archive,stage05.2/history/stage05.2_accelerator_pilot_attempt01,archived,verified,2026-07-22T18:51:57Z
stage05.2-retention-registry-v1,stage05.2_artifact_streaming_attempt01,artifact_streaming,NOT_READY,complete,4ed585f97ec4057851f9d1965043b0182e046335,,stage05.2_artifact_streaming_attempt01,274,793304918,05d4ae11503329d894007978a752d9437dfbd0d98edf39752a4e10b1de0ca0e7,d_archive,stage05.2/history/stage05.2_artifact_streaming_attempt01,archived,verified,2026-07-22T18:51:57Z
stage05.2-retention-registry-v1,stage05.2_artifact_streaming_attempt02,artifact_streaming,partial,partial,5337f85809f35ba52ac3b990c9f50b8e27a108cf,,stage05.2_artifact_streaming_attempt02,203,213970933,9845b651cd419a24c3fde27cb4f41053cc165ca34a76d6504e5c2ff06847a4cb,d_archive,stage05.2/history/stage05.2_artifact_streaming_attempt02,archived,verified,2026-07-22T18:51:57Z
stage05.2-retention-registry-v1,stage05.2_artifact_streaming_attempt03,artifact_streaming,NOT_READY,complete,906e3a50a91f68ade447692b4f4d30060efd8da6,,stage05.2_artifact_streaming_attempt03,298,671191445,0d937a74065a4ecb1c9028b9ed144afb5eef453b9187163e3b8dc55d11e61578,d_archive,stage05.2/history/stage05.2_artifact_streaming_attempt03,archived,verified,2026-07-22T18:51:57Z
stage05.2-retention-registry-v1,stage05.2_artifact_streaming_attempt04,artifact_streaming,READY_FOR_STAGE052_JOB_PARALLEL,complete,5a4ba221e4594c8628c9ea335611e92e8c71f010,,stage05.2_artifact_streaming_attempt04,312,337816916,3980f44a224c9e42e2c35a0ce7f0b05c9a7565198948dfa9051434b69b9afe73,d_archive,stage05.2/history/stage05.2_artifact_streaming_attempt04,archived,verified,2026-07-22T18:51:57Z
stage05.2-retention-registry-v1,stage05.2_artifact_streaming_attempt05,artifact_streaming,complete,partial,59553ec122fdc24b6ccb86f39dfe5b86d86d5984,stage05.2_artifact_streaming_attempt04|stage05.2_hot_path_attempt03|stage05.2_native_kernels_attempt03,stage05.2_artifact_streaming_attempt05,315,2095574560,edfc8ded4902a2058a149628b3ae558de4730b6dbffe67e99e03f1953e22df51,d_archive,stage05.2/history/stage05.2_artifact_streaming_attempt05,archived,verified,2026-07-22T18:51:57Z
stage05.2-retention-registry-v1,stage05.2_artifact_streaming_attempt06,artifact_streaming,NOT_READY,complete,2a3b5ecd95d5e95f2de28866bb6c628b8027ae52,stage05.2_artifact_streaming_attempt04|stage05.2_hot_path_attempt03|stage05.2_native_kernels_attempt03,stage05.2_artifact_streaming_attempt06,647,4648268570,bef177a67d9731c29b54879337b873204ec9ae26c480dfff1158072b1f4c0f5d,d_archive,stage05.2/history/stage05.2_artifact_streaming_attempt06,archived,verified,2026-07-22T18:51:57Z
stage05.2-retention-registry-v1,stage05.2_artifact_streaming_attempt07,artifact_streaming,complete,complete,007317064812fb53f987110f418f1bf15fc32f52,stage05.2_artifact_streaming_attempt04|stage05.2_hot_path_attempt03|stage05.2_native_kernels_attempt03,stage05.2_artifact_streaming_attempt07,638,821722922,ebe0d37a2b0d900729969f0dda166e289dd19cf6a8b03eb7b4e5941188bcbaf6,d_archive,stage05.2/history/stage05.2_artifact_streaming_attempt07,archived,verified,2026-07-22T18:51:57Z
stage05.2-retention-registry-v1,stage05.2_artifact_streaming_attempt08,artifact_streaming,NOT_READY,complete,7ebb4f507c6cf39d9d253a137bf197cc755d4752,stage05.2_artifact_streaming_attempt04|stage05.2_hot_path_attempt03|stage05.2_native_kernels_attempt03,stage05.2_artifact_streaming_attempt08,647,823219439,d2c9d0708687d0d0cf55466c1ca2846d92a04d92bd50a6ecccc8dacc74f9ab11,d_archive,stage05.2/history/stage05.2_artifact_streaming_attempt08,archived,verified,2026-07-22T18:51:57Z
stage05.2-retention-registry-v1,stage05.2_artifact_streaming_attempt09,artifact_streaming,NOT_READY,complete,5fd5796c38d96b34b72b6cb7ce57318252c645e2,stage05.2_artifact_streaming_attempt04|stage05.2_hot_path_attempt03|stage05.2_native_kernels_attempt03,stage05.2_artifact_streaming_attempt09,647,846142227,34e59ee25cea9c99a27547306e010a96200b676b8035b8a8686f4bbed5560cb2,d_archive,stage05.2/history/stage05.2_artifact_streaming_attempt09,archived,verified,2026-07-22T18:51:57Z
stage05.2-retention-registry-v1,stage05.2_artifact_streaming_attempt10,artifact_streaming,NOT_READY,complete,077cc04d59635d47bf7decfb51b2a6b53bee2730,stage05.2_artifact_streaming_attempt04|stage05.2_hot_path_attempt03|stage05.2_native_kernels_attempt03,stage05.2_artifact_streaming_attempt10,647,850793524,505f22d06ade2579f7b5a65289b8bd966c1408e3501289ea24fe676e34f93e9a,d_archive,stage05.2/history/stage05.2_artifact_streaming_attempt10,archived,verified,2026-07-22T18:51:57Z
stage05.2-retention-registry-v1,stage05.2_artifact_streaming_attempt11,artifact_streaming,READY_FOR_STAGE052_JOB_PARALLEL,complete,85302b4d4c9548a94b94049538957209c6a7c718,stage05.2_artifact_streaming_attempt04|stage05.2_hot_path_attempt03|stage05.2_native_kernels_attempt03,stage05.2_artifact_streaming_attempt11,647,864609903,14a12f3b60a13e851dc5a24e27954c14ecf8c354567252251648651c57b19b09,d_archive,stage05.2/history/stage05.2_artifact_streaming_attempt11,archived,verified,2026-07-22T18:51:57Z
stage05.2-retention-registry-v1,stage05.2_artifact_streaming_attempt12,artifact_streaming,READY_FOR_STAGE052_JOB_PARALLEL,complete,2146cf2e8fc024b69187d3039667fc6c3310e456,stage05.2_artifact_streaming_attempt04|stage05.2_hot_path_attempt03|stage05.2_native_kernels_attempt03,stage05.2_artifact_streaming_attempt12,647,870271541,20947ed44be0648dc708effe730549b5ff50f8d7f96931a346dd327e08473854,d_archive,stage05.2/history/stage05.2_artifact_streaming_attempt12,archived,verified,2026-07-22T18:51:57Z
stage05.2-retention-registry-v1,stage05.2_artifact_streaming_attempt13,artifact_streaming,READY_FOR_STAGE052_JOB_PARALLEL,complete,2ab36ede543b64b286b1aa12ffd89f4257e74b21,stage05.2_artifact_streaming_attempt04|stage05.2_hot_path_attempt03|stage05.2_native_kernels_attempt03,stage05.2_artifact_streaming_attempt13,647,842295656,8f330c6c7f5f77aaec740bef1b27c79895d9dbcd57b51ca0a38ddf5e0b91a88c,d_archive,stage05.2/history/stage05.2_artifact_streaming_attempt13,archived,verified,2026-07-22T18:51:57Z
stage05.2-retention-registry-v1,stage05.2_artifact_streaming_attempt14,artifact_streaming,READY_FOR_STAGE052_JOB_PARALLEL,complete,fa829d0f6ad1b681e52e26c94c3e1f11c662aaa0,stage05.2_artifact_streaming_attempt04|stage05.2_hot_path_attempt03|stage05.2_native_kernels_attempt03,stage05.2_artifact_streaming_attempt14,647,840761330,d18ad398ddd170e56cbba0ecfd97d62e85d3675a147d3dd8ff7fdc323437cd59,d_archive,stage05.2/history/stage05.2_artifact_streaming_attempt14,archived,verified,2026-07-22T18:51:57Z
stage05.2-retention-registry-v1,stage05.2_artifact_streaming_attempt15,artifact_streaming,complete,complete,75400e6fe3b72276e92d7c06adc931ded5ac3609,stage05.2_artifact_streaming_attempt04|stage05.2_hot_path_attempt03|stage05.2_native_kernels_attempt03,stage05.2_artifact_streaming_attempt15,638,839453688,33c3fb162ca834b7c127ffb3833f120f46878e9e007413f606739fbc2c3dba3a,d_archive,stage05.2/history/stage05.2_artifact_streaming_attempt15,archived,verified,2026-07-22T18:51:57Z
stage05.2-retention-registry-v1,stage05.2_artifact_streaming_attempt85,artifact_streaming,unknown,unknown,,,stage05.2_artifact_streaming_attempt85,26,38482303,19c298d6e256b6320ba57f4195cb55d3cd9d2877a73f7b9d3acf551cd8c482d3,d_archive,stage05.2/history/stage05.2_artifact_streaming_attempt85,archived,verified,2026-07-22T18:51:57Z
stage05.2-retention-registry-v1,stage05.2_artifact_streaming_attempt86,artifact_streaming,unknown,unknown,,,stage05.2_artifact_streaming_attempt86,26,36666421,aa7ae2252a5e2be15b92393f464405549666380c089fc931913d7e5f6d5fc370,d_archive,stage05.2/history/stage05.2_artifact_streaming_attempt86,archived,verified,2026-07-22T18:51:57Z
stage05.2-retention-registry-v1,stage05.2_artifact_streaming_attempt87,artifact_streaming,complete,partial,077cc04d59635d47bf7decfb51b2a6b53bee2730,stage05.2_artifact_streaming_attempt04|stage05.2_hot_path_attempt03|stage05.2_native_kernels_attempt03,stage05.2_artifact_streaming_attempt87,117,2009463,78d308de3d54a8846bfe614187f7e55da67620e9a6ee85b0f7ad1b89f0d82dd8,d_archive,stage05.2/history/stage05.2_artifact_streaming_attempt87,archived,verified,2026-07-22T18:51:57Z
stage05.2-retention-registry-v1,stage05.2_artifact_streaming_attempt90,artifact_streaming,unknown,unknown,,,stage05.2_artifact_streaming_attempt90,26,1708255,722109ca3355669c928f0624981a028aed849b981868135662c12220f006d403,d_archive,stage05.2/history/stage05.2_artifact_streaming_attempt90,archived,verified,2026-07-22T18:51:57Z
stage05.2-retention-registry-v1,stage05.2_artifact_streaming_attempt91,artifact_streaming,unknown,unknown,,,stage05.2_artifact_streaming_attempt91,26,37255343,df7c276011673fdabcef4ad2a596e78af077fee9a8dbaf22fbc8d65221332fe5,d_archive,stage05.2/history/stage05.2_artifact_streaming_attempt91,archived,verified,2026-07-22T18:51:57Z
stage05.2-retention-registry-v1,stage05.2_artifact_streaming_attempt92,artifact_streaming,unknown,unknown,,,stage05.2_artifact_streaming_attempt92,26,37025855,c50d148881c6d069212daa03d184f7a093e39e6b8dc2e02efa7b31d43f55334b,d_archive,stage05.2/history/stage05.2_artifact_streaming_attempt92,archived,verified,2026-07-22T18:51:57Z
stage05.2-retention-registry-v1,stage05.2_artifact_streaming_attempt93,artifact_streaming,unknown,unknown,,,stage05.2_artifact_streaming_attempt93,26,1718501,773a46e6b38a8e6bd2d74ef0e7e58c05ccde23c907bdddde7198420787ca33b2,d_archive,stage05.2/history/stage05.2_artifact_streaming_attempt93,archived,verified,2026-07-22T18:51:57Z
stage05.2-retention-registry-v1,stage05.2_artifact_streaming_attempt94,artifact_streaming,unknown,unknown,,,stage05.2_artifact_streaming_attempt94,26,27434018,ebc602ae0ef0f3e42403bcafb7b701aa695007ded75ccf4ec5ce8da08b9defd3,d_archive,stage05.2/history/stage05.2_artifact_streaming_attempt94,archived,verified,2026-07-22T18:51:57Z
stage05.2-retention-registry-v1,stage05.2_artifact_streaming_attempt95,artifact_streaming,unknown,unknown,,,stage05.2_artifact_streaming_attempt95,26,27421884,a08311a48e79c4d4cddf433190722d77706258ed100a95edadf0cc6b70be2b38,d_archive,stage05.2/history/stage05.2_artifact_streaming_attempt95,archived,verified,2026-07-22T18:51:57Z
stage05.2-retention-registry-v1,stage05.2_artifact_streaming_attempt96,artifact_streaming,unknown,unknown,,,stage05.2_artifact_streaming_attempt96,26,9382129,f07b81610d85af6090487df7339d5b73b581c9f4c2eb017a62591c9fd9a621e4,d_archive,stage05.2/history/stage05.2_artifact_streaming_attempt96,archived,verified,2026-07-22T18:51:57Z
stage05.2-retention-registry-v1,stage05.2_artifact_streaming_attempt97,artifact_streaming,unknown,unknown,,,stage05.2_artifact_streaming_attempt97,26,26582908,af7fdfbf4df960e19734032ef4bbb2c5f836b1213bd09654df5bd3245dc12b68,d_archive,stage05.2/history/stage05.2_artifact_streaming_attempt97,archived,verified,2026-07-22T18:51:57Z
stage05.2-retention-registry-v1,stage05.2_artifact_streaming_attempt98,artifact_streaming,unknown,unknown,,,stage05.2_artifact_streaming_attempt98,26,9402207,695eb48497b491cc285e49a66a1c2de00dec579db828707ae92992980cfd5c19,d_archive,stage05.2/history/stage05.2_artifact_streaming_attempt98,archived,verified,2026-07-22T18:51:57Z
stage05.2-retention-registry-v1,stage05.2_artifact_streaming_attempt99,artifact_streaming,unknown,unknown,,,stage05.2_artifact_streaming_attempt99,26,25178948,708d4c93ecd4e42f7ab1cd344d32e27e118189eb68c74c0b1ea03d9df0330d6f,d_archive,stage05.2/history/stage05.2_artifact_streaming_attempt99,archived,verified,2026-07-22T18:51:57Z
stage05.2-retention-registry-v1,stage05.2_hot_path_attempt01,hot_path,NOT_READY,complete,b664ddaca05098b31c3f9ea526daee0de2934195,,stage05.2_hot_path_attempt01,226,629439768,3c1a8b6df77c8936eb761f30d5bb0a0019f3c1703d45954d5acde2099a86ac82,d_archive,stage05.2/history/stage05.2_hot_path_attempt01,archived,verified,2026-07-22T18:51:57Z
stage05.2-retention-registry-v1,stage05.2_hot_path_attempt02,hot_path,NOT_READY,complete,20a3319f4718eb11d558cb6b0cf0b424e60e2b97,,stage05.2_hot_path_attempt02,226,630133141,c18c86a678a0f05bfce1ca86ca29b1066cd7788cf48d5f6b4cf7a7f7635e3a32,d_archive,stage05.2/history/stage05.2_hot_path_attempt02,archived,verified,2026-07-22T18:51:57Z
stage05.2-retention-registry-v1,stage05.2_hot_path_attempt03,hot_path,READY_FOR_STAGE052_ARTIFACT_STREAMING,complete,9ca24a69a0fe7ed2c4c9f7ee24fe461e40d7d5e8,,stage05.2_hot_path_attempt03,240,630120558,b6f35057a5c8311966150fa9d067ef12856c21be990fcebc8833b3f159521727,d_archive,stage05.2/history/stage05.2_hot_path_attempt03,archived,verified,2026-07-22T18:51:57Z
stage05.2-retention-registry-v1,stage05.2_job_parallel_attempt01,job_parallel,complete,complete,a2ee1cba1238b4fe9a7653425540b8b1d961e02c,stage05.2_artifact_streaming_attempt04,stage05.2_job_parallel_attempt01,293,321554873,45d40ac9e89cee054bb2d7880e192e42ef89ce3b5a7401cc0644c5692a0de1ac,d_archive,stage05.2/history/stage05.2_job_parallel_attempt01,archived,verified,2026-07-22T18:51:57Z
stage05.2-retention-registry-v1,stage05.2_job_parallel_attempt02,job_parallel,complete,complete,a2ee1cba1238b4fe9a7653425540b8b1d961e02c,stage05.2_artifact_streaming_attempt04,stage05.2_job_parallel_attempt02,293,330672623,4c0f5a5bcc95c303626e632b6018ec760315b28a7e5fccd612f4fde95e60550b,d_archive,stage05.2/history/stage05.2_job_parallel_attempt02,archived,verified,2026-07-22T18:51:57Z
stage05.2-retention-registry-v1,stage05.2_job_parallel_attempt03,job_parallel,complete,complete,a2ee1cba1238b4fe9a7653425540b8b1d961e02c,stage05.2_artifact_streaming_attempt04,stage05.2_job_parallel_attempt03,293,298764718,20b41d9c554181df65b21b0e72fc46aa9bc9115210b069380b46168028ddf71a,d_archive,stage05.2/history/stage05.2_job_parallel_attempt03,archived,verified,2026-07-22T18:51:57Z
stage05.2-retention-registry-v1,stage05.2_job_parallel_attempt04,job_parallel,complete,complete,8a60c5726ea0f0b72802a6f0f007caf6701f4bc1,stage05.2_artifact_streaming_attempt04,stage05.2_job_parallel_attempt04,293,310154526,5628e2db5cb6fd580057964dfad21239b4fcc0ef45250f76f284ad226de296ef,d_archive,stage05.2/history/stage05.2_job_parallel_attempt04,archived,verified,2026-07-22T18:51:57Z
stage05.2-retention-registry-v1,stage05.2_job_parallel_attempt05,job_parallel,complete,complete,8a60c5726ea0f0b72802a6f0f007caf6701f4bc1,stage05.2_artifact_streaming_attempt04,stage05.2_job_parallel_attempt05,293,315623541,565474bef01cbdc95e25e5291f8a2f9ea7a38b85d07d68525cb43ef793b427e2,d_archive,stage05.2/history/stage05.2_job_parallel_attempt05,archived,verified,2026-07-22T18:51:57Z
stage05.2-retention-registry-v1,stage05.2_job_parallel_attempt06,job_parallel,READY_FOR_STAGE052_NATIVE_KERNELS,complete,8a60c5726ea0f0b72802a6f0f007caf6701f4bc1,stage05.2_artifact_streaming_attempt04|stage05.2_job_parallel_attempt04|stage05.2_job_parallel_attempt05,stage05.2_job_parallel_attempt06,314,278907974,ee6cb5b3371d91e59fd2028bfdbb61ca4435e22a1372f65e3f6014748a9054dc,d_archive,stage05.2/history/stage05.2_job_parallel_attempt06,archived,verified,2026-07-22T18:51:57Z
stage05.2-retention-registry-v1,stage05.2_job_parallel_attempt07,job_parallel,complete,complete,85302b4d4c9548a94b94049538957209c6a7c718,stage05.2_artifact_streaming_attempt11,stage05.2_job_parallel_attempt07,323,294762047,c0ebd9fb9941cd5edea9fd76e30f1a5ffdab3418568aa8695a42ab49b7d84beb,d_archive,stage05.2/history/stage05.2_job_parallel_attempt07,archived,verified,2026-07-22T18:51:57Z
stage05.2-retention-registry-v1,stage05.2_job_parallel_attempt08,job_parallel,complete,complete,85302b4d4c9548a94b94049538957209c6a7c718,stage05.2_artifact_streaming_attempt11,stage05.2_job_parallel_attempt08,323,297406513,f45a5df8801c4ba3f433b84291ba280713a2a6dd78e04e57709f3796dd84ae4a,d_archive,stage05.2/history/stage05.2_job_parallel_attempt08,archived,verified,2026-07-22T18:51:57Z
stage05.2-retention-registry-v1,stage05.2_job_parallel_attempt09,job_parallel,READY_FOR_STAGE052_NATIVE_KERNELS,complete,85302b4d4c9548a94b94049538957209c6a7c718,stage05.2_artifact_streaming_attempt11|stage05.2_job_parallel_attempt07|stage05.2_job_parallel_attempt08,stage05.2_job_parallel_attempt09,332,272810007,c2d1b4c858274d077b052e8bef6341b29a770da052baecfecab1325ec54fe030,d_archive,stage05.2/history/stage05.2_job_parallel_attempt09,archived,verified,2026-07-22T18:51:57Z
stage05.2-retention-registry-v1,stage05.2_job_parallel_attempt10,job_parallel,complete,complete,2146cf2e8fc024b69187d3039667fc6c3310e456,stage05.2_artifact_streaming_attempt12,stage05.2_job_parallel_attempt10,323,300543693,e910abcb216be81c4de2979b93adfcb1412c34b88cd36c63b80cd2f3b12b8fc4,d_archive,stage05.2/history/stage05.2_job_parallel_attempt10,archived,verified,2026-07-22T18:51:57Z
stage05.2-retention-registry-v1,stage05.2_job_parallel_attempt11,job_parallel,complete,complete,2146cf2e8fc024b69187d3039667fc6c3310e456,stage05.2_artifact_streaming_attempt12,stage05.2_job_parallel_attempt11,323,298229868,4040b5e111c6d49474c691542d42885fa5d31834d2bef15ffb1dd94d2f354d2d,d_archive,stage05.2/history/stage05.2_job_parallel_attempt11,archived,verified,2026-07-22T18:51:57Z
stage05.2-retention-registry-v1,stage05.2_job_parallel_attempt12,job_parallel,READY_FOR_STAGE052_NATIVE_KERNELS,complete,2146cf2e8fc024b69187d3039667fc6c3310e456,stage05.2_artifact_streaming_attempt12|stage05.2_job_parallel_attempt10|stage05.2_job_parallel_attempt11,stage05.2_job_parallel_attempt12,332,274934333,7610baafd4b1cd66444374ad6f99fb74d032b0a524542b4466e354fcfb233988,d_archive,stage05.2/history/stage05.2_job_parallel_attempt12,archived,verified,2026-07-22T18:51:57Z
stage05.2-retention-registry-v1,stage05.2_job_parallel_attempt13,job_parallel,complete,complete,2ab36ede543b64b286b1aa12ffd89f4257e74b21,stage05.2_artifact_streaming_attempt13,stage05.2_job_parallel_attempt13,323,273543582,b047df62831517bf41b5f4625f1597d4621bdef0f7de7dac008d8aec148a3b68,d_archive,stage05.2/history/stage05.2_job_parallel_attempt13,archived,verified,2026-07-22T18:51:57Z
stage05.2-retention-registry-v1,stage05.2_job_parallel_attempt14,job_parallel,complete,complete,2ab36ede543b64b286b1aa12ffd89f4257e74b21,stage05.2_artifact_streaming_attempt13,stage05.2_job_parallel_attempt14,323,267146945,b82a7234939777a37b6c134147269f4e15d5bb1718a1d9111d7bd0ebe002d0a9,d_archive,stage05.2/history/stage05.2_job_parallel_attempt14,archived,verified,2026-07-22T18:51:57Z
stage05.2-retention-registry-v1,stage05.2_job_parallel_attempt15,job_parallel,READY_FOR_STAGE052_NATIVE_KERNELS,complete,2ab36ede543b64b286b1aa12ffd89f4257e74b21,stage05.2_artifact_streaming_attempt13|stage05.2_job_parallel_attempt13|stage05.2_job_parallel_attempt14,stage05.2_job_parallel_attempt15,332,243763217,bc4915f7433702f0a1b13481f7f99de776da7ae7fba1f0a648c8233ae26ee14a,d_archive,stage05.2/history/stage05.2_job_parallel_attempt15,archived,verified,2026-07-22T18:51:57Z
stage05.2-retention-registry-v1,stage05.2_job_parallel_attempt16,job_parallel,complete,complete,fa829d0f6ad1b681e52e26c94c3e1f11c662aaa0,stage05.2_artifact_streaming_attempt14,stage05.2_job_parallel_attempt16,323,267261875,966e402f627935f7f6fbfd488e5378509ad0609a174e1bb110a134c641c5aa16,d_archive,stage05.2/history/stage05.2_job_parallel_attempt16,archived,verified,2026-07-22T18:51:57Z
stage05.2-retention-registry-v1,stage05.2_job_parallel_attempt17,job_parallel,complete,complete,fa829d0f6ad1b681e52e26c94c3e1f11c662aaa0,stage05.2_artifact_streaming_attempt14,stage05.2_job_parallel_attempt17,323,266946620,891ca8e0d3234865ea99873fd80ac893d4675a9d72cdd709bb2f09044e3db369,d_archive,stage05.2/history/stage05.2_job_parallel_attempt17,archived,verified,2026-07-22T18:51:57Z
stage05.2-retention-registry-v1,stage05.2_job_parallel_attempt18,job_parallel,READY_FOR_STAGE052_NATIVE_KERNELS,complete,fa829d0f6ad1b681e52e26c94c3e1f11c662aaa0,stage05.2_artifact_streaming_attempt14|stage05.2_job_parallel_attempt16|stage05.2_job_parallel_attempt17,stage05.2_job_parallel_attempt18,332,241495271,ea000f741622f0efda2e7c07533aca49150b458ba6a09b7379e11b86d9a8b247,d_archive,stage05.2/history/stage05.2_job_parallel_attempt18,archived,verified,2026-07-22T18:51:57Z
stage05.2-retention-registry-v1,stage05.2_native_kernels_attempt01,native_kernels,complete,complete,0fa40830fb284e75a9097d53e833f6eeda7eff7b,stage05.2_job_parallel_attempt04|stage05.2_job_parallel_attempt05|stage05.2_job_parallel_attempt06,stage05.2_native_kernels_attempt01,297,621206760,d2c9c69551cf133187e932868069019daf8d16ecb414b7f6dce55d2e6a61ac6e,d_archive,stage05.2/history/stage05.2_native_kernels_attempt01,archived,verified,2026-07-22T18:51:57Z
stage05.2-retention-registry-v1,stage05.2_native_kernels_attempt02,native_kernels,NOT_READY,complete,1fa508df56abfe5498c916327c81a98d6e300c39,stage05.2_job_parallel_attempt04|stage05.2_job_parallel_attempt05|stage05.2_job_parallel_attempt06,stage05.2_native_kernels_attempt02,304,631765071,1d73be5f9d8bdb1eddeb4a3ebb601816c5b9e1816014540666eca3978630e31b,d_archive,stage05.2/history/stage05.2_native_kernels_attempt02,archived,verified,2026-07-22T18:51:57Z
stage05.2-retention-registry-v1,stage05.2_native_kernels_attempt03,native_kernels,NOT_READY,complete,ca766a035a1c5413c61277f50d6904e3de7f238f,stage05.2_job_parallel_attempt04|stage05.2_job_parallel_attempt05|stage05.2_job_parallel_attempt06,stage05.2_native_kernels_attempt03,317,645448316,8f8306c1d5d48d8c34a7a87bd5658923e3ca5d840fab5508e71fa947e513c88f,d_archive,stage05.2/history/stage05.2_native_kernels_attempt03,archived,verified,2026-07-22T18:51:57Z
stage05.2-retention-registry-v1,stage05.2_native_kernels_attempt04,native_kernels,NOT_READY,complete,85302b4d4c9548a94b94049538957209c6a7c718,stage05.2_job_parallel_attempt07|stage05.2_job_parallel_attempt08|stage05.2_job_parallel_attempt09,stage05.2_native_kernels_attempt04,332,441194895,36ea33138896dcca66d2b078be8c9b55512b7a27b9243c56017fbbf3a8fa2273,d_archive,stage05.2/history/stage05.2_native_kernels_attempt04,archived,verified,2026-07-22T18:51:57Z
stage05.2-retention-registry-v1,stage05.2_native_kernels_attempt05,native_kernels,NOT_READY,complete,2146cf2e8fc024b69187d3039667fc6c3310e456,stage05.2_job_parallel_attempt10|stage05.2_job_parallel_attempt11|stage05.2_job_parallel_attempt12,stage05.2_native_kernels_attempt05,332,450183155,f8af8f66d00109b09fda687a668ad99f190ea60991093d5bc24bb34138afbf78,d_archive,stage05.2/history/stage05.2_native_kernels_attempt05,archived,verified,2026-07-22T18:51:57Z
stage05.2-retention-registry-v1,stage05.2_native_kernels_attempt06,native_kernels,NOT_READY,complete,2ab36ede543b64b286b1aa12ffd89f4257e74b21,stage05.2_job_parallel_attempt13|stage05.2_job_parallel_attempt14|stage05.2_job_parallel_attempt15,stage05.2_native_kernels_attempt06,332,466317758,902adad3613279490ce271d9f9694ad83606e06eaec373916175d0394a0db270,d_archive,stage05.2/history/stage05.2_native_kernels_attempt06,archived,verified,2026-07-22T18:51:57Z
stage05.2-retention-registry-v1,stage05.2_native_kernels_attempt07,native_kernels,NOT_READY,complete,fa829d0f6ad1b681e52e26c94c3e1f11c662aaa0,stage05.2_job_parallel_attempt16|stage05.2_job_parallel_attempt17|stage05.2_job_parallel_attempt18,stage05.2_native_kernels_attempt07,332,459319797,67e55e6584be15248253c58fe9898f1670655d2b2eec01ffaeadd5ca232f9717,d_archive,stage05.2/history/stage05.2_native_kernels_attempt07,archived,verified,2026-07-22T18:51:57Z
stage05.2-retention-registry-v1,stage05.2_native_kernels_attempt95,native_kernels,unknown,unknown,,,stage05.2_native_kernels_attempt95,304,528854686,b3cad1e59ed75dbcf9cea8eed92249c5a82f0691aa6a828f212a63bf3f8890cd,d_archive,stage05.2/history/stage05.2_native_kernels_attempt95,archived,verified,2026-07-22T18:51:57Z
stage05.2-retention-registry-v1,stage05.2_native_kernels_attempt96,native_kernels,unknown,unknown,,,stage05.2_native_kernels_attempt96,304,527525944,1db30abb8958b06ad0ad5a74e4ab706ca0b7ac1f38c222b350137966e9ac204a,d_archive,stage05.2/history/stage05.2_native_kernels_attempt96,archived,verified,2026-07-22T18:51:57Z
stage05.2-retention-registry-v1,stage05.2_native_kernels_attempt97,native_kernels,unknown,unknown,,,stage05.2_native_kernels_attempt97,26,57645192,96b8a235edd5f229078c1d10ac8f1f05350a4bd8774dbea5d554b7ee4a2093ef,d_archive,stage05.2/history/stage05.2_native_kernels_attempt97,archived,verified,2026-07-22T18:51:57Z
stage05.2-retention-registry-v1,stage05.2_native_kernels_attempt98,native_kernels,unknown,unknown,,,stage05.2_native_kernels_attempt98,26,59531141,1f23f7a7e3b26cbc974ba365deb4d6a6d469cded590e36e49e634c3bfeed9b7e,d_archive,stage05.2/history/stage05.2_native_kernels_attempt98,archived,verified,2026-07-22T18:51:57Z
stage05.2-retention-registry-v1,stage05.2_native_kernels_attempt99,native_kernels,unknown,unknown,,,stage05.2_native_kernels_attempt99,26,56381632,585705452b839dec2252871ac8209791e58d468c4bd594d758c8c5c0af07e30b,d_archive,stage05.2/history/stage05.2_native_kernels_attempt99,archived,verified,2026-07-22T18:51:57Z
stage05.2-retention-registry-v1,stage05.2_native_kernels_rerun00,native_kernels,unknown,unknown,,,stage05.2_native_kernels_rerun00,26,28530862,73d24457bc8cad2805b3b3b9a9560c9de9d718c6b20d801d9c6edab75bc5b41b,d_archive,stage05.2/history/stage05.2_native_kernels_rerun00,archived,verified,2026-07-22T18:51:57Z
stage05.2-retention-registry-v1,stage05.2_native_kernels_rerun01,native_kernels,unknown,unknown,,,stage05.2_native_kernels_rerun01,26,58032048,7ada9bd1db0c27b7883f436b0a3af1b29686eedef07c75e7c203b4043beff9b6,d_archive,stage05.2/history/stage05.2_native_kernels_rerun01,archived,verified,2026-07-22T18:51:57Z
stage05.2-retention-registry-v1,stage05.2_native_kernels_rerun02,native_kernels,unknown,unknown,,,stage05.2_native_kernels_rerun02,304,521162967,d9b24abb0df13f9cf49e780d93a390595671c521cc76309d30947a2b00dbe4d4,d_archive,stage05.2/history/stage05.2_native_kernels_rerun02,archived,verified,2026-07-22T18:51:57Z
stage05.2-retention-registry-v1,stage05.2_native_kernels_rerun03,native_kernels,unknown,unknown,,,stage05.2_native_kernels_rerun03,26,58066093,eb32cc55abbd344b2a46689cdb3f9128bbc19dfcab303563d076ad7ab039c5fc,d_archive,stage05.2/history/stage05.2_native_kernels_rerun03,archived,verified,2026-07-22T18:51:57Z
stage05.2-retention-registry-v1,stage05.2_native_kernels_rerun04,native_kernels,unknown,unknown,,,stage05.2_native_kernels_rerun04,304,520234089,a418163cde35c6b9d02c8dccead9eab4dddebef59b1ac936480c0da044fd5868,d_archive,stage05.2/history/stage05.2_native_kernels_rerun04,archived,verified,2026-07-22T18:51:57Z
stage05.2-retention-registry-v1,stage05.2_native_kernels_rerun05,native_kernels,unknown,unknown,,,stage05.2_native_kernels_rerun05,26,58035530,00ba6aeb622e5257021183fc81687bf3391aa6b4ee411965204ecbef28ea4d81,d_archive,stage05.2/history/stage05.2_native_kernels_rerun05,archived,verified,2026-07-22T18:51:57Z
stage05.2-retention-registry-v1,stage05.2_native_kernels_rerun06,native_kernels,unknown,unknown,,,stage05.2_native_kernels_rerun06,26,57510436,97bc7e8cbba2c2a0ab4a12880791965d32f192f79b236c3442bb1b4053cc89be,d_archive,stage05.2/history/stage05.2_native_kernels_rerun06,archived,verified,2026-07-22T18:51:57Z
stage05.2-retention-registry-v1,stage05.2_native_kernels_rerun07,native_kernels,unknown,unknown,,,stage05.2_native_kernels_rerun07,26,28480168,69da57463be7d9a69b394f0b810fa5b6e09561172045b38df706c047f8b09033,d_archive,stage05.2/history/stage05.2_native_kernels_rerun07,archived,verified,2026-07-22T18:51:57Z
stage05.2-retention-registry-v1,stage05.2_native_kernels_rerun08,native_kernels,unknown,unknown,,,stage05.2_native_kernels_rerun08,26,58244520,b268d9175f60dde073366b689b46f40184cc97b2cb834df2c0d83243c6480e03,d_archive,stage05.2/history/stage05.2_native_kernels_rerun08,archived,verified,2026-07-22T18:51:57Z
stage05.2-retention-registry-v1,stage05.2_native_kernels_rerun09,native_kernels,unknown,unknown,,,stage05.2_native_kernels_rerun09,304,520308762,ccef878926f2185b89910b3ec8ed3191f2278936875db1cf3bc42c1164c2cff2,d_archive,stage05.2/history/stage05.2_native_kernels_rerun09,archived,verified,2026-07-22T18:51:57Z
stage05.2-retention-registry-v1,stage05.2_native_kernels_rerun10,native_kernels,unknown,unknown,,,stage05.2_native_kernels_rerun10,26,58545954,47c4c148a407709d19a787de29fa0fad7d61d5c9419cc09932b1fff6b6bb53d4,d_archive,stage05.2/history/stage05.2_native_kernels_rerun10,archived,verified,2026-07-22T18:51:57Z
stage05.2-retention-registry-v1,stage05.2_native_kernels_rerun11,native_kernels,unknown,unknown,,,stage05.2_native_kernels_rerun11,26,27289343,8412dd5000a32bdfbe23dcf672c446c178d39510d9197e13bdc8cf710c0e8016,d_archive,stage05.2/history/stage05.2_native_kernels_rerun11,archived,verified,2026-07-22T18:51:57Z
stage05.2-retention-registry-v1,stage05.2_native_kernels_rerun12,native_kernels,unknown,unknown,,,stage05.2_native_kernels_rerun12,26,58729037,4defbdff8aeb94de7303490e355b132c71c28565c9bea84547bd3b54dd6a28a7,d_archive,stage05.2/history/stage05.2_native_kernels_rerun12,archived,verified,2026-07-22T18:51:57Z
stage05.2-retention-registry-v1,stage05.2_native_kernels_rerun13,native_kernels,unknown,unknown,,,stage05.2_native_kernels_rerun13,26,58625987,d76015f41bcd7326877f0fb176a2b6c5309f56ae2ccf69a4e3dafe58555ebe67,d_archive,stage05.2/history/stage05.2_native_kernels_rerun13,archived,verified,2026-07-22T18:51:57Z
stage05.2-retention-registry-v1,stage05.2_native_kernels_rerun14,native_kernels,unknown,unknown,,,stage05.2_native_kernels_rerun14,26,27557165,6997f1cbf0defa519b6bddc6a24845479fe006fb1b41a9cd02eb73ada7084ffc,d_archive,stage05.2/history/stage05.2_native_kernels_rerun14,archived,verified,2026-07-22T18:51:57Z
stage05.2-retention-registry-v1,stage05.2_native_kernels_rerun15,native_kernels,unknown,unknown,,,stage05.2_native_kernels_rerun15,26,58674858,1182cbc877d1fae6360bb7ed427efbc17792598d5de45b8b20cd48f4f5dfd8c9,d_archive,stage05.2/history/stage05.2_native_kernels_rerun15,archived,verified,2026-07-22T18:51:57Z
stage05.2-retention-registry-v1,stage05.2_native_kernels_rerun16,native_kernels,unknown,unknown,,,stage05.2_native_kernels_rerun16,26,58636749,bddc8f8832d8fd3d6259d0e091801432cb1f15de5307dcbe3a0b313f1ea9e6ce,d_archive,stage05.2/history/stage05.2_native_kernels_rerun16,archived,verified,2026-07-22T18:51:57Z
stage05.2-retention-registry-v1,stage05.2_native_kernels_rerun17,native_kernels,unknown,unknown,,,stage05.2_native_kernels_rerun17,306,521629218,e0e6d3b98bbaf02795d2c13be237beda8d2e1a7fbf97fba6ad5f0b4229c69cf7,d_archive,stage05.2/history/stage05.2_native_kernels_rerun17,archived,verified,2026-07-22T18:51:57Z
stage05.2-retention-registry-v1,stage05.2_native_kernels_rerun18,native_kernels,unknown,unknown,,,stage05.2_native_kernels_rerun18,26,58649909,fb37a44c0f78500050445c756a8c3c0cece884db5ad31f811c8fce88366228f5,d_archive,stage05.2/history/stage05.2_native_kernels_rerun18,archived,verified,2026-07-22T18:51:57Z
stage05.2-retention-registry-v1,stage05.2_native_kernels_rerun19,native_kernels,unknown,unknown,,,stage05.2_native_kernels_rerun19,26,57457325,6c4fc4cf080d00a90b37813e9fad0d74eafdd7fe65f68d71dc84e282498a2f7a,d_archive,stage05.2/history/stage05.2_native_kernels_rerun19,archived,verified,2026-07-22T18:51:57Z
stage05.2-retention-registry-v1,stage05.2_native_kernels_rerun20,native_kernels,unknown,unknown,,,stage05.2_native_kernels_rerun20,26,57524361,1436037e6e5ddb3e4da7937cb6f62ea615e8be6dc746640d551943f477855ff0,d_archive,stage05.2/history/stage05.2_native_kernels_rerun20,archived,verified,2026-07-22T18:51:57Z
stage05.2-retention-registry-v1,stage05.2_native_kernels_rerun21,native_kernels,unknown,unknown,,,stage05.2_native_kernels_rerun21,28,27236540,41d45b0119eb7ff43020ae2238714c942d3eca41bc3cbe6d7e0b9d75bb85fdad,d_archive,stage05.2/history/stage05.2_native_kernels_rerun21,archived,verified,2026-07-22T18:51:57Z
stage05.2-retention-registry-v1,stage05.2_native_kernels_rerun22,native_kernels,unknown,unknown,,,stage05.2_native_kernels_rerun22,306,510680906,78df2bc41c4bd61a8610567804053dd4ef6fbab8100ee23e854a627b318e2c53,d_archive,stage05.2/history/stage05.2_native_kernels_rerun22,archived,verified,2026-07-22T18:51:57Z
stage05.2-retention-registry-v1,stage05.2_native_kernels_rerun23,native_kernels,unknown,unknown,,,stage05.2_native_kernels_rerun23,26,57358322,299e10174454e57ac0d908879383abdf8ed04d55af5bf2ca6f8d91879fafa868,d_archive,stage05.2/history/stage05.2_native_kernels_rerun23,archived,verified,2026-07-22T18:51:57Z
stage05.2-retention-registry-v1,stage05.2_native_kernels_rerun24,native_kernels,unknown,unknown,,,stage05.2_native_kernels_rerun24,26,57464937,e49c089edd26cdd62ad6dcb4ece9fee7b40558f3083f3237700c2925147629d6,d_archive,stage05.2/history/stage05.2_native_kernels_rerun24,archived,verified,2026-07-22T18:51:57Z
stage05.2-retention-registry-v1,stage05.2_native_kernels_rerun25,native_kernels,unknown,unknown,,,stage05.2_native_kernels_rerun25,26,57058685,3649cd86d80e4446aff3490c62102f5652ef3bc5f6310ce7c7bae3fe6a377b78,d_archive,stage05.2/history/stage05.2_native_kernels_rerun25,archived,verified,2026-07-22T18:51:57Z
stage05.2-retention-registry-v1,stage05.2_native_kernels_rerun26,native_kernels,unknown,unknown,,,stage05.2_native_kernels_rerun26,26,56577889,cf1271feea4f7b785b7de63fcbe01c3457e470bf24a24baf69c9cc73c15c002e,d_archive,stage05.2/history/stage05.2_native_kernels_rerun26,archived,verified,2026-07-22T18:51:57Z
stage05.2-retention-registry-v1,stage05.2_native_kernels_rerun27,native_kernels,unknown,unknown,,,stage05.2_native_kernels_rerun27,26,56732724,d6aaffca9e3489e7fdf7092f47b25291e36401ac152f22782cf6bfb11504ab3e,d_archive,stage05.2/history/stage05.2_native_kernels_rerun27,archived,verified,2026-07-22T18:51:57Z
stage05.2-retention-registry-v1,stage05.2_native_kernels_rerun28,native_kernels,unknown,unknown,,,stage05.2_native_kernels_rerun28,26,56296584,bbe2717a0afe9f2652d2c460e68796bd88c2d54682ffd14913cb8d7f9dfbcc26,d_archive,stage05.2/history/stage05.2_native_kernels_rerun28,archived,verified,2026-07-22T18:51:57Z
stage05.2-retention-registry-v1,stage05.2_native_kernels_rerun29,native_kernels,unknown,unknown,,,stage05.2_native_kernels_rerun29,304,450930825,b4476582d653e6b5c981312f12c143855362ec59e85c151de30f5753af094913,d_archive,stage05.2/history/stage05.2_native_kernels_rerun29,archived,verified,2026-07-22T18:51:57Z
stage05.2-retention-registry-v1,stage05.2_native_kernels_rerun30,native_kernels,unknown,unknown,,,stage05.2_native_kernels_rerun30,26,56404607,b293936948116d326443622182fc01b5a8da62d5acc7c02e3723af7d4e9ad15c,d_archive,stage05.2/history/stage05.2_native_kernels_rerun30,archived,verified,2026-07-22T18:51:57Z
stage05.2-retention-registry-v1,stage05.2_native_kernels_rerun31,native_kernels,unknown,unknown,,,stage05.2_native_kernels_rerun31,26,57122549,442ecdcc2082f5c9842ae9412436084fdec9d260c9fb0271cdd6af0cf01b45d4,d_archive,stage05.2/history/stage05.2_native_kernels_rerun31,archived,verified,2026-07-22T18:51:57Z
stage05.2-retention-registry-v1,stage05.2_native_kernels_rerun32,native_kernels,unknown,unknown,,,stage05.2_native_kernels_rerun32,26,56829935,ad99f10c33c6b765037f38f578fb9d41cea9dc4864e6fe4221bc631828c6db3f,d_archive,stage05.2/history/stage05.2_native_kernels_rerun32,archived,verified,2026-07-22T18:51:57Z
stage05.2-retention-registry-v1,stage05.2_native_kernels_rerun33,native_kernels,unknown,unknown,,,stage05.2_native_kernels_rerun33,26,56864909,140eafad2e9757d9960674e763f1b84cc636a247c38d477c6273c72573126f25,d_archive,stage05.2/history/stage05.2_native_kernels_rerun33,archived,verified,2026-07-22T18:51:57Z
stage05.2-retention-registry-v1,stage05.2_native_kernels_rerun34,native_kernels,unknown,unknown,,,stage05.2_native_kernels_rerun34,26,169815606,dc54117606939621868eb7b0fa5276143fff0a1715448bdf105cc86e344148f0,d_archive,stage05.2/history/stage05.2_native_kernels_rerun34,archived,verified,2026-07-22T18:51:57Z
stage05.2-retention-registry-v1,stage05.2_native_kernels_rerun35,native_kernels,unknown,unknown,,,stage05.2_native_kernels_rerun35,26,56263652,e36440fa9325fef725b5e5772a8cc940b5cb481fc7af3ebaad58143d453d60c5,d_archive,stage05.2/history/stage05.2_native_kernels_rerun35,archived,verified,2026-07-22T18:51:57Z
stage05.2-retention-registry-v1,stage05.2_native_kernels_rerun36,native_kernels,unknown,unknown,,,stage05.2_native_kernels_rerun36,26,56301521,f65bc7b916c31c838ebe2f54cbe458e08258c4c6d163a0bdb4a57ef6abce2188,d_archive,stage05.2/history/stage05.2_native_kernels_rerun36,archived,verified,2026-07-22T18:51:57Z
stage05.2-retention-registry-v1,stage05.2_native_kernels_rerun37,native_kernels,unknown,unknown,,,stage05.2_native_kernels_rerun37,26,56306224,49cdeb292ea2e69b812a5960d90b70e09651b5c1464181299b60488eb43e0b9a,d_archive,stage05.2/history/stage05.2_native_kernels_rerun37,archived,verified,2026-07-22T18:51:57Z
stage05.2-retention-registry-v1,stage05.2_native_kernels_rerun38,native_kernels,unknown,unknown,,,stage05.2_native_kernels_rerun38,26,56072402,a64b6a9eb4955d5ca33e1663ad6dd42d5a29607daadad30ff23a594075522cf7,d_archive,stage05.2/history/stage05.2_native_kernels_rerun38,archived,verified,2026-07-22T18:51:57Z
stage05.2-retention-registry-v1,stage05.2_native_kernels_rerun39,native_kernels,unknown,unknown,,,stage05.2_native_kernels_rerun39,26,56155359,dea2866a78c58a766a574891a67dfabbe814563536c07eae4c3db89a9c8c6b69,d_archive,stage05.2/history/stage05.2_native_kernels_rerun39,archived,verified,2026-07-22T18:51:57Z
stage05.2-retention-registry-v1,stage05.2_native_kernels_rerun40,native_kernels,unknown,unknown,,,stage05.2_native_kernels_rerun40,26,54712414,061c6e7bb0b17eacbcd585b1158e7cec97d976025b217419f93cc5fea5b6b3f7,d_archive,stage05.2/history/stage05.2_native_kernels_rerun40,archived,verified,2026-07-22T18:51:57Z
stage05.2-retention-registry-v1,stage05.2_native_kernels_rerun41,native_kernels,unknown,unknown,,,stage05.2_native_kernels_rerun41,26,55307679,75e0298b27a5a1b21007829387131391b09e29e678f34c03ff8d9dba6ff27943,d_archive,stage05.2/history/stage05.2_native_kernels_rerun41,archived,verified,2026-07-22T18:51:57Z
stage05.2-retention-registry-v1,stage05.2_native_kernels_rerun42,native_kernels,unknown,unknown,,,stage05.2_native_kernels_rerun42,304,444784075,2f492de57f75c848dc4a2a5e9e64571210e04e038d530408c0bd674254b168ad,d_archive,stage05.2/history/stage05.2_native_kernels_rerun42,archived,verified,2026-07-22T18:51:57Z
stage05.2-retention-registry-v1,stage05.2_native_kernels_rerun43,native_kernels,unknown,unknown,,,stage05.2_native_kernels_rerun43,26,55255892,22ed9c6d416407e0cd7b7dcf5ea1989cc094edc7ac4e95520856eeeb88ab8039,d_archive,stage05.2/history/stage05.2_native_kernels_rerun43,archived,verified,2026-07-22T18:51:57Z
stage05.2-retention-registry-v1,stage05.2_native_kernels_rerun44,native_kernels,unknown,unknown,,,stage05.2_native_kernels_rerun44,26,54001033,badbe4624b38583acb55a1690d460f0fdec11d1da4c64466b7deb78efa1250c7,d_archive,stage05.2/history/stage05.2_native_kernels_rerun44,archived,verified,2026-07-22T18:51:57Z
stage05.2-retention-registry-v1,stage05.2_native_kernels_rerun45,native_kernels,unknown,unknown,,,stage05.2_native_kernels_rerun45,26,55336592,c8999a2f8422ba13d39ca960b1b3454774d57cf97f66cebcffd3219136e41efa,d_archive,stage05.2/history/stage05.2_native_kernels_rerun45,archived,verified,2026-07-22T18:51:57Z
stage05.2-retention-registry-v1,stage05.2_native_kernels_rerun46,native_kernels,unknown,unknown,,,stage05.2_native_kernels_rerun46,26,54829787,574900383fd5d6cfc2df45226cea4d96bc3bf5e974339edba0d21927b87e13ff,d_archive,stage05.2/history/stage05.2_native_kernels_rerun46,archived,verified,2026-07-22T18:51:57Z
stage05.2-retention-registry-v1,stage05.2_native_kernels_rerun47,native_kernels,unknown,unknown,,,stage05.2_native_kernels_rerun47,26,55196523,997a2b98ab56ea6053f9b2c0cc2981aee41349347fca3db9d49e35f3c5d98209,d_archive,stage05.2/history/stage05.2_native_kernels_rerun47,archived,verified,2026-07-22T18:51:57Z
stage05.2-retention-registry-v1,stage05.2_native_kernels_rerun48,native_kernels,unknown,unknown,,,stage05.2_native_kernels_rerun48,26,54597633,7166d41e159b6cff29349a77e09683bf42289ee9fce743728a24ed150da6e576,d_archive,stage05.2/history/stage05.2_native_kernels_rerun48,archived,verified,2026-07-22T18:51:57Z
stage05.2-retention-registry-v1,stage05.2_native_kernels_rerun49,native_kernels,unknown,unknown,,,stage05.2_native_kernels_rerun49,26,54838733,954c2bbea19ea9c21615d906d4a4922c3ee5dbbed805eb7b485fef74f335ec39,d_archive,stage05.2/history/stage05.2_native_kernels_rerun49,archived,verified,2026-07-22T18:51:57Z
stage05.2-retention-registry-v1,stage05.2_native_kernels_rerun50,native_kernels,unknown,unknown,,,stage05.2_native_kernels_rerun50,26,26011022,cef207c6368c06b46cdd738fb0a64917c1a6df1bce40e8441048ae680b951034,d_archive,stage05.2/history/stage05.2_native_kernels_rerun50,archived,verified,2026-07-22T18:51:57Z
stage05.2-retention-registry-v1,stage05.2_native_kernels_rerun51,native_kernels,unknown,unknown,,,stage05.2_native_kernels_rerun51,304,445891719,ea62ca98b83d052af25cc45135b08b73c009af11447f6a2abdcd522604f71f9c,d_archive,stage05.2/history/stage05.2_native_kernels_rerun51,archived,verified,2026-07-22T18:51:57Z
stage05.2-retention-registry-v1,stage05.2_native_kernels_rerun52,native_kernels,unknown,unknown,,,stage05.2_native_kernels_rerun52,304,430516104,37f60e4a92b109afea9c8e58dbcd677897ace939a5700f5392f1eba2cf794891,d_archive,stage05.2/history/stage05.2_native_kernels_rerun52,archived,verified,2026-07-22T18:51:57Z
stage05.2-retention-registry-v1,stage05.2_native_kernels_rerun53,native_kernels,unknown,unknown,,,stage05.2_native_kernels_rerun53,304,426802245,dfbdc4ed76f963622c4f990d84946630f2ef16652153dc56ca5726c4ddd8ae11,d_archive,stage05.2/history/stage05.2_native_kernels_rerun53,archived,verified,2026-07-22T18:51:57Z
stage05.2-retention-registry-v1,stage05.2_native_kernels_rerun54,native_kernels,unknown,unknown,,,stage05.2_native_kernels_rerun54,304,432579467,ca20e9b0f14c2aa4eef2bc69c7d826cabcb0a0d2d82ceb1b323401d918ea7b71,d_archive,stage05.2/history/stage05.2_native_kernels_rerun54,archived,verified,2026-07-22T18:51:57Z
stage05.2-retention-registry-v1,stage05.2_native_kernels_rerun55,native_kernels,unknown,unknown,,,stage05.2_native_kernels_rerun55,304,431069290,e2fc1e3229e4585c14ceba9e11c835f501b6017bee8b1d66903ab269d07ef871,d_archive,stage05.2/history/stage05.2_native_kernels_rerun55,archived,verified,2026-07-22T18:51:57Z
stage05.2-retention-registry-v1,stage05.2_native_kernels_rerun56,native_kernels,unknown,unknown,,,stage05.2_native_kernels_rerun56,26,53017800,50bec072231ae5fd588c7ad41c64b500f09de2f5efbb787679b9cfa1bc7a1647,d_archive,stage05.2/history/stage05.2_native_kernels_rerun56,archived,verified,2026-07-22T18:51:57Z
stage05.2-retention-registry-v1,stage05.2_native_kernels_rerun57,native_kernels,unknown,unknown,,,stage05.2_native_kernels_rerun57,304,422648186,a181d71b81b54807c570bf47291d212f6d51e9cb062435c44957b4749a4008f0,d_archive,stage05.2/history/stage05.2_native_kernels_rerun57,archived,verified,2026-07-22T18:51:57Z
stage05.2-retention-registry-v1,stage05.2_native_kernels_rerun58,native_kernels,unknown,unknown,,,stage05.2_native_kernels_rerun58,26,51972424,64706ae7b4ee937d624d14a14287937a61653d8399986d45592c9d4edc97bdc4,d_archive,stage05.2/history/stage05.2_native_kernels_rerun58,archived,verified,2026-07-22T18:51:57Z
stage05.2-retention-registry-v1,stage05.2_native_kernels_rerun59,native_kernels,unknown,unknown,,,stage05.2_native_kernels_rerun59,26,53834806,20812a8e55485a4065e2b982252703eeaf448dddda33b87aa09452c55c7c19d2,d_archive,stage05.2/history/stage05.2_native_kernels_rerun59,archived,verified,2026-07-22T18:51:57Z
stage05.2-retention-registry-v1,stage05.2_native_kernels_rerun60,native_kernels,unknown,unknown,,,stage05.2_native_kernels_rerun60,26,53992227,c62ae333f5b2dc1eeb3f450da97ced694a421f75639f4c7084eb14aecbee7d82,d_archive,stage05.2/history/stage05.2_native_kernels_rerun60,archived,verified,2026-07-22T18:51:57Z
stage05.2-retention-registry-v1,stage05.2_native_kernels_rerun61,native_kernels,unknown,unknown,,,stage05.2_native_kernels_rerun61,304,427375480,cc9a532e06420f010a04f1923173d2f15fd13c559726d4f98ec3e1eebb267556,d_archive,stage05.2/history/stage05.2_native_kernels_rerun61,archived,verified,2026-07-22T18:51:57Z
stage05.2-retention-registry-v1,stage05.2_native_kernels_rerun62,native_kernels,unknown,unknown,,,stage05.2_native_kernels_rerun62,26,53282702,b78b9904b0701a24c89e9e01de35d7a8675fc7bd4a23ee2b20cb75c1bc81710d,d_archive,stage05.2/history/stage05.2_native_kernels_rerun62,archived,verified,2026-07-22T18:51:57Z
stage05.2-retention-registry-v1,stage05.2_native_kernels_rerun63,native_kernels,unknown,unknown,,,stage05.2_native_kernels_rerun63,26,54048748,16ddbc3e14b0c7a44fad9390e6ed7fa77b10243441bec1b15e26cc0e2187d444,d_archive,stage05.2/history/stage05.2_native_kernels_rerun63,archived,verified,2026-07-22T18:51:57Z
stage05.2-retention-registry-v1,stage05.2_native_kernels_rerun64,native_kernels,unknown,unknown,,,stage05.2_native_kernels_rerun64,26,51129697,c93691b84d9f80e77b32614d5066667d079f1de4381a968cbeebf2fa38e1f6f4,d_archive,stage05.2/history/stage05.2_native_kernels_rerun64,archived,verified,2026-07-22T18:51:57Z
stage05.2-retention-registry-v1,stage05.2_native_kernels_rerun65,native_kernels,unknown,unknown,,,stage05.2_native_kernels_rerun65,26,1463788,f4382b0047a5c1c19b0a7d5662bc006fd957743c7b7cf902077393de9bfca5ac,d_archive,stage05.2/history/stage05.2_native_kernels_rerun65,archived,verified,2026-07-22T18:51:57Z
stage05.2-retention-registry-v1,stage05.2_native_kernels_rerun66,native_kernels,unknown,unknown,,,stage05.2_native_kernels_rerun66,26,50661553,9e73bd7a04efee8def93aa919128b34dea5e89b845af314668b8597ca6f3459d,d_archive,stage05.2/history/stage05.2_native_kernels_rerun66,archived,verified,2026-07-22T18:51:57Z
stage05.2-retention-registry-v1,stage05.2_native_kernels_rerun67,native_kernels,unknown,unknown,,,stage05.2_native_kernels_rerun67,26,48602124,2e2812bfcf4c2533b39202ceccf8549e9c6c074463c6b911d175afcb4fc4ce21,d_archive,stage05.2/history/stage05.2_native_kernels_rerun67,archived,verified,2026-07-22T18:51:57Z
stage05.2-retention-registry-v1,stage05.2_native_kernels_rerun68,native_kernels,unknown,unknown,,,stage05.2_native_kernels_rerun68,26,22972670,61edcdd0a341e03e4da00a02e1bc530a36fe43fd0041fc19ab072633104cf9bc,d_archive,stage05.2/history/stage05.2_native_kernels_rerun68,archived,verified,2026-07-22T18:51:57Z
stage05.2-retention-registry-v1,stage05.2_native_kernels_rerun69,native_kernels,unknown,unknown,,,stage05.2_native_kernels_rerun69,26,43077987,d0fad33b9c72773387aa56e25148294043b47bf14ae80bedb5a6581727e2552c,d_archive,stage05.2/history/stage05.2_native_kernels_rerun69,archived,verified,2026-07-22T18:51:57Z
stage05.2-retention-registry-v1,stage05.2_native_kernels_rerun70,native_kernels,unknown,unknown,,,stage05.2_native_kernels_rerun70,26,42609823,ca6748bf14df0eb4c4db0349f9b86676b326aff4937d00a220cff5ae5ae4c1ec,d_archive,stage05.2/history/stage05.2_native_kernels_rerun70,archived,verified,2026-07-22T18:51:57Z
stage05.2-retention-registry-v1,stage05.2_native_kernels_rerun71,native_kernels,unknown,unknown,,,stage05.2_native_kernels_rerun71,26,43425453,69d12f10f682941b6da1dce4b9dd12f466c626fcbf1caad60f0f63b0455d1215,d_archive,stage05.2/history/stage05.2_native_kernels_rerun71,archived,verified,2026-07-22T18:51:57Z
stage05.2-retention-registry-v1,stage05.2_native_kernels_rerun72,native_kernels,unknown,unknown,,,stage05.2_native_kernels_rerun72,26,42793015,a2cb3a3584adc69603bde1320540a9f31c43235fd5d4fc5e2bbca7815ec22872,d_archive,stage05.2/history/stage05.2_native_kernels_rerun72,archived,verified,2026-07-22T18:51:57Z
stage05.2-retention-registry-v1,stage05.2_native_kernels_rerun73,native_kernels,unknown,unknown,,,stage05.2_native_kernels_rerun73,26,21787797,08fb95b58a0a33a76a2b1e1eea9f8462decc27c039caca20c07650c3e429992e,d_archive,stage05.2/history/stage05.2_native_kernels_rerun73,archived,verified,2026-07-22T18:51:57Z
stage05.2-retention-registry-v1,stage05.2_native_kernels_rerun74,native_kernels,unknown,unknown,,,stage05.2_native_kernels_rerun74,26,43670705,b49a79a8a5d754ee01891876dfd04c8145e794e3877f522116e20cb105f959bd,d_archive,stage05.2/history/stage05.2_native_kernels_rerun74,archived,verified,2026-07-22T18:51:57Z
stage05.2-retention-registry-v1,stage05.2_native_kernels_rerun75,native_kernels,unknown,unknown,,,stage05.2_native_kernels_rerun75,304,368351821,f57df0160d2d0c8e2ec66541c0639a197956f23cc98cab5be68b4245353fe5b5,d_archive,stage05.2/history/stage05.2_native_kernels_rerun75,archived,verified,2026-07-22T18:51:57Z
stage05.2-retention-registry-v1,stage05.2_native_kernels_rerun76,native_kernels,unknown,unknown,,,stage05.2_native_kernels_rerun76,26,45532846,6c6d9a5772471166a6984ff695bbeec0b3679234900f0b6064a7d4f7816d6d16,d_archive,stage05.2/history/stage05.2_native_kernels_rerun76,archived,verified,2026-07-22T18:51:57Z
stage05.2-retention-registry-v1,stage05.2_native_kernels_rerun77,native_kernels,unknown,unknown,,,stage05.2_native_kernels_rerun77,26,46246152,c6ac09f56d20f2ebb4b1acc9e2dd6e5a929ebd4676ea5ce3037ecd7bde821021,d_archive,stage05.2/history/stage05.2_native_kernels_rerun77,archived,verified,2026-07-22T18:51:57Z
stage05.2-retention-registry-v1,stage05.2_native_kernels_rerun78,native_kernels,unknown,unknown,,,stage05.2_native_kernels_rerun78,26,45285609,f10e43aab487e45b70c33337fb726428b1a316b4b03078ceab21fce743a0531b,d_archive,stage05.2/history/stage05.2_native_kernels_rerun78,archived,verified,2026-07-22T18:51:57Z
stage05.2-retention-registry-v1,stage05.2_native_kernels_rerun79,native_kernels,unknown,unknown,,,stage05.2_native_kernels_rerun79,26,21097535,211872dfce402375e68c186a27934a68cb651b93e150500c114cf82ed767418f,d_archive,stage05.2/history/stage05.2_native_kernels_rerun79,archived,verified,2026-07-22T18:51:57Z
stage05.2-retention-registry-v1,stage05.2_native_kernels_rerun80,native_kernels,unknown,unknown,,,stage05.2_native_kernels_rerun80,26,20884584,6ba5346aa917883729cd06cf2f2e19f1307b3fcde17870d35df946ab18b945a7,d_archive,stage05.2/history/stage05.2_native_kernels_rerun80,archived,verified,2026-07-22T18:51:57Z
stage05.2-retention-registry-v1,stage05.2_native_kernels_rerun81,native_kernels,unknown,unknown,,,stage05.2_native_kernels_rerun81,26,42838534,13d559dd8745989c9386d1af12b3f892db9b736d7d977404d195038fbfa166cf,d_archive,stage05.2/history/stage05.2_native_kernels_rerun81,archived,verified,2026-07-22T18:51:57Z
stage05.2-retention-registry-v1,stage05.2_native_kernels_rerun82,native_kernels,unknown,unknown,,,stage05.2_native_kernels_rerun82,26,42905599,7c70efa78befc5b21201b097d0d2f8c631c02e8743c99f078ca1da8d6bf9962e,d_archive,stage05.2/history/stage05.2_native_kernels_rerun82,archived,verified,2026-07-22T18:51:57Z
stage05.2-retention-registry-v1,stage05.2_native_kernels_rerun83,native_kernels,unknown,unknown,,,stage05.2_native_kernels_rerun83,26,43249635,30423cc608db46b24eb3923cbc3ec876f25a5a2f9833d7ff9b666553f2f58e6b,d_archive,stage05.2/history/stage05.2_native_kernels_rerun83,archived,verified,2026-07-22T18:51:57Z
stage05.2-retention-registry-v1,stage05.2_native_kernels_rerun84,native_kernels,unknown,unknown,,,stage05.2_native_kernels_rerun84,304,343595475,2776a5f1b0b1c81ba2c9332bbe81ca4d5d96eb87d7bd6fe057c740f34c64f76e,d_archive,stage05.2/history/stage05.2_native_kernels_rerun84,archived,verified,2026-07-22T18:51:57Z
stage05.2-retention-registry-v1,stage05.2_native_kernels_rerun85,native_kernels,unknown,unknown,,,stage05.2_native_kernels_rerun85,26,42347385,99b0bc71ff23a4e3202723b7246e6bb16f88936701f3ab410d01dde59825c06f,d_archive,stage05.2/history/stage05.2_native_kernels_rerun85,archived,verified,2026-07-22T18:51:57Z
stage05.2-retention-registry-v1,stage05.2_native_kernels_rerun86,native_kernels,unknown,unknown,,,stage05.2_native_kernels_rerun86,26,43277557,a113b16e318a177f53ee6608b7d4abddbc3e26157c6ea74ed18e1a6354af2207,d_archive,stage05.2/history/stage05.2_native_kernels_rerun86,archived,verified,2026-07-22T18:51:57Z
stage05.2-retention-registry-v1,stage05.2_native_kernels_rerun87,native_kernels,unknown,unknown,,,stage05.2_native_kernels_rerun87,26,42611906,576e865d4aad6aa5a8407d2483b9d1af4688f177fd4a14a6f4bddf431568c7bd,d_archive,stage05.2/history/stage05.2_native_kernels_rerun87,archived,verified,2026-07-22T18:51:57Z
stage05.2-retention-registry-v1,stage05.2_native_kernels_rerun88,native_kernels,unknown,unknown,,,stage05.2_native_kernels_rerun88,26,41522882,300449567cbef2d73699958d2fa39fefe5c06b2f401ce87b86fdfbcb4792b778,d_archive,stage05.2/history/stage05.2_native_kernels_rerun88,archived,verified,2026-07-22T18:51:57Z
stage05.2-retention-registry-v1,stage05.2_native_kernels_rerun89,native_kernels,unknown,unknown,,,stage05.2_native_kernels_rerun89,26,1505870,88b07b66a73560e1404431b17a776795b5c8097cadb21561538551db26623f82,d_archive,stage05.2/history/stage05.2_native_kernels_rerun89,archived,verified,2026-07-22T18:51:57Z
stage05.2-retention-registry-v1,stage05.2_native_kernels_rerun90,native_kernels,unknown,unknown,,,stage05.2_native_kernels_rerun90,26,43026507,38241d56b9722b7514e64baf6b3419b6865595accf9551e069334e37977e9576,d_archive,stage05.2/history/stage05.2_native_kernels_rerun90,archived,verified,2026-07-22T18:51:57Z
stage05.2-retention-registry-v1,stage05.2_native_kernels_rerun91,native_kernels,unknown,unknown,,,stage05.2_native_kernels_rerun91,26,22005188,950cfafa7ae74afcb6f2994bbafbb41dd9ccf56f272b82eb8001b72ee986e74b,d_archive,stage05.2/history/stage05.2_native_kernels_rerun91,archived,verified,2026-07-22T18:51:57Z
stage05.2-retention-registry-v1,stage05.2_native_kernels_rerun92,native_kernels,unknown,unknown,,,stage05.2_native_kernels_rerun92,26,42994327,193b221b82ca1c8074e1563b72a9160342626b9a7cc57b858f2a5f8d184be4f0,d_archive,stage05.2/history/stage05.2_native_kernels_rerun92,archived,verified,2026-07-22T18:51:57Z
stage05.2-retention-registry-v1,stage05.2_native_kernels_rerun93,native_kernels,unknown,unknown,,,stage05.2_native_kernels_rerun93,26,42956355,cffa3f999a9cd5cf1e6e911a878ba37e07588880ccc2760fa268c0a5e6912139,d_archive,stage05.2/history/stage05.2_native_kernels_rerun93,archived,verified,2026-07-22T18:51:57Z
stage05.2-retention-registry-v1,stage05.2_native_kernels_rerun94,native_kernels,unknown,unknown,,,stage05.2_native_kernels_rerun94,26,50793361,07ab43fbfdbc4d50a67c00b8227e67795eb14717731a15d50565ab46d8c13b5b,d_archive,stage05.2/history/stage05.2_native_kernels_rerun94,archived,verified,2026-07-22T18:51:57Z
stage05.2-retention-registry-v1,stage05.2_native_kernels_rerun95,native_kernels,unknown,unknown,,,stage05.2_native_kernels_rerun95,26,52412629,640c4ddb8d320ff139fa4416447c27b3d678497b0e911b271c655776da584227,d_archive,stage05.2/history/stage05.2_native_kernels_rerun95,archived,verified,2026-07-22T18:51:57Z
stage05.2-retention-registry-v1,stage05.2_native_kernels_rerun96,native_kernels,unknown,unknown,,,stage05.2_native_kernels_rerun96,26,25866908,c51338139da9931746b35e52e2f65e4602273bd76fd5024785e2befdcb5e3545,d_archive,stage05.2/history/stage05.2_native_kernels_rerun96,archived,verified,2026-07-22T18:51:57Z
stage05.2-retention-registry-v1,stage05.2_native_kernels_rerun97,native_kernels,unknown,unknown,,,stage05.2_native_kernels_rerun97,26,52022901,662fa787b716c2a26cc29f4889c7f64a96ea86d0eb3b087ab02a7e97ef72e592,d_archive,stage05.2/history/stage05.2_native_kernels_rerun97,archived,verified,2026-07-22T18:51:57Z
stage05.2-retention-registry-v1,stage05.2_native_kernels_rerun98,native_kernels,unknown,unknown,,,stage05.2_native_kernels_rerun98,26,25322210,fe153a09878ff746a11590c36340fbe61d4cfe4254c4d90feb20ced5d650e172,d_archive,stage05.2/history/stage05.2_native_kernels_rerun98,archived,verified,2026-07-22T18:51:57Z
stage05.2-retention-registry-v1,stage05.2_native_kernels_rerun99,native_kernels,unknown,unknown,,,stage05.2_native_kernels_rerun99,26,26073560,f0459864f8e5bec37205fd973643ca37a397aa2a11ca37c2d367353d997f4c95,d_archive,stage05.2/history/stage05.2_native_kernels_rerun99,archived,verified,2026-07-22T18:51:57Z
stage05.2-retention-registry-v1,stage05.2_perf_baseline_attempt01,perf_baseline,partial,partial,bade57a708a4ebe570f99f8f4976c73ac88246ad,,stage05.2_perf_baseline_attempt01,115,193491182,ff4df8c73cf7ac1f83c7d22179aa583e671a38b0d109e6af60ae7f96b854ebd7,d_archive,stage05.2/history/stage05.2_perf_baseline_attempt01,archived,verified,2026-07-22T18:51:57Z
stage05.2-retention-registry-v1,stage05.2_perf_baseline_attempt02,perf_baseline,NOT_READY,complete,e0a39bc6326df3b1159f39ee2dca985783d287b9,,stage05.2_perf_baseline_attempt02,226,634408230,d9486a7157bf79dc217ff990e3d05bb0a257526b59b8202bb108870dd2086b8c,d_archive,stage05.2/history/stage05.2_perf_baseline_attempt02,archived,verified,2026-07-22T18:51:57Z
stage05.2-retention-registry-v1,stage05.2_perf_baseline_attempt03,perf_baseline,READY_FOR_STAGE052_HOT_PATH,complete,b664ddaca05098b31c3f9ea526daee0de2934195,,stage05.2_perf_baseline_attempt03,226,463467391,b2392fd44b0d630975715b4bfd7ddcb8c28a3a2b005b81961cb8d270f7a304d0,d_archive,stage05.2/history/stage05.2_perf_baseline_attempt03,archived,verified,2026-07-22T18:51:57Z
stage05.2-retention-registry-v1,stage05.2_perf_baseline_attempt04,perf_baseline,READY_FOR_STAGE052_HOT_PATH,complete,20a3319f4718eb11d558cb6b0cf0b424e60e2b97,,stage05.2_perf_baseline_attempt04,240,468880502,55f50ed240d983d8397f9be3711ed181785f2b189f93e7f57e65a0e734f91e5e,d_archive,stage05.2/history/stage05.2_perf_baseline_attempt04,archived,verified,2026-07-22T18:51:57Z
