schema_version,experiment_id,instance,seed,algorithm,repository_revision,repository_dirty,algorithm_source_sha256,instance_sha256,start_utc,end_utc,time_limit_seconds,max_iterations,threads,vehicle_count,total_distance,total_energy,total_charged_energy,total_charging_time,runtime_seconds,iterations,accepted_moves,improving_moves,rejected_moves,charging_subproblem_calls,charging_subproblem_average_seconds,coverage_violations,route_structure_violations,capacity_violations,time_window_violations,energy_violations,objective_violations,other_violations,total_violation_count,status,feasible,failure_reason,raw_log_path,solution_path
1,c101C5-alns_exact_charging-2014,c101C5,2014,ALNS_EXACT_CHARGING,ed23b8344a1ac9c750a7febeb9ff87a2c604215a,False,a920c134e0937b29958056f383656bc6e1444e6359e57c35ced6558f943105f0,8612d6d9aad051776097a5e50c7408f39352b8107b0639d58e5eda713f9ff876,2026-07-12T22:33:46.866403+00:00,2026-07-12T22:33:46.880765+00:00,30.0,1000,1,3,247.14970649404418,247.14970649404418,68.18245235854639,236.593109684156,0.01418924999597948,1000,1000,3,0,44,0.00012447820501454936,0,0,0,0,0,0,0,0,feasible,True,,/Users/guoyiyang/Documents/GitHub/FURP-2026-Yiyang-GUO-EVRP-TW/results/stage00/raw/c101C5-alns_exact_charging-2014.json,solutions/c101C5-alns_exact_charging-2014.json
1,c101C5-alns_exact_charging-2015,c101C5,2015,ALNS_EXACT_CHARGING,ed23b8344a1ac9c750a7febeb9ff87a2c604215a,False,a920c134e0937b29958056f383656bc6e1444e6359e57c35ced6558f943105f0,8612d6d9aad051776097a5e50c7408f39352b8107b0639d58e5eda713f9ff876,2026-07-12T22:33:46.881127+00:00,2026-07-12T22:33:46.896707+00:00,30.0,1000,1,3,247.14970649404418,247.14970649404418,68.18245235854639,236.593109684156,0.015563291002763435,1000,998,3,2,54,0.000126878092689569,0,0,0,0,0,0,0,0,feasible,True,,/Users/guoyiyang/Documents/GitHub/FURP-2026-Yiyang-GUO-EVRP-TW/results/stage00/raw/c101C5-alns_exact_charging-2015.json,solutions/c101C5-alns_exact_charging-2015.json
1,c101C5-alns_exact_charging-2016,c101C5,2016,ALNS_EXACT_CHARGING,ed23b8344a1ac9c750a7febeb9ff87a2c604215a,False,a920c134e0937b29958056f383656bc6e1444e6359e57c35ced6558f943105f0,8612d6d9aad051776097a5e50c7408f39352b8107b0639d58e5eda713f9ff876,2026-07-12T22:33:46.896948+00:00,2026-07-12T22:33:46.911745+00:00,30.0,1000,1,3,247.14970649404418,247.14970649404418,68.18245235854639,236.593109684156,0.014781999998376705,1000,1000,1,0,49,0.0001241393869609705,0,0,0,0,0,0,0,0,feasible,True,,/Users/guoyiyang/Documents/GitHub/FURP-2026-Yiyang-GUO-EVRP-TW/results/stage00/raw/c101C5-alns_exact_charging-2016.json,solutions/c101C5-alns_exact_charging-2016.json
1,r105C5-alns_exact_charging-2014,r105C5,2014,ALNS_EXACT_CHARGING,ed23b8344a1ac9c750a7febeb9ff87a2c604215a,False,a920c134e0937b29958056f383656bc6e1444e6359e57c35ced6558f943105f0,eb27ec04e799ee6d39dee3d66f15128e197811afa8c664295acbdf6444176434,2026-07-12T22:33:46.912237+00:00,2026-07-12T22:33:46.923530+00:00,30.0,1000,1,2,156.08206946417084,156.08206946417084,90.12225090073764,44.159902941361445,0.011278791993390769,1000,1000,0,0,37,9.549440693336765e-05,0,0,0,0,0,0,0,0,feasible,True,,/Users/guoyiyang/Documents/GitHub/FURP-2026-Yiyang-GUO-EVRP-TW/results/stage00/raw/r105C5-alns_exact_charging-2014.json,solutions/r105C5-alns_exact_charging-2014.json
1,r105C5-alns_exact_charging-2015,r105C5,2015,ALNS_EXACT_CHARGING,ed23b8344a1ac9c750a7febeb9ff87a2c604215a,False,a920c134e0937b29958056f383656bc6e1444e6359e57c35ced6558f943105f0,eb27ec04e799ee6d39dee3d66f15128e197811afa8c664295acbdf6444176434,2026-07-12T22:33:46.923738+00:00,2026-07-12T22:33:46.935007+00:00,30.0,1000,1,2,156.08206946417084,156.08206946417084,90.12225090073764,44.159902941361445,0.011254374992859084,1000,1000,0,0,37,9.443686517565889e-05,0,0,0,0,0,0,0,0,feasible,True,,/Users/guoyiyang/Documents/GitHub/FURP-2026-Yiyang-GUO-EVRP-TW/results/stage00/raw/r105C5-alns_exact_charging-2015.json,solutions/r105C5-alns_exact_charging-2015.json
1,r105C5-alns_exact_charging-2016,r105C5,2016,ALNS_EXACT_CHARGING,ed23b8344a1ac9c750a7febeb9ff87a2c604215a,False,a920c134e0937b29958056f383656bc6e1444e6359e57c35ced6558f943105f0,eb27ec04e799ee6d39dee3d66f15128e197811afa8c664295acbdf6444176434,2026-07-12T22:33:46.935259+00:00,2026-07-12T22:33:46.947090+00:00,30.0,1000,1,2,156.08206946417084,156.08206946417084,90.12225090073764,44.159902941361445,0.011806624999735504,1000,1000,0,0,37,9.957999989981888e-05,0,0,0,0,0,0,0,0,feasible,True,,/Users/guoyiyang/Documents/GitHub/FURP-2026-Yiyang-GUO-EVRP-TW/results/stage00/raw/r105C5-alns_exact_charging-2016.json,solutions/r105C5-alns_exact_charging-2016.json
1,rc105C5-alns_exact_charging-2014,rc105C5,2014,ALNS_EXACT_CHARGING,ed23b8344a1ac9c750a7febeb9ff87a2c604215a,False,a920c134e0937b29958056f383656bc6e1444e6359e57c35ced6558f943105f0,2ccfba6c447fa43a994934690acb67c7355ca04d232394907ed6938bc362c643,2026-07-12T22:33:46.947707+00:00,2026-07-12T22:33:46.962993+00:00,30.0,1000,1,3,238.05223158918278,238.05223158918278,48.97028515826695,19.09841121172411,0.01526620900403941,1000,1000,1,0,36,0.0001745022786457816,0,0,0,0,0,0,0,0,feasible,True,,/Users/guoyiyang/Documents/GitHub/FURP-2026-Yiyang-GUO-EVRP-TW/results/stage00/raw/rc105C5-alns_exact_charging-2014.json,solutions/rc105C5-alns_exact_charging-2014.json
1,rc105C5-alns_exact_charging-2015,rc105C5,2015,ALNS_EXACT_CHARGING,ed23b8344a1ac9c750a7febeb9ff87a2c604215a,False,a920c134e0937b29958056f383656bc6e1444e6359e57c35ced6558f943105f0,2ccfba6c447fa43a994934690acb67c7355ca04d232394907ed6938bc362c643,2026-07-12T22:33:46.963257+00:00,2026-07-12T22:33:46.984318+00:00,30.0,1000,1,2,241.29639187672765,241.29639187672765,153.30708611699546,59.789763585628236,0.021047374997579027,1000,1000,4,0,70,0.0001776630285478729,0,0,0,0,0,0,0,0,feasible,True,,/Users/guoyiyang/Documents/GitHub/FURP-2026-Yiyang-GUO-EVRP-TW/results/stage00/raw/rc105C5-alns_exact_charging-2015.json,solutions/rc105C5-alns_exact_charging-2015.json
1,rc105C5-alns_exact_charging-2016,rc105C5,2016,ALNS_EXACT_CHARGING,ed23b8344a1ac9c750a7febeb9ff87a2c604215a,False,a920c134e0937b29958056f383656bc6e1444e6359e57c35ced6558f943105f0,2ccfba6c447fa43a994934690acb67c7355ca04d232394907ed6938bc362c643,2026-07-12T22:33:46.984502+00:00,2026-07-12T22:33:47.005935+00:00,30.0,1000,1,3,238.05223158918278,238.05223158918278,48.97028515826695,19.09841121172411,0.02142045900109224,1000,992,25,8,72,0.00018082627805900606,0,0,0,0,0,0,0,0,feasible,True,,/Users/guoyiyang/Documents/GitHub/FURP-2026-Yiyang-GUO-EVRP-TW/results/stage00/raw/rc105C5-alns_exact_charging-2016.json,solutions/rc105C5-alns_exact_charging-2016.json
1,c104C10-alns_exact_charging-2014,c104C10,2014,ALNS_EXACT_CHARGING,ed23b8344a1ac9c750a7febeb9ff87a2c604215a,False,a920c134e0937b29958056f383656bc6e1444e6359e57c35ced6558f943105f0,f7816af706c1cf32dacaee45c710ff93ce53c9b56d17df657044e61e63d2c04b,2026-07-12T22:33:47.006343+00:00,2026-07-12T22:33:47.399392+00:00,30.0,1000,1,2,273.9312371287162,273.9312371287162,169.78416126570522,589.1510395919971,0.3929649170022458,1000,980,6,20,763,0.0004624612672516263,0,0,0,0,0,0,0,0,feasible,True,,/Users/guoyiyang/Documents/GitHub/FURP-2026-Yiyang-GUO-EVRP-TW/results/stage00/raw/c104C10-alns_exact_charging-2014.json,solutions/c104C10-alns_exact_charging-2014.json
1,c104C10-alns_exact_charging-2015,c104C10,2015,ALNS_EXACT_CHARGING,ed23b8344a1ac9c750a7febeb9ff87a2c604215a,False,a920c134e0937b29958056f383656bc6e1444e6359e57c35ced6558f943105f0,f7816af706c1cf32dacaee45c710ff93ce53c9b56d17df657044e61e63d2c04b,2026-07-12T22:33:47.399892+00:00,2026-07-12T22:33:47.755792+00:00,30.0,1000,1,2,279.9331190586651,279.9331190586651,180.22158112867666,625.368886516508,0.355835416004993,1000,949,8,51,737,0.00041749970146903156,0,0,0,0,0,0,0,0,feasible,True,,/Users/guoyiyang/Documents/GitHub/FURP-2026-Yiyang-GUO-EVRP-TW/results/stage00/raw/c104C10-alns_exact_charging-2015.json,solutions/c104C10-alns_exact_charging-2015.json
1,c104C10-alns_exact_charging-2016,c104C10,2016,ALNS_EXACT_CHARGING,ed23b8344a1ac9c750a7febeb9ff87a2c604215a,False,a920c134e0937b29958056f383656bc6e1444e6359e57c35ced6558f943105f0,f7816af706c1cf32dacaee45c710ff93ce53c9b56d17df657044e61e63d2c04b,2026-07-12T22:33:47.756278+00:00,2026-07-12T22:33:48.500979+00:00,30.0,1000,1,2,279.9331190586651,279.9331190586651,180.22158112867666,625.368886516508,0.7445774579973659,1000,967,18,33,1605,0.00042908050584450157,0,0,0,0,0,0,0,0,feasible,True,,/Users/guoyiyang/Documents/GitHub/FURP-2026-Yiyang-GUO-EVRP-TW/results/stage00/raw/c104C10-alns_exact_charging-2016.json,solutions/c104C10-alns_exact_charging-2016.json
1,r103C10-alns_exact_charging-2014,r103C10,2014,ALNS_EXACT_CHARGING,ed23b8344a1ac9c750a7febeb9ff87a2c604215a,False,a920c134e0937b29958056f383656bc6e1444e6359e57c35ced6558f943105f0,00debfb0e1fa34796b1644a045a064f52cb1f35052df9faa485db4b4f5ff512e,2026-07-12T22:33:48.503571+00:00,2026-07-12T22:33:49.115398+00:00,30.0,1000,1,3,202.85268574464004,202.85268574464004,62.15853602829506,30.45768265386458,0.6117318330070702,1000,954,58,46,1551,0.0003661487523062085,0,0,0,0,0,0,0,0,feasible,True,,/Users/guoyiyang/Documents/GitHub/FURP-2026-Yiyang-GUO-EVRP-TW/results/stage00/raw/r103C10-alns_exact_charging-2014.json,solutions/r103C10-alns_exact_charging-2014.json
1,r103C10-alns_exact_charging-2015,r103C10,2015,ALNS_EXACT_CHARGING,ed23b8344a1ac9c750a7febeb9ff87a2c604215a,False,a920c134e0937b29958056f383656bc6e1444e6359e57c35ced6558f943105f0,00debfb0e1fa34796b1644a045a064f52cb1f35052df9faa485db4b4f5ff512e,2026-07-12T22:33:49.115742+00:00,2026-07-12T22:33:49.641946+00:00,30.0,1000,1,3,202.85268574464004,202.85268574464004,62.15853602829506,30.45768265386458,0.526106625002285,1000,925,57,75,1441,0.00033565730050664735,0,0,0,0,0,0,0,0,feasible,True,,/Users/guoyiyang/Documents/GitHub/FURP-2026-Yiyang-GUO-EVRP-TW/results/stage00/raw/r103C10-alns_exact_charging-2015.json,solutions/r103C10-alns_exact_charging-2015.json
1,r103C10-alns_exact_charging-2016,r103C10,2016,ALNS_EXACT_CHARGING,ed23b8344a1ac9c750a7febeb9ff87a2c604215a,False,a920c134e0937b29958056f383656bc6e1444e6359e57c35ced6558f943105f0,00debfb0e1fa34796b1644a045a064f52cb1f35052df9faa485db4b4f5ff512e,2026-07-12T22:33:49.642270+00:00,2026-07-12T22:33:50.143151+00:00,30.0,1000,1,3,202.85268574464004,202.85268574464004,87.05663557044551,42.6577514295183,0.5007695000022068,1000,958,55,42,1320,0.0003474441591055383,0,0,0,0,0,0,0,0,feasible,True,,/Users/guoyiyang/Documents/GitHub/FURP-2026-Yiyang-GUO-EVRP-TW/results/stage00/raw/r103C10-alns_exact_charging-2016.json,solutions/r103C10-alns_exact_charging-2016.json
1,rc102C10-alns_exact_charging-2014,rc102C10,2014,ALNS_EXACT_CHARGING,ed23b8344a1ac9c750a7febeb9ff87a2c604215a,False,a920c134e0937b29958056f383656bc6e1444e6359e57c35ced6558f943105f0,b85edffa9a896007203a8f6688731b66fcaeedada2b6deae0a3e3ca4a1a0d1a6,2026-07-12T22:33:50.145647+00:00,2026-07-12T22:33:50.290310+00:00,30.0,1000,1,4,423.5101819239308,423.5101819239308,177.90413648862793,69.38261323056489,0.14461745799781056,1000,904,14,96,609,0.00020198131540992062,0,0,0,0,0,0,0,0,feasible,True,,/Users/guoyiyang/Documents/GitHub/FURP-2026-Yiyang-GUO-EVRP-TW/results/stage00/raw/rc102C10-alns_exact_charging-2014.json,solutions/rc102C10-alns_exact_charging-2014.json
1,rc102C10-alns_exact_charging-2015,rc102C10,2015,ALNS_EXACT_CHARGING,ed23b8344a1ac9c750a7febeb9ff87a2c604215a,False,a920c134e0937b29958056f383656bc6e1444e6359e57c35ced6558f943105f0,b85edffa9a896007203a8f6688731b66fcaeedada2b6deae0a3e3ca4a1a0d1a6,2026-07-12T22:33:50.290658+00:00,2026-07-12T22:33:50.430468+00:00,30.0,1000,1,4,423.5101819239308,423.5101819239308,177.90413648862793,69.38261323056489,0.139763082996069,1000,920,20,80,584,0.00020236456666306404,0,0,0,0,0,0,0,0,feasible,True,,/Users/guoyiyang/Documents/GitHub/FURP-2026-Yiyang-GUO-EVRP-TW/results/stage00/raw/rc102C10-alns_exact_charging-2015.json,solutions/rc102C10-alns_exact_charging-2015.json
1,rc102C10-alns_exact_charging-2016,rc102C10,2016,ALNS_EXACT_CHARGING,ed23b8344a1ac9c750a7febeb9ff87a2c604215a,False,a920c134e0937b29958056f383656bc6e1444e6359e57c35ced6558f943105f0,b85edffa9a896007203a8f6688731b66fcaeedada2b6deae0a3e3ca4a1a0d1a6,2026-07-12T22:33:50.430784+00:00,2026-07-12T22:33:50.566011+00:00,30.0,1000,1,4,423.5101819239308,423.5101819239308,177.90413648862793,69.38261323056489,0.13518745799956378,1000,916,24,84,580,0.00019566362580948846,0,0,0,0,0,0,0,0,feasible,True,,/Users/guoyiyang/Documents/GitHub/FURP-2026-Yiyang-GUO-EVRP-TW/results/stage00/raw/rc102C10-alns_exact_charging-2016.json,solutions/rc102C10-alns_exact_charging-2016.json
1,c106C15-alns_exact_charging-2014,c106C15,2014,ALNS_EXACT_CHARGING,ed23b8344a1ac9c750a7febeb9ff87a2c604215a,False,a920c134e0937b29958056f383656bc6e1444e6359e57c35ced6558f943105f0,eba58a458a9fd13ae8fd404df8db1d04e49271326316256ee060468048881a86,2026-07-12T22:33:50.566567+00:00,2026-07-12T22:33:51.967298+00:00,30.0,1000,1,3,275.1331688731623,275.1331688731623,126.22178535625447,437.989595186203,1.4004961250029737,1000,978,17,22,3877,0.0003404874314353244,0,0,0,0,0,0,0,0,feasible,True,,/Users/guoyiyang/Documents/GitHub/FURP-2026-Yiyang-GUO-EVRP-TW/results/stage00/raw/c106C15-alns_exact_charging-2014.json,solutions/c106C15-alns_exact_charging-2014.json
1,c106C15-alns_exact_charging-2015,c106C15,2015,ALNS_EXACT_CHARGING,ed23b8344a1ac9c750a7febeb9ff87a2c604215a,False,a920c134e0937b29958056f383656bc6e1444e6359e57c35ced6558f943105f0,eba58a458a9fd13ae8fd404df8db1d04e49271326316256ee060468048881a86,2026-07-12T22:33:51.967790+00:00,2026-07-12T22:33:53.248463+00:00,30.0,1000,1,3,275.1331688731623,275.1331688731623,126.22178535625447,437.989595186203,1.2804575420013862,1000,981,12,19,3638,0.00033200378288248864,0,0,0,0,0,0,0,0,feasible,True,,/Users/guoyiyang/Documents/GitHub/FURP-2026-Yiyang-GUO-EVRP-TW/results/stage00/raw/c106C15-alns_exact_charging-2015.json,solutions/c106C15-alns_exact_charging-2015.json
1,c106C15-alns_exact_charging-2016,c106C15,2016,ALNS_EXACT_CHARGING,ed23b8344a1ac9c750a7febeb9ff87a2c604215a,False,a920c134e0937b29958056f383656bc6e1444e6359e57c35ced6558f943105f0,eba58a458a9fd13ae8fd404df8db1d04e49271326316256ee060468048881a86,2026-07-12T22:33:53.248911+00:00,2026-07-12T22:33:54.469175+00:00,30.0,1000,1,3,275.1331688731623,275.1331688731623,126.22178535625447,437.989595186203,1.220062375003181,1000,979,17,21,3530,0.00032535945019973627,0,0,0,0,0,0,0,0,feasible,True,,/Users/guoyiyang/Documents/GitHub/FURP-2026-Yiyang-GUO-EVRP-TW/results/stage00/raw/c106C15-alns_exact_charging-2016.json,solutions/c106C15-alns_exact_charging-2016.json
1,r105C15-alns_exact_charging-2014,r105C15,2014,ALNS_EXACT_CHARGING,ed23b8344a1ac9c750a7febeb9ff87a2c604215a,False,a920c134e0937b29958056f383656bc6e1444e6359e57c35ced6558f943105f0,937f3e630e6afef1a148dc223dd1d6ad2d11cfff557803e68a50e981e3ceaa44,2026-07-12T22:33:54.471511+00:00,2026-07-12T22:33:55.775565+00:00,30.0,1000,1,4,336.1536020996758,336.1536020996758,164.66141267798022,80.68409221221032,1.30388016699726,1000,981,14,19,2304,0.0005405426263930874,0,0,0,0,0,0,0,0,feasible,True,,/Users/guoyiyang/Documents/GitHub/FURP-2026-Yiyang-GUO-EVRP-TW/results/stage00/raw/r105C15-alns_exact_charging-2014.json,solutions/r105C15-alns_exact_charging-2014.json
1,r105C15-alns_exact_charging-2015,r105C15,2015,ALNS_EXACT_CHARGING,ed23b8344a1ac9c750a7febeb9ff87a2c604215a,False,a920c134e0937b29958056f383656bc6e1444e6359e57c35ced6558f943105f0,937f3e630e6afef1a148dc223dd1d6ad2d11cfff557803e68a50e981e3ceaa44,2026-07-12T22:33:55.776123+00:00,2026-07-12T22:33:57.100321+00:00,30.0,1000,1,4,336.1536020996758,336.1536020996758,164.66141267798022,80.68409221221032,1.3240390830032993,1000,976,24,24,2321,0.0005454941477220738,0,0,0,0,0,0,0,0,feasible,True,,/Users/guoyiyang/Documents/GitHub/FURP-2026-Yiyang-GUO-EVRP-TW/results/stage00/raw/r105C15-alns_exact_charging-2015.json,solutions/r105C15-alns_exact_charging-2015.json
1,r105C15-alns_exact_charging-2016,r105C15,2016,ALNS_EXACT_CHARGING,ed23b8344a1ac9c750a7febeb9ff87a2c604215a,False,a920c134e0937b29958056f383656bc6e1444e6359e57c35ced6558f943105f0,937f3e630e6afef1a148dc223dd1d6ad2d11cfff557803e68a50e981e3ceaa44,2026-07-12T22:33:57.100759+00:00,2026-07-12T22:33:58.519864+00:00,30.0,1000,1,4,336.1536020996758,336.1536020996758,164.66141267798022,80.68409221221032,1.4189189590033493,1000,977,28,23,2471,0.0005502585754017464,0,0,0,0,0,0,0,0,feasible,True,,/Users/guoyiyang/Documents/GitHub/FURP-2026-Yiyang-GUO-EVRP-TW/results/stage00/raw/r105C15-alns_exact_charging-2016.json,solutions/r105C15-alns_exact_charging-2016.json
1,rc103C15-alns_exact_charging-2014,rc103C15,2014,ALNS_EXACT_CHARGING,ed23b8344a1ac9c750a7febeb9ff87a2c604215a,False,a920c134e0937b29958056f383656bc6e1444e6359e57c35ced6558f943105f0,51cbd950e7a76acae3add1f93d4c5f3b906f1e0ca5b47f46b068ff4f52e43c4a,2026-07-12T22:33:58.520809+00:00,2026-07-12T22:33:59.517562+00:00,30.0,1000,1,4,397.6698569130491,397.6698569130491,181.15124611347576,70.64898598425555,0.9966026250040159,1000,957,120,43,2640,0.000350509483809164,0,0,0,0,0,0,0,0,feasible,True,,/Users/guoyiyang/Documents/GitHub/FURP-2026-Yiyang-GUO-EVRP-TW/results/stage00/raw/rc103C15-alns_exact_charging-2014.json,solutions/rc103C15-alns_exact_charging-2014.json
1,rc103C15-alns_exact_charging-2015,rc103C15,2015,ALNS_EXACT_CHARGING,ed23b8344a1ac9c750a7febeb9ff87a2c604215a,False,a920c134e0937b29958056f383656bc6e1444e6359e57c35ced6558f943105f0,51cbd950e7a76acae3add1f93d4c5f3b906f1e0ca5b47f46b068ff4f52e43c4a,2026-07-12T22:33:59.517916+00:00,2026-07-12T22:34:00.524815+00:00,30.0,1000,1,4,397.6698569130491,397.6698569130491,181.15124611347576,70.64898598425555,1.0067397090024315,1000,962,119,38,2743,0.0003408756723582758,0,0,0,0,0,0,0,0,feasible,True,,/Users/guoyiyang/Documents/GitHub/FURP-2026-Yiyang-GUO-EVRP-TW/results/stage00/raw/rc103C15-alns_exact_charging-2015.json,solutions/rc103C15-alns_exact_charging-2015.json
1,rc103C15-alns_exact_charging-2016,rc103C15,2016,ALNS_EXACT_CHARGING,ed23b8344a1ac9c750a7febeb9ff87a2c604215a,False,a920c134e0937b29958056f383656bc6e1444e6359e57c35ced6558f943105f0,51cbd950e7a76acae3add1f93d4c5f3b906f1e0ca5b47f46b068ff4f52e43c4a,2026-07-12T22:34:00.525301+00:00,2026-07-12T22:34:01.622128+00:00,30.0,1000,1,4,397.6698569130491,397.6698569130491,173.55824127959784,67.68771409904316,1.0966186250007013,1000,953,115,47,2939,0.00034871412489538507,0,0,0,0,0,0,0,0,feasible,True,,/Users/guoyiyang/Documents/GitHub/FURP-2026-Yiyang-GUO-EVRP-TW/results/stage00/raw/rc103C15-alns_exact_charging-2016.json,solutions/rc103C15-alns_exact_charging-2016.json
1,c101_21-alns_exact_charging-2014,c101_21,2014,ALNS_EXACT_CHARGING,ed23b8344a1ac9c750a7febeb9ff87a2c604215a,False,a920c134e0937b29958056f383656bc6e1444e6359e57c35ced6558f943105f0,c5cda6ca63a7d518902cf4b02d98b4aa0f373aaa0658d5c666d1c46d38871cb9,2026-07-12T22:34:01.624857+00:00,2026-07-12T22:34:31.633070+00:00,30.0,1000,1,14,1234.5032876506266,1234.5032876506266,437.316430132704,1482.5026981498668,30.00792504099809,6,5,2,0,2072,0.014377484358062378,0,0,0,0,0,0,0,0,feasible,True,,/Users/guoyiyang/Documents/GitHub/FURP-2026-Yiyang-GUO-EVRP-TW/results/stage00/raw/c101_21-alns_exact_charging-2014.json,solutions/c101_21-alns_exact_charging-2014.json
1,c101_21-alns_exact_charging-2015,c101_21,2015,ALNS_EXACT_CHARGING,ed23b8344a1ac9c750a7febeb9ff87a2c604215a,False,a920c134e0937b29958056f383656bc6e1444e6359e57c35ced6558f943105f0,c5cda6ca63a7d518902cf4b02d98b4aa0f373aaa0658d5c666d1c46d38871cb9,2026-07-12T22:34:31.633731+00:00,2026-07-12T22:35:01.643639+00:00,30.0,1000,1,14,1237.1389149242236,1237.1389149242236,437.316430132704,1482.5026981498668,30.009614333001082,6,5,1,0,1924,0.015520335989055039,0,0,0,0,0,0,0,0,feasible,True,,/Users/guoyiyang/Documents/GitHub/FURP-2026-Yiyang-GUO-EVRP-TW/results/stage00/raw/c101_21-alns_exact_charging-2015.json,solutions/c101_21-alns_exact_charging-2015.json
1,c101_21-alns_exact_charging-2016,c101_21,2016,ALNS_EXACT_CHARGING,ed23b8344a1ac9c750a7febeb9ff87a2c604215a,False,a920c134e0937b29958056f383656bc6e1444e6359e57c35ced6558f943105f0,c5cda6ca63a7d518902cf4b02d98b4aa0f373aaa0658d5c666d1c46d38871cb9,2026-07-12T22:35:01.644240+00:00,2026-07-12T22:35:31.654517+00:00,30.0,1000,1,14,1237.1389149242236,1237.1389149242236,437.316430132704,1482.5026981498668,30.009974917004,6,5,1,0,1975,0.015118332584856425,0,0,0,0,0,0,0,0,feasible,True,,/Users/guoyiyang/Documents/GitHub/FURP-2026-Yiyang-GUO-EVRP-TW/results/stage00/raw/c101_21-alns_exact_charging-2016.json,solutions/c101_21-alns_exact_charging-2016.json
1,r101_21-alns_exact_charging-2014,r101_21,2014,ALNS_EXACT_CHARGING,ed23b8344a1ac9c750a7febeb9ff87a2c604215a,False,a920c134e0937b29958056f383656bc6e1444e6359e57c35ced6558f943105f0,0e5a3dffffbd3c516b528ef32ba1a488b817d2f151fc3e8c81023814de1c103a,2026-07-12T22:35:31.657407+00:00,2026-07-12T22:36:01.662405+00:00,30.0,1000,1,23,1832.1374527829876,1832.1374527829876,836.9325451726427,401.72762168286846,30.004600667001796,7,6,4,0,2113,0.014112595548454171,0,0,0,0,0,0,0,0,feasible,True,,/Users/guoyiyang/Documents/GitHub/FURP-2026-Yiyang-GUO-EVRP-TW/results/stage00/raw/r101_21-alns_exact_charging-2014.json,solutions/r101_21-alns_exact_charging-2014.json
1,r101_21-alns_exact_charging-2015,r101_21,2015,ALNS_EXACT_CHARGING,ed23b8344a1ac9c750a7febeb9ff87a2c604215a,False,a920c134e0937b29958056f383656bc6e1444e6359e57c35ced6558f943105f0,0e5a3dffffbd3c516b528ef32ba1a488b817d2f151fc3e8c81023814de1c103a,2026-07-12T22:36:01.662987+00:00,2026-07-12T22:36:31.664342+00:00,30.0,1000,1,22,1788.215596960292,1788.215596960292,820.7012314618246,393.93659110167573,30.001003874996968,7,6,4,0,2128,0.014011942328593284,0,0,0,0,0,0,0,0,feasible,True,,/Users/guoyiyang/Documents/GitHub/FURP-2026-Yiyang-GUO-EVRP-TW/results/stage00/raw/r101_21-alns_exact_charging-2015.json,solutions/r101_21-alns_exact_charging-2015.json
1,r101_21-alns_exact_charging-2016,r101_21,2016,ALNS_EXACT_CHARGING,ed23b8344a1ac9c750a7febeb9ff87a2c604215a,False,a920c134e0937b29958056f383656bc6e1444e6359e57c35ced6558f943105f0,0e5a3dffffbd3c516b528ef32ba1a488b817d2f151fc3e8c81023814de1c103a,2026-07-12T22:36:31.664803+00:00,2026-07-12T22:37:01.701733+00:00,30.0,1000,1,28,2091.7770543628476,2091.7770543628476,869.1267414389955,417.18083589071784,30.036535459003062,6,5,3,0,2164,0.013795964211747362,0,0,0,0,0,0,0,0,feasible,True,,/Users/guoyiyang/Documents/GitHub/FURP-2026-Yiyang-GUO-EVRP-TW/results/stage00/raw/r101_21-alns_exact_charging-2016.json,solutions/r101_21-alns_exact_charging-2016.json
1,rc101_21-alns_exact_charging-2014,rc101_21,2014,ALNS_EXACT_CHARGING,ed23b8344a1ac9c750a7febeb9ff87a2c604215a,False,a920c134e0937b29958056f383656bc6e1444e6359e57c35ced6558f943105f0,272a3e58d53d4ba9516f01506164cf8a9b98bfeeb8dbd1fd62f6557e4c98e3a1,2026-07-12T22:37:01.704914+00:00,2026-07-12T22:37:31.727951+00:00,30.0,1000,1,24,2167.8628849589286,2167.8628849589286,889.5892677565344,338.04392174748307,30.022652665997157,7,6,6,0,2338,0.012776815019263822,0,0,0,0,0,0,0,0,feasible,True,,/Users/guoyiyang/Documents/GitHub/FURP-2026-Yiyang-GUO-EVRP-TW/results/stage00/raw/rc101_21-alns_exact_charging-2014.json,solutions/rc101_21-alns_exact_charging-2014.json
1,rc101_21-alns_exact_charging-2015,rc101_21,2015,ALNS_EXACT_CHARGING,ed23b8344a1ac9c750a7febeb9ff87a2c604215a,False,a920c134e0937b29958056f383656bc6e1444e6359e57c35ced6558f943105f0,272a3e58d53d4ba9516f01506164cf8a9b98bfeeb8dbd1fd62f6557e4c98e3a1,2026-07-12T22:37:31.728575+00:00,2026-07-12T22:38:01.730866+00:00,30.0,1000,1,25,2230.920914364931,2230.920914364931,899.7078695468643,341.88899042780844,30.0019495000015,8,7,6,0,2439,0.012238072316474113,0,0,0,0,0,0,0,0,feasible,True,,/Users/guoyiyang/Documents/GitHub/FURP-2026-Yiyang-GUO-EVRP-TW/results/stage00/raw/rc101_21-alns_exact_charging-2015.json,solutions/rc101_21-alns_exact_charging-2015.json
1,rc101_21-alns_exact_charging-2016,rc101_21,2016,ALNS_EXACT_CHARGING,ed23b8344a1ac9c750a7febeb9ff87a2c604215a,False,a920c134e0937b29958056f383656bc6e1444e6359e57c35ced6558f943105f0,272a3e58d53d4ba9516f01506164cf8a9b98bfeeb8dbd1fd62f6557e4c98e3a1,2026-07-12T22:38:01.731536+00:00,2026-07-12T22:38:31.736068+00:00,30.0,1000,1,25,2271.074260613141,2271.074260613141,1050.79597932006,399.30247214162284,30.004172875000222,7,6,3,0,2481,0.012032502646424397,0,0,0,0,0,0,0,0,feasible,True,,/Users/guoyiyang/Documents/GitHub/FURP-2026-Yiyang-GUO-EVRP-TW/results/stage00/raw/rc101_21-alns_exact_charging-2016.json,solutions/rc101_21-alns_exact_charging-2016.json
