instance,metric,runs,best,mean,median,worst,standard_deviation
c101C5,feasibility_rate,3,,1.0,,,
c101C5,vehicle_count,3,3.0,3.0,3.0,3.0,0.0
c101C5,total_distance,3,247.14970649404418,247.14970649404418,247.14970649404418,247.14970649404418,0.0
c101C5,total_energy,3,247.14970649404418,247.14970649404418,247.14970649404418,247.14970649404418,0.0
c101C5,total_charged_energy,3,68.18245235854639,68.18245235854639,68.18245235854639,68.18245235854639,0.0
c101C5,total_charging_time,3,236.593109684156,236.59310968415602,236.593109684156,236.593109684156,0.0
c101C5,runtime_seconds,3,0.01418924999597948,0.014844846999039873,0.014781999998376705,0.015563291002763435,0.0005627074320937026
c101C5,iterations,3,1000.0,1000.0,1000.0,1000.0,0.0
c101C5,accepted_moves,3,998.0,999.3333333333334,1000.0,1000.0,0.9428090415820634
c101C5,improving_moves,3,1.0,2.3333333333333335,3.0,3.0,0.9428090415820634
c101C5,rejected_moves,3,0.0,0.6666666666666666,0.0,2.0,0.9428090415820634
c101C5,charging_subproblem_calls,3,44.0,49.0,49.0,54.0,4.08248290463863
c101C5,charging_subproblem_average_seconds,3,0.0001241393869609705,0.0001251652282216963,0.00012447820501454936,0.000126878092689569,1.219050978516588e-06
c101_21,feasibility_rate,3,,1.0,,,
c101_21,vehicle_count,3,14.0,14.0,14.0,14.0,0.0
c101_21,total_distance,3,1234.5032876506266,1236.2603724996914,1237.1389149242236,1237.1389149242236,1.242446611893785
c101_21,total_energy,3,1234.5032876506266,1236.2603724996914,1237.1389149242236,1237.1389149242236,1.242446611893785
c101_21,total_charged_energy,3,437.316430132704,437.316430132704,437.316430132704,437.316430132704,0.0
c101_21,total_charging_time,3,1482.5026981498668,1482.5026981498668,1482.5026981498668,1482.5026981498668,0.0
c101_21,runtime_seconds,3,30.00792504099809,30.00917143033439,30.009614333001082,30.009974917004,0.0008935397730471633
c101_21,iterations,3,6.0,6.0,6.0,6.0,0.0
c101_21,accepted_moves,3,5.0,5.0,5.0,5.0,0.0
c101_21,improving_moves,3,1.0,1.3333333333333333,1.0,2.0,0.4714045207910317
c101_21,rejected_moves,3,0.0,0.0,0.0,0.0,0.0
c101_21,charging_subproblem_calls,3,1924.0,1990.3333333333333,1975.0,2072.0,61.38584708401622
c101_21,charging_subproblem_average_seconds,3,0.014377484358062378,0.015005384310657947,0.015118332584856425,0.015520335989055039,0.0004733536008094846
c104C10,feasibility_rate,3,,1.0,,,
c104C10,vehicle_count,3,2.0,2.0,2.0,2.0,0.0
c104C10,total_distance,3,273.9312371287162,277.93249174868214,279.9331190586651,279.9331190586651,2.829314275031924
c104C10,total_energy,3,273.9312371287162,277.93249174868214,279.9331190586651,279.9331190586651,2.829314275031924
c104C10,total_charged_energy,3,169.78416126570522,176.74244117435285,180.22158112867666,180.22158112867666,4.9202469087988465
c104C10,total_charging_time,3,589.1510395919971,613.2962708750043,625.368886516508,625.368886516508,17.073256773532012
c104C10,runtime_seconds,3,0.355835416004993,0.4977925970015349,0.3929649170022458,0.7445774579973659,0.17516035638546557
c104C10,iterations,3,1000.0,1000.0,1000.0,1000.0,0.0
c104C10,accepted_moves,3,949.0,965.3333333333334,967.0,980.0,12.710450643291745
c104C10,improving_moves,3,6.0,10.666666666666666,8.0,18.0,5.2493385826745405
c104C10,rejected_moves,3,20.0,34.666666666666664,33.0,51.0,12.710450643291745
c104C10,charging_subproblem_calls,3,737.0,1035.0,763.0,1605.0,403.1906083562298
c104C10,charging_subproblem_average_seconds,3,0.00041749970146903156,0.0004363471581883865,0.00042908050584450157,0.0004624612672516263,1.9061108338198577e-05
c106C15,feasibility_rate,3,,1.0,,,
c106C15,vehicle_count,3,3.0,3.0,3.0,3.0,0.0
c106C15,total_distance,3,275.1331688731623,275.1331688731623,275.1331688731623,275.1331688731623,0.0
c106C15,total_energy,3,275.1331688731623,275.1331688731623,275.1331688731623,275.1331688731623,0.0
c106C15,total_charged_energy,3,126.22178535625447,126.22178535625447,126.22178535625447,126.22178535625447,0.0
c106C15,total_charging_time,3,437.989595186203,437.98959518620296,437.989595186203,437.989595186203,0.0
c106C15,runtime_seconds,3,1.220062375003181,1.3003386806691803,1.2804575420013862,1.4004961250029737,0.07499124078092043
c106C15,iterations,3,1000.0,1000.0,1000.0,1000.0,0.0
c106C15,accepted_moves,3,978.0,979.3333333333334,979.0,981.0,1.247219128924647
c106C15,improving_moves,3,12.0,15.333333333333334,17.0,17.0,2.3570226039551585
c106C15,rejected_moves,3,19.0,20.666666666666668,21.0,22.0,1.247219128924647
c106C15,charging_subproblem_calls,3,3530.0,3681.6666666666665,3638.0,3877.0,144.98812211886724
c106C15,charging_subproblem_average_seconds,3,0.00032535945019973627,0.0003326168881725164,0.00033200378288248864,0.0003404874314353244,6.191169929212187e-06
r101_21,feasibility_rate,3,,1.0,,,
r101_21,vehicle_count,3,22.0,24.333333333333332,23.0,28.0,2.6246692913372702
r101_21,total_distance,3,1788.215596960292,1904.0433680353756,1832.1374527829876,2091.7770543628476,133.95331298952286
r101_21,total_energy,3,1788.215596960292,1904.0433680353756,1832.1374527829876,2091.7770543628476,133.95331298952286
r101_21,total_charged_energy,3,820.7012314618246,842.2535060244876,836.9325451726427,869.1267414389955,20.124478832629343
r101_21,total_charging_time,3,393.93659110167573,404.281682891754,401.72762168286846,417.18083589071784,9.659749839662112
r101_21,runtime_seconds,3,30.001003874996968,30.01404666700061,30.004600667001796,30.036535459003062,0.015969628517464113
r101_21,iterations,3,7.0,6.666666666666667,7.0,6.0,0.4714045207910317
r101_21,accepted_moves,3,5.0,5.666666666666667,6.0,6.0,0.4714045207910317
r101_21,improving_moves,3,3.0,3.6666666666666665,4.0,4.0,0.4714045207910317
r101_21,rejected_moves,3,0.0,0.0,0.0,0.0,0.0
r101_21,charging_subproblem_calls,3,2113.0,2135.0,2128.0,2164.0,21.400934559032695
r101_21,charging_subproblem_average_seconds,3,0.013795964211747362,0.01397350069626494,0.014011942328593284,0.014112595548454171,0.00013209130722909308
r103C10,feasibility_rate,3,,1.0,,,
r103C10,vehicle_count,3,3.0,3.0,3.0,3.0,0.0
r103C10,total_distance,3,202.85268574464004,202.85268574464007,202.85268574464004,202.85268574464004,0.0
r103C10,total_energy,3,202.85268574464004,202.85268574464007,202.85268574464004,202.85268574464004,0.0
r103C10,total_charged_energy,3,62.15853602829506,70.45790254234521,62.15853602829506,87.05663557044551,11.737076683274838
r103C10,total_charging_time,3,30.45768265386458,34.524372245749156,30.45768265386458,42.6577514295183,5.75116757480467
r103C10,runtime_seconds,3,0.5007695000022068,0.5462026526705207,0.526106625002285,0.6117318330070702,0.047476643959617475
r103C10,iterations,3,1000.0,1000.0,1000.0,1000.0,0.0
r103C10,accepted_moves,3,925.0,945.6666666666666,954.0,958.0,14.704496666741852
r103C10,improving_moves,3,55.0,56.666666666666664,57.0,58.0,1.247219128924647
r103C10,rejected_moves,3,42.0,54.333333333333336,46.0,75.0,14.704496666741852
r103C10,charging_subproblem_calls,3,1320.0,1437.3333333333333,1441.0,1551.0,94.34098908863645
r103C10,charging_subproblem_average_seconds,3,0.00033565730050664735,0.0003497500706394647,0.0003474441591055383,0.0003661487523062085,1.2554416997295184e-05
r105C15,feasibility_rate,3,,1.0,,,
r105C15,vehicle_count,3,4.0,4.0,4.0,4.0,0.0
r105C15,total_distance,3,336.1536020996758,336.1536020996758,336.1536020996758,336.1536020996758,0.0
r105C15,total_energy,3,336.1536020996758,336.1536020996758,336.1536020996758,336.1536020996758,0.0
r105C15,total_charged_energy,3,164.66141267798022,164.66141267798022,164.66141267798022,164.66141267798022,0.0
r105C15,total_charging_time,3,80.68409221221032,80.68409221221032,80.68409221221032,80.68409221221032,0.0
r105C15,runtime_seconds,3,1.30388016699726,1.3489460696679696,1.3240390830032993,1.4189189590033493,0.05015807947606325
r105C15,iterations,3,1000.0,1000.0,1000.0,1000.0,0.0
r105C15,accepted_moves,3,976.0,978.0,977.0,981.0,2.160246899469287
r105C15,improving_moves,3,14.0,22.0,24.0,28.0,5.887840577551898
r105C15,rejected_moves,3,19.0,22.0,23.0,24.0,2.160246899469287
r105C15,charging_subproblem_calls,3,2304.0,2365.3333333333335,2321.0,2471.0,75.03924898937149
r105C15,charging_subproblem_average_seconds,3,0.0005405426263930874,0.0005454317831723026,0.0005454941477220738,0.0005502585754017464,3.96676470082076e-06
r105C5,feasibility_rate,3,,1.0,,,
r105C5,vehicle_count,3,2.0,2.0,2.0,2.0,0.0
r105C5,total_distance,3,156.08206946417084,156.08206946417084,156.08206946417084,156.08206946417084,0.0
r105C5,total_energy,3,156.08206946417084,156.08206946417084,156.08206946417084,156.08206946417084,0.0
r105C5,total_charged_energy,3,90.12225090073764,90.12225090073764,90.12225090073764,90.12225090073764,0.0
r105C5,total_charging_time,3,44.159902941361445,44.159902941361445,44.159902941361445,44.159902941361445,0.0
r105C5,runtime_seconds,3,0.011254374992859084,0.011446597328661786,0.011278791993390769,0.011806624999735504,0.0002547730891503462
r105C5,iterations,3,1000.0,1000.0,1000.0,1000.0,0.0
r105C5,accepted_moves,3,1000.0,1000.0,1000.0,1000.0,0.0
r105C5,improving_moves,3,0.0,0.0,0.0,0.0,0.0
r105C5,rejected_moves,3,0.0,0.0,0.0,0.0,0.0
r105C5,charging_subproblem_calls,3,37.0,37.0,37.0,37.0,0.0
r105C5,charging_subproblem_average_seconds,3,9.443686517565889e-05,9.65037573362818e-05,9.549440693336765e-05,9.957999989981888e-05,2.217663917220448e-06
rc101_21,feasibility_rate,3,,1.0,,,
rc101_21,vehicle_count,3,24.0,24.666666666666668,25.0,25.0,0.4714045207910317
rc101_21,total_distance,3,2167.8628849589286,2223.2860199790002,2230.920914364931,2271.074260613141,42.480314855408686
rc101_21,total_energy,3,2167.8628849589286,2223.2860199790002,2230.920914364931,2271.074260613141,42.480314855408686
rc101_21,total_charged_energy,3,889.5892677565344,946.6977055411529,899.7078695468643,1050.79597932006,73.72441693387181
rc101_21,total_charging_time,3,338.04392174748307,359.7451281056381,341.88899042780844,399.30247214162284,28.0152784348713
rc101_21,runtime_seconds,3,30.0019495000015,30.00959168033296,30.004172875000222,30.022652665997157,0.009280009302671326
rc101_21,iterations,3,8.0,7.333333333333333,7.0,7.0,0.4714045207910317
rc101_21,accepted_moves,3,6.0,6.333333333333333,6.0,7.0,0.4714045207910317
rc101_21,improving_moves,3,3.0,5.0,6.0,6.0,1.4142135623730951
rc101_21,rejected_moves,3,0.0,0.0,0.0,0.0,0.0
rc101_21,charging_subproblem_calls,3,2338.0,2419.3333333333335,2439.0,2481.0,60.01296156294535
rc101_21,charging_subproblem_average_seconds,3,0.012032502646424397,0.01234912999405411,0.012238072316474113,0.012776815019263822,0.0003138477156228911
rc102C10,feasibility_rate,3,,1.0,,,
rc102C10,vehicle_count,3,4.0,4.0,4.0,4.0,0.0
rc102C10,total_distance,3,423.5101819239308,423.5101819239308,423.5101819239308,423.5101819239308,0.0
rc102C10,total_energy,3,423.5101819239308,423.5101819239308,423.5101819239308,423.5101819239308,0.0
rc102C10,total_charged_energy,3,177.90413648862793,177.90413648862793,177.90413648862793,177.90413648862793,0.0
rc102C10,total_charging_time,3,69.38261323056489,69.38261323056489,69.38261323056489,69.38261323056489,0.0
rc102C10,runtime_seconds,3,0.13518745799956378,0.13985599966448112,0.139763082996069,0.14461745799781056,0.0038503419867318453
rc102C10,iterations,3,1000.0,1000.0,1000.0,1000.0,0.0
rc102C10,accepted_moves,3,904.0,913.3333333333334,916.0,920.0,6.79869268479038
rc102C10,improving_moves,3,14.0,19.333333333333332,20.0,24.0,4.109609335312651
rc102C10,rejected_moves,3,80.0,86.66666666666667,84.0,96.0,6.79869268479038
rc102C10,charging_subproblem_calls,3,580.0,591.0,584.0,609.0,12.832251036613439
rc102C10,charging_subproblem_average_seconds,3,0.00019566362580948846,0.00020000316929415772,0.00020198131540992062,0.00020236456666306404,3.072506970131555e-06
rc103C15,feasibility_rate,3,,1.0,,,
rc103C15,vehicle_count,3,4.0,4.0,4.0,4.0,0.0
rc103C15,total_distance,3,397.6698569130491,397.66985691304916,397.6698569130491,397.6698569130491,0.0
rc103C15,total_energy,3,397.6698569130491,397.66985691304916,397.6698569130491,397.6698569130491,0.0
rc103C15,total_charged_energy,3,173.55824127959784,178.62024450218314,181.15124611347576,181.15124611347576,3.5793768050782115
rc103C15,total_charging_time,3,67.68771409904316,69.66189535585141,70.64898598425555,70.64898598425555,1.3959569539804986
rc103C15,runtime_seconds,3,0.9966026250040159,1.0333203196690495,1.0067397090024315,1.0966186250007013,0.04494957701982665
rc103C15,iterations,3,1000.0,1000.0,1000.0,1000.0,0.0
rc103C15,accepted_moves,3,953.0,957.3333333333334,957.0,962.0,3.681787005729087
rc103C15,improving_moves,3,115.0,118.0,119.0,120.0,2.160246899469287
rc103C15,rejected_moves,3,38.0,42.666666666666664,43.0,47.0,3.681787005729087
rc103C15,charging_subproblem_calls,3,2640.0,2774.0,2743.0,2939.0,124.01881577674682
rc103C15,charging_subproblem_average_seconds,3,0.0003408756723582758,0.000346699760354275,0.00034871412489538507,0.000350509483809164,4.182967777880313e-06
rc105C5,feasibility_rate,3,,1.0,,,
rc105C5,vehicle_count,3,2.0,2.6666666666666665,3.0,3.0,0.4714045207910317
rc105C5,total_distance,3,238.05223158918278,239.13361835169772,238.05223158918278,241.29639187672765,1.529311825719386
rc105C5,total_energy,3,238.05223158918278,239.13361835169772,238.05223158918278,241.29639187672765,1.529311825719386
rc105C5,total_charged_energy,3,48.97028515826695,83.74921881117645,48.97028515826695,153.30708611699546,49.184839656818674
rc105C5,total_charging_time,3,19.09841121172411,32.66219533635882,19.09841121172411,59.789763585628236,19.182087466159285
rc105C5,runtime_seconds,3,0.01526620900403941,0.019244681000903558,0.021047374997579027,0.02142045900109224,0.002817324675502573
rc105C5,iterations,3,1000.0,1000.0,1000.0,1000.0,0.0
rc105C5,accepted_moves,3,992.0,997.3333333333334,1000.0,1000.0,3.7712361663282534
rc105C5,improving_moves,3,1.0,10.0,4.0,25.0,10.677078252031311
rc105C5,rejected_moves,3,0.0,2.6666666666666665,0.0,8.0,3.7712361663282534
rc105C5,charging_subproblem_calls,3,36.0,59.333333333333336,70.0,72.0,16.519348924485158
rc105C5,charging_subproblem_average_seconds,3,0.0001745022786457816,0.00017766386175088687,0.0001776630285478729,0.00018082627805900606,2.5817620165675323e-06
